UF,Municipio,Mes/Ano de Referencia,Nome do Produto,Categoria,Preco Atual (R$),Preco Referencia Baseline (R$),Status do Semafaro (Cor),Previsao IA (Tendencia Futura),Usa Dado Fallback?,Usa Dado Interpolado?
SP,,2026-07,Abacate Avocado,FRUTAS,4.9700,4.9700,AMARELO,,Nao,Nao
SP,,2026-06,Abacate Avocado,FRUTAS,3.2500,3.2500,AMARELO,,Nao,Nao
SP,,2026-07,Abacate Breda,FRUTAS,2.9600,2.9600,AMARELO,,Nao,Nao
SP,,2026-06,Abacate Breda,FRUTAS,2.7850,2.7850,AMARELO,,Nao,Nao
SP,,2026-06,Abacate Fortuna,FRUTAS,3.2500,3.2500,AMARELO,,Nao,Nao
SP,,2026-07,Abacate Fortuna,FRUTAS,3.0600,3.0600,AMARELO,,Nao,Nao
SP,,2026-06,Abacate Geada,FRUTAS,3.2500,3.2500,AMARELO,,Nao,Nao
SP,,2026-06,Abacate Margarida,FRUTAS,3.2500,3.2500,AMARELO,,Nao,Nao
SP,,2026-07,Abacate Margarida,FRUTAS,2.8600,2.8600,AMARELO,,Nao,Nao
SP,,2026-07,Abacate Quintal,FRUTAS,2.8600,2.8600,AMARELO,,Nao,Nao
SP,,2026-06,Abacate Quintal,FRUTAS,3.2500,3.2500,AMARELO,,Nao,Nao
SP,,2026-05,Abacaxi Havai,FRUTAS,8.6180,10.0827,AMARELO,,Nao,Nao
SP,,2026-04,Abacaxi Havai,FRUTAS,8.6180,10.0827,AMARELO,,Nao,Nao
SP,,2026-03,Abacaxi Havai,FRUTAS,8.6180,10.0827,AMARELO,,Nao,Nao
SP,,2026-02,Abacaxi Havai,FRUTAS,8.6180,10.0827,AMARELO,,Nao,Nao
SP,,2026-01,Abacaxi Havai,FRUTAS,8.6180,10.0827,AMARELO,,Nao,Nao
SP,,2025-12,Abacaxi Havai,FRUTAS,8.6180,10.0827,AMARELO,,Nao,Nao
SP,,2025-11,Abacaxi Havai,FRUTAS,8.6180,10.0827,AMARELO,,Nao,Nao
SP,,2025-10,Abacaxi Havai,FRUTAS,8.6180,10.0827,AMARELO,,Nao,Nao
SP,,2025-09,Abacaxi Havai,FRUTAS,8.6180,10.0827,AMARELO,,Nao,Nao
SP,,2025-08,Abacaxi Havai,FRUTAS,9.7165,10.0827,AMARELO,,Nao,Nao
SP,,2025-07,Abacaxi Havai,FRUTAS,10.8151,10.0827,AMARELO,,Nao,Nao
SP,,2026-06,Abacaxi Pérola,FRUTAS,4.5800,4.5800,AMARELO,,Nao,Nao
SP,,2026-06,Abóbora D´Agua,LEGUMES,2.3500,2.3500,AMARELO,,Nao,Nao
SP,,2026-06,Abóbora Japonesa,LEGUMES,3.0300,3.0300,AMARELO,,Nao,Nao
SP,,2026-07,Abóbora Japonesa,LEGUMES,3.1000,3.1000,AMARELO,,Nao,Nao
SP,,2026-06,Abóbora Moranga,LEGUMES,2.3500,2.3500,AMARELO,,Nao,Nao
SP,,2026-07,Abóbora Moranga,LEGUMES,2.2100,2.2100,AMARELO,,Nao,Nao
SP,,2026-06,Abóbora Paulista,LEGUMES,2.3500,2.3500,AMARELO,,Nao,Nao
SP,,2026-07,Abóbora Paulista,LEGUMES,2.4100,2.4100,AMARELO,,Nao,Nao
SP,,2026-07,Abóbora Seca,LEGUMES,4.0000,4.0000,AMARELO,,Nao,Nao
SP,,2026-06,Abóbora Seca,LEGUMES,2.3500,2.3500,AMARELO,,Nao,Nao
SP,,2026-07,Abobrinha Brasileira,LEGUMES,2.1567,2.1567,AMARELO,,Nao,Nao
SP,,2026-06,Abobrinha Brasileira,LEGUMES,5.5600,5.5600,AMARELO,,Nao,Nao
SP,,2026-06,Abobrinha Italiana,LEGUMES,5.5600,5.5600,AMARELO,,Nao,Nao
SP,,2026-06,Abrótea,PESCADOS,8.2533,8.2533,AMARELO,,Nao,Nao
SP,,2026-07,Abrótea,PESCADOS,8.2133,8.2133,AMARELO,,Nao,Nao
SP,,2026-07,Acelga,VERDURAS,25.7600,25.7600,AMARELO,,Nao,Nao
SP,,2026-06,Acelga,VERDURAS,25.4200,25.4200,AMARELO,,Nao,Nao
SP,,2026-07,Acelga Chinesa,VERDURAS,30.9000,30.9000,AMARELO,,Nao,Nao
SP,,2026-06,Acelga Chinesa,VERDURAS,38.0000,38.0000,AMARELO,,Nao,Nao
SP,,2026-07,Acerola,FRUTAS,22.5000,22.5000,AMARELO,,Nao,Nao
SP,,2026-06,Acerola,FRUTAS,23.6200,23.6200,AMARELO,,Nao,Nao
SP,,2025-06,ACUCAR - CRISTAL,ALIMENTO_VAREJO,4.0600,3.7671,AMARELO,,Nao,Nao
SP,,2025-07,ACUCAR - CRISTAL,ALIMENTO_VAREJO,3.9700,3.7671,AMARELO,,Nao,Nao
SP,,2025-08,ACUCAR - CRISTAL,ALIMENTO_VAREJO,4.0000,3.7671,AMARELO,,Nao,Nao
SP,,2025-09,ACUCAR - CRISTAL,ALIMENTO_VAREJO,3.5700,3.7671,AMARELO,,Nao,Nao
SP,,2025-10,ACUCAR - CRISTAL,ALIMENTO_VAREJO,3.6400,3.7671,AMARELO,,Nao,Nao
SP,,2025-11,ACUCAR - CRISTAL,ALIMENTO_VAREJO,3.5800,3.7671,AMARELO,,Nao,Nao
SP,,2025-12,ACUCAR - CRISTAL,ALIMENTO_VAREJO,3.5500,3.7671,AMARELO,,Nao,Nao
SP,,2026-04,ACUCAR - REFINADO,ALIMENTO_VAREJO,4.0700,4.5543,AMARELO,,Nao,Nao
SP,,2026-03,ACUCAR - REFINADO,ALIMENTO_VAREJO,4.2000,4.5543,AMARELO,,Nao,Nao
SP,,2026-02,ACUCAR - REFINADO,ALIMENTO_VAREJO,4.3800,4.5543,AMARELO,,Nao,Nao
SP,,2026-01,ACUCAR - REFINADO,ALIMENTO_VAREJO,4.5400,4.5543,AMARELO,,Nao,Nao
SP,,2025-12,ACUCAR - REFINADO,ALIMENTO_VAREJO,4.5600,4.5543,AMARELO,,Nao,Nao
SP,,2025-11,ACUCAR - REFINADO,ALIMENTO_VAREJO,4.6300,4.5543,AMARELO,,Nao,Nao
SP,,2025-10,ACUCAR - REFINADO,ALIMENTO_VAREJO,4.7000,4.5543,AMARELO,,Nao,Nao
SP,,2025-09,ACUCAR - REFINADO,ALIMENTO_VAREJO,4.7600,4.5543,AMARELO,,Nao,Nao
SP,,2025-08,ACUCAR - REFINADO,ALIMENTO_VAREJO,4.4700,4.5543,AMARELO,,Nao,Nao
SP,,2025-07,ACUCAR - REFINADO,ALIMENTO_VAREJO,4.4000,4.5543,AMARELO,,Nao,Nao
SP,,2025-06,ACUCAR - REFINADO,ALIMENTO_VAREJO,4.3600,4.5543,AMARELO,,Nao,Nao
SP,,2026-07,Agrião,VERDURAS,66.0100,66.0100,AMARELO,,Nao,Nao
SP,,2026-06,Agrião,VERDURAS,65.0500,65.0500,AMARELO,,Nao,Nao
SP,,2026-07,Agrião Hidropônico,VERDURAS,35.3100,35.3100,AMARELO,,Nao,Nao
SP,,2026-06,Agrião Hidropônico,VERDURAS,37.3800,37.3800,AMARELO,,Nao,Nao
SP,,2026-07,Alcachofra,LEGUMES,32.7900,32.7900,AMARELO,,Nao,Nao
SP,,2026-06,Alcachofra,LEGUMES,24.4000,24.4000,AMARELO,,Nao,Nao
SP,,2026-06,Alecrim,VERDURAS,5.3000,5.3000,AMARELO,,Nao,Nao
SP,,2026-07,Alecrim,VERDURAS,5.8200,5.8200,AMARELO,,Nao,Nao
SP,,2026-06,Alface Americana,VERDURAS,30.0000,30.0000,AMARELO,,Nao,Nao
SP,,2026-07,Alface Americana,VERDURAS,36.2860,36.2860,AMARELO,,Nao,Nao
SP,,2026-06,Alface Crespa,VERDURAS,30.0000,30.0000,AMARELO,,Nao,Nao
SP,,2026-07,Alface Crespa Hidropônica,VERDURAS,38.0200,38.0200,AMARELO,,Nao,Nao
SP,,2026-06,Alface Crespa Hidropônica,VERDURAS,39.8400,39.8400,AMARELO,,Nao,Nao
SP,,2026-06,Alface Lisa,VERDURAS,30.0000,30.0000,AMARELO,,Nao,Nao
SP,,2026-06,Alface Lisa Hidropônica,VERDURAS,40.3100,40.3100,AMARELO,,Nao,Nao
SP,,2026-07,Alface Lisa Hidropônica,VERDURAS,41.0800,41.0800,AMARELO,,Nao,Nao
SP,,2026-06,Alface Mimosa,VERDURAS,30.6700,30.6700,AMARELO,,Nao,Nao
SP,,2026-06,Alface Mimosa Hidropônica,VERDURAS,38.9100,38.9100,AMARELO,,Nao,Nao
SP,,2026-07,Alface Mimosa Hidropônica,VERDURAS,38.8200,38.8200,AMARELO,,Nao,Nao
SP,,2026-06,Alface Romana,VERDURAS,30.0000,30.0000,AMARELO,,Nao,Nao
SP,,2026-07,Alface Romana,VERDURAS,40.5500,40.5500,AMARELO,,Nao,Nao
SP,,2026-06,Alface Romana Hidropônica,VERDURAS,30.0000,30.0000,AMARELO,,Nao,Nao
SP,,2026-06,Alfavaca,VERDURAS,5.3200,5.3200,AMARELO,,Nao,Nao
SP,,2026-07,Alfavaca,VERDURAS,6.0000,6.0000,AMARELO,,Nao,Nao
SP,,2026-06,Alho Importado,ALIMENTO_VAREJO,18.0000,18.0000,AMARELO,,Nao,Nao
SP,,2026-06,Alho Importado Argentina,ALIMENTO_VAREJO,18.0000,18.0000,AMARELO,,Nao,Nao
SP,,2026-07,Alho Importado Argentina,ALIMENTO_VAREJO,16.5000,16.5000,AMARELO,,Nao,Nao
SP,,2026-06,Alho Importado China,ALIMENTO_VAREJO,18.0000,18.0000,AMARELO,,Nao,Nao
SP,,2026-07,Alho Importado Estados Unidos,ALIMENTO_VAREJO,16.5000,16.5000,AMARELO,,Nao,Nao
SP,,2026-06,Alho Importado Estados Unidos,ALIMENTO_VAREJO,15.8300,15.8300,AMARELO,,Nao,Nao
SP,,2026-06,Alho Nacional,ALIMENTO_VAREJO,18.0000,18.0000,AMARELO,,Nao,Nao
SP,,2026-07,Alho Nacional,ALIMENTO_VAREJO,20.5825,20.5825,AMARELO,,Nao,Nao
SP,,2026-06,Alho Porro,VERDURAS,51.7400,51.7400,AMARELO,,Nao,Nao
SP,,2026-07,Alho Porro,VERDURAS,70.8700,70.8700,AMARELO,,Nao,Nao
SP,,2026-07,Almeirão,VERDURAS,28.9900,28.9900,AMARELO,,Nao,Nao
SP,,2026-06,Almeirão,VERDURAS,29.8700,29.8700,AMARELO,,Nao,Nao
SP,,2026-06,Almeirão Hidropônico,VERDURAS,33.0000,33.0000,AMARELO,,Nao,Nao
SP,,2026-07,Almeirão Hidropônico,VERDURAS,33.0000,33.0000,AMARELO,,Nao,Nao
SP,,2026-06,Almeirão Pão de Açucar,VERDURAS,25.2000,25.2000,AMARELO,,Nao,Nao
SP,,2026-07,Almeirão Pão de Açucar,VERDURAS,21.0600,21.0600,AMARELO,,Nao,Nao
SP,,2026-07,Ameixa Imp. Americana,FRUTAS,26.2500,26.2500,AMARELO,,Nao,Nao
SP,,2025-09,Ameixa Imp. Argentina,FRUTAS,72.8150,72.8150,AMARELO,,Nao,Nao
SP,,2025-11,Ameixa Imp. Argentina,FRUTAS,72.8150,72.8150,AMARELO,,Nao,Nao
SP,,2025-12,Ameixa Imp. Argentina,FRUTAS,72.8150,72.8150,AMARELO,,Nao,Nao
SP,,2026-01,Ameixa Imp. Argentina,FRUTAS,72.8150,72.8150,AMARELO,,Nao,Nao
SP,,2026-02,Ameixa Imp. Argentina,FRUTAS,72.8150,72.8150,AMARELO,,Nao,Nao
SP,,2026-03,Ameixa Imp. Argentina,FRUTAS,72.8150,72.8150,AMARELO,,Nao,Nao
SP,,2026-04,Ameixa Imp. Argentina,FRUTAS,72.8150,72.8150,AMARELO,,Nao,Nao
SP,,2026-05,Ameixa Imp. Argentina,FRUTAS,72.8150,72.8150,AMARELO,,Nao,Nao
SP,,2025-01,Ameixa Imp. Argentina,FRUTAS,72.8150,72.8150,AMARELO,,Nao,Nao
SP,,2026-07,Ameixa Imp. Argentina,FRUTAS,72.8150,72.8150,AMARELO,,Nao,Nao
SP,,2026-06,Ameixa Imp. Argentina,FRUTAS,72.8150,72.8150,AMARELO,,Nao,Nao
SP,,2025-06,Ameixa Imp. Argentina,FRUTAS,72.8150,72.8150,AMARELO,,Nao,Nao
SP,,2025-07,Ameixa Imp. Argentina,FRUTAS,72.8150,72.8150,AMARELO,,Nao,Nao
SP,,2025-08,Ameixa Imp. Argentina,FRUTAS,72.8150,72.8150,AMARELO,,Nao,Nao
SP,,2025-10,Ameixa Imp. Argentina,FRUTAS,72.8150,72.8150,AMARELO,,Nao,Nao
SP,,2025-02,Ameixa Imp. Argentina,FRUTAS,72.8150,72.8150,AMARELO,,Nao,Nao
SP,,2025-03,Ameixa Imp. Argentina,FRUTAS,72.8150,72.8150,AMARELO,,Nao,Nao
SP,,2025-04,Ameixa Imp. Argentina,FRUTAS,72.8150,72.8150,AMARELO,,Nao,Nao
SP,,2025-05,Ameixa Imp. Argentina,FRUTAS,72.8150,72.8150,AMARELO,,Nao,Nao
SP,,2026-07,Ameixa Imp. Chilena,FRUTAS,26.2500,26.2500,AMARELO,,Nao,Nao
SP,,2026-07,Ameixa Imp. Espanhola,FRUTAS,26.2500,26.2500,AMARELO,,Nao,Nao
SP,,2026-06,Ameixa Nacional,FRUTAS,3.5400,3.5400,AMARELO,,Nao,Nao
SP,,2026-07,Ameixa Seca Importada,FRUTAS,29.0000,29.0000,AMARELO,,Nao,Nao
SP,,2026-06,Amendoim com Casca,ALIMENTO_VAREJO,7.3800,7.3800,AMARELO,,Nao,Nao
SP,,2026-07,Amendoim com Casca,ALIMENTO_VAREJO,7.7800,7.7800,AMARELO,,Nao,Nao
SP,,2026-06,Amendoim sem Casca,ALIMENTO_VAREJO,7.3400,7.3400,AMARELO,,Nao,Nao
SP,,2026-07,Amendoim sem Casca,ALIMENTO_VAREJO,7.7800,7.7800,AMARELO,,Nao,Nao
SP,,2026-07,Amora,FRUTAS,28.0000,28.0000,AMARELO,,Nao,Nao
SP,,2026-07,Anchova,PESCADOS,22.0000,22.0000,AMARELO,,Nao,Nao
SP,,2026-06,Anchova,PESCADOS,19.5000,19.5000,AMARELO,,Nao,Nao
SP,,2026-05,ACUCAR - REFINADO,ALIMENTO_VAREJO,3.9300,4.5543,AMARELO,ESTAVEL,Nao,Nao
SP,,2026-05,FEIJAO - COMUM CORES TIPO 1,ALIMENTO_VAREJO,9.3800,5.9629,VERMELHO,ALTA,Nao,Nao
SP,,2025-09,ARROZ - LONGO FINO TIPO 1 58,CEREAIS_GRAOS,1.3500,1.2943,AMARELO,,Nao,Nao
SP,,2025-10,ARROZ - LONGO FINO TIPO 1 58,CEREAIS_GRAOS,1.2300,1.2943,AMARELO,,Nao,Nao
SP,,2025-11,ARROZ - LONGO FINO TIPO 1 58,CEREAIS_GRAOS,1.1400,1.2943,AMARELO,,Nao,Nao
SP,,2026-03,ARROZ - LONGO FINO TIPO 1 58,CEREAIS_GRAOS,1.2700,1.2943,AMARELO,,Nao,Nao
SP,,2026-04,ARROZ - LONGO FINO TIPO 1 58,CEREAIS_GRAOS,1.3700,1.2943,AMARELO,,Nao,Nao
SP,GUARATINGUETÁ-SP,2025-06,ARROZ - LONGO FINO TIPO 1 58,CEREAIS_GRAOS,1.3600,1.2943,AMARELO,,Nao,Nao
SP,GUARATINGUETÁ-SP,2025-07,ARROZ - LONGO FINO TIPO 1 58,CEREAIS_GRAOS,1.3800,1.2943,AMARELO,,Nao,Nao
SP,GUARATINGUETÁ-SP,2025-09,ARROZ - LONGO FINO TIPO 1 58,CEREAIS_GRAOS,1.3500,1.2943,AMARELO,,Nao,Nao
SP,GUARATINGUETÁ-SP,2025-10,ARROZ - LONGO FINO TIPO 1 58,CEREAIS_GRAOS,1.2300,1.2943,AMARELO,,Nao,Nao
SP,GUARATINGUETÁ-SP,2025-11,ARROZ - LONGO FINO TIPO 1 58,CEREAIS_GRAOS,1.1400,1.2943,AMARELO,,Nao,Nao
SP,,2025-06,ARROZ - LONGO FINO TIPO 1 58,CEREAIS_GRAOS,1.3600,1.2943,AMARELO,,Nao,Nao
SP,,2025-07,ARROZ - LONGO FINO TIPO 1 58,CEREAIS_GRAOS,1.3800,1.2943,AMARELO,,Nao,Nao
SP,,2026-05,MILHO - EM GRÃOS,LEGUMES,0.9900,1.0043,AMARELO,ALTA,Nao,Nao
SP,,2026-04,ARROZ - LONGO FINO TIPO 1 BE,CEREAIS_GRAOS,4.5000,4.4229,AMARELO,,Nao,Nao
SP,,2026-03,ARROZ - LONGO FINO TIPO 1 BE,CEREAIS_GRAOS,4.3700,4.4229,AMARELO,,Nao,Nao
SP,,2026-02,ARROZ - LONGO FINO TIPO 1 BE,CEREAIS_GRAOS,4.3800,4.4229,AMARELO,,Nao,Nao
SP,,2026-01,ARROZ - LONGO FINO TIPO 1 BE,CEREAIS_GRAOS,4.4500,4.4229,AMARELO,,Nao,Nao
SP,,2025-12,ARROZ - LONGO FINO TIPO 1 BE,CEREAIS_GRAOS,4.5500,4.4229,AMARELO,,Nao,Nao
SP,,2025-09,ARROZ - LONGO FINO TIPO 1 BE,CEREAIS_GRAOS,4.9500,4.4229,AMARELO,,Nao,Nao
SP,,2025-08,ARROZ - LONGO FINO TIPO 1 BE,CEREAIS_GRAOS,4.7100,4.4229,AMARELO,,Nao,Nao
SP,,2025-07,ARROZ - LONGO FINO TIPO 1 BE,CEREAIS_GRAOS,4.8600,4.4229,AMARELO,,Nao,Nao
SP,,2025-06,ARROZ - LONGO FINO TIPO 1 BE,CEREAIS_GRAOS,4.5700,4.4229,AMARELO,,Nao,Nao
SP,SÃO PAULO-SP,2026-04,ARROZ - LONGO FINO TIPO 1 BE,CEREAIS_GRAOS,4.5000,4.2414,AMARELO,,Nao,Nao
SP,SÃO PAULO-SP,2026-03,ARROZ - LONGO FINO TIPO 1 BE,CEREAIS_GRAOS,4.3700,4.2414,AMARELO,,Nao,Nao
SP,SÃO PAULO-SP,2026-02,ARROZ - LONGO FINO TIPO 1 BE,CEREAIS_GRAOS,4.3800,4.2414,AMARELO,,Nao,Nao
SP,SÃO PAULO-SP,2026-01,ARROZ - LONGO FINO TIPO 1 BE,CEREAIS_GRAOS,4.4500,4.2414,AMARELO,,Nao,Nao
SP,SÃO PAULO-SP,2025-12,ARROZ - LONGO FINO TIPO 1 BE,CEREAIS_GRAOS,3.6200,4.2414,AMARELO,,Nao,Nao
SP,SÃO PAULO-SP,2025-10,ARROZ - LONGO FINO TIPO 1 BE,CEREAIS_GRAOS,3.7500,4.2414,AMARELO,,Nao,Nao
SP,SÃO PAULO-SP,2025-09,ARROZ - LONGO FINO TIPO 1 BE,CEREAIS_GRAOS,3.9800,4.2414,AMARELO,,Nao,Nao
SP,SÃO PAULO-SP,2025-08,ARROZ - LONGO FINO TIPO 1 BE,CEREAIS_GRAOS,4.7100,4.2414,AMARELO,,Nao,Nao
SP,SÃO PAULO-SP,2025-07,ARROZ - LONGO FINO TIPO 1 BE,CEREAIS_GRAOS,4.8600,4.2414,AMARELO,,Nao,Nao
SP,OURINHOS-SP,2026-05,MILHO - EM GRÃOS,LEGUMES,0.9800,1.0957,AMARELO,ALTA,Nao,Nao
SP,SÃO PAULO-SP,2025-11,ARROZ - PARBOILIZADO LONGO F,CEREAIS_GRAOS,3.9500,4.3671,AMARELO,,Nao,Nao
SP,SÃO PAULO-SP,2025-10,ARROZ - PARBOILIZADO LONGO F,CEREAIS_GRAOS,4.2300,4.3671,AMARELO,,Nao,Nao
SP,SÃO PAULO-SP,2025-09,ARROZ - PARBOILIZADO LONGO F,CEREAIS_GRAOS,4.5300,4.3671,AMARELO,,Nao,Nao
SP,SÃO PAULO-SP,2025-08,ARROZ - PARBOILIZADO LONGO F,CEREAIS_GRAOS,4.3200,4.3671,AMARELO,,Nao,Nao
SP,SÃO PAULO-SP,2025-07,ARROZ - PARBOILIZADO LONGO F,CEREAIS_GRAOS,4.9000,4.3671,AMARELO,,Nao,Nao
SP,SÃO PAULO-SP,2025-06,ARROZ - PARBOILIZADO LONGO F,CEREAIS_GRAOS,4.9200,4.3671,AMARELO,,Nao,Nao
SP,,2025-10,ARROZ - PARBOILIZADO LONGO F,CEREAIS_GRAOS,4.2300,4.3671,AMARELO,,Nao,Nao
SP,,2025-12,ARROZ - PARBOILIZADO LONGO F,CEREAIS_GRAOS,3.7200,4.3671,AMARELO,,Nao,Nao
SP,,2025-11,ARROZ - PARBOILIZADO LONGO F,CEREAIS_GRAOS,3.9500,4.3671,AMARELO,,Nao,Nao
SP,,2025-09,ARROZ - PARBOILIZADO LONGO F,CEREAIS_GRAOS,4.5300,4.3671,AMARELO,,Nao,Nao
SP,,2025-08,ARROZ - PARBOILIZADO LONGO F,CEREAIS_GRAOS,4.3200,4.3671,AMARELO,,Nao,Nao
SP,,2025-07,ARROZ - PARBOILIZADO LONGO F,CEREAIS_GRAOS,4.9000,4.3671,AMARELO,,Nao,Nao
SP,,2025-06,ARROZ - PARBOILIZADO LONGO F,CEREAIS_GRAOS,4.9200,4.3671,AMARELO,,Nao,Nao
SP,SÃO PAULO-SP,2025-12,ARROZ - PARBOILIZADO LONGO F,CEREAIS_GRAOS,3.7200,4.3671,AMARELO,,Nao,Nao
SP,,2026-07,Aspargo,VERDURAS,33.0000,33.0000,AMARELO,,Nao,Nao
SP,,2026-06,Aspargo,VERDURAS,33.0000,33.0000,AMARELO,,Nao,Nao
SP,,2026-07,Atemoia,FRUTAS,8.8767,8.8767,AMARELO,,Nao,Nao
SP,,2026-06,Atemoia,FRUTAS,8.0767,8.0767,AMARELO,,Nao,Nao
SP,,2026-06,Atum,PESCADOS,26.4833,26.4833,AMARELO,,Nao,Nao
SP,,2026-07,Atum,PESCADOS,20.4750,20.4750,AMARELO,,Nao,Nao
SP,,2026-06,Bagre Água Salgada,PESCADOS,10.3800,10.3800,AMARELO,,Nao,Nao
SP,,2026-07,Bagre Água Salgada,PESCADOS,11.7900,11.7900,AMARELO,,Nao,Nao
SP,SÃO PAULO-SP,2026-04,BANANA - NANICA,FRUTAS,1.0400,0.9800,AMARELO,,Sim,Nao
SP,SÃO PAULO-SP,2026-03,BANANA - NANICA,FRUTAS,1.0200,0.9800,AMARELO,,Sim,Nao
SP,SÃO PAULO-SP,2026-02,BANANA - NANICA,FRUTAS,1.0000,0.9800,AMARELO,,Sim,Nao
SP,SÃO PAULO-SP,2026-01,BANANA - NANICA,FRUTAS,1.0200,0.9800,AMARELO,,Sim,Nao
SP,SÃO PAULO-SP,2025-12,BANANA - NANICA,FRUTAS,1.0800,0.9800,AMARELO,,Sim,Nao
SP,SÃO PAULO-SP,2025-11,BANANA - NANICA,FRUTAS,1.0600,0.9800,AMARELO,,Sim,Nao
SP,SÃO PAULO-SP,2025-10,BANANA - NANICA,FRUTAS,1.0500,0.9800,AMARELO,,Sim,Nao
SP,SÃO PAULO-SP,2025-09,BANANA - NANICA,FRUTAS,1.0000,0.9800,AMARELO,,Sim,Nao
SP,,2026-01,BANANA - NANICA,FRUTAS,1.0200,0.9800,AMARELO,,Sim,Nao
SP,,2025-12,BANANA - NANICA,FRUTAS,1.0800,0.9800,AMARELO,,Sim,Nao
SP,,2025-11,BANANA - NANICA,FRUTAS,1.0600,0.9800,AMARELO,,Sim,Nao
SP,,2025-10,BANANA - NANICA,FRUTAS,1.0500,0.9800,AMARELO,,Sim,Nao
SP,,2025-09,BANANA - NANICA,FRUTAS,1.0000,0.9800,AMARELO,,Sim,Nao
SP,,2026-03,BANANA - NANICA,FRUTAS,1.0200,0.9800,AMARELO,,Sim,Nao
SP,,2026-02,BANANA - NANICA,FRUTAS,1.0000,0.9800,AMARELO,,Sim,Nao
SP,,2026-04,BANANA - NANICA,FRUTAS,1.0400,0.9800,AMARELO,,Sim,Nao
SP,SÃO PAULO-SP,2026-05,BANANA - PRATA,FRUTAS,0.9000,1.0511,AMARELO,,Sim,Nao
SP,SÃO PAULO-SP,2026-04,BANANA - PRATA,FRUTAS,1.0700,1.0511,AMARELO,,Sim,Nao
SP,SÃO PAULO-SP,2026-03,BANANA - PRATA,FRUTAS,1.0500,1.0511,AMARELO,,Sim,Nao
SP,SÃO PAULO-SP,2026-02,BANANA - PRATA,FRUTAS,1.1000,1.0511,AMARELO,,Sim,Nao
SP,SÃO PAULO-SP,2026-01,BANANA - PRATA,FRUTAS,1.1000,1.0511,AMARELO,,Sim,Nao
SP,SÃO PAULO-SP,2025-12,BANANA - PRATA,FRUTAS,1.0800,1.0511,AMARELO,,Sim,Nao
SP,SÃO PAULO-SP,2025-11,BANANA - PRATA,FRUTAS,1.0400,1.0511,AMARELO,,Sim,Nao
SP,SÃO PAULO-SP,2025-10,BANANA - PRATA,FRUTAS,1.0700,1.0511,AMARELO,,Sim,Nao
SP,SÃO PAULO-SP,2025-09,BANANA - PRATA,FRUTAS,1.0500,1.0511,AMARELO,,Sim,Nao
SP,REGISTRO-SP,2025-10,BANANA - PRATA,FRUTAS,2.7800,3.0643,AMARELO,,Nao,Nao
SP,REGISTRO-SP,2025-09,BANANA - PRATA,FRUTAS,3.2000,3.0643,AMARELO,,Nao,Nao
SP,REGISTRO-SP,2025-08,BANANA - PRATA,FRUTAS,2.9900,3.0643,AMARELO,,Nao,Nao
SP,REGISTRO-SP,2025-07,BANANA - PRATA,FRUTAS,2.9600,3.0643,AMARELO,,Nao,Nao
SP,REGISTRO-SP,2025-06,BANANA - PRATA,FRUTAS,2.6400,3.0643,AMARELO,,Nao,Nao
SP,,2025-11,BANANA - PRATA,FRUTAS,2.6000,2.3000,AMARELO,,Nao,Nao
SP,,2025-06,BANANA - PRATA,FRUTAS,2.6400,2.3000,AMARELO,,Nao,Nao
SP,,2026-06,Banana Maçã,FRUTAS,3.7500,3.7500,AMARELO,,Nao,Nao
SP,,2026-07,Banana Maçã,FRUTAS,5.5667,5.5667,AMARELO,,Nao,Nao
SP,,2026-05,Banana Nanica,FRUTAS,17.4125,17.4125,AMARELO,,Nao,Nao
SP,,2025-01,Banana Nanica,FRUTAS,17.4125,17.4125,AMARELO,,Nao,Nao
SP,,2025-02,Banana Nanica,FRUTAS,17.4125,17.4125,AMARELO,,Nao,Nao
SP,,2025-03,Banana Nanica,FRUTAS,17.4125,17.4125,AMARELO,,Nao,Nao
SP,,2025-04,Banana Nanica,FRUTAS,17.4125,17.4125,AMARELO,,Nao,Nao
SP,,2025-05,Banana Nanica,FRUTAS,17.4125,17.4125,AMARELO,,Nao,Nao
SP,,2025-06,Banana Nanica,FRUTAS,17.4125,17.4125,AMARELO,,Nao,Nao
SP,,2025-07,Banana Nanica,FRUTAS,17.4125,17.4125,AMARELO,,Nao,Nao
SP,,2025-08,Banana Nanica,FRUTAS,17.4125,17.4125,AMARELO,,Nao,Nao
SP,,2025-09,Banana Nanica,FRUTAS,17.4125,17.4125,AMARELO,,Nao,Nao
SP,,2025-10,Banana Nanica,FRUTAS,17.4125,17.4125,AMARELO,,Nao,Nao
SP,,2025-11,Banana Nanica,FRUTAS,17.4125,17.4125,AMARELO,,Nao,Nao
SP,,2025-12,Banana Nanica,FRUTAS,17.4125,17.4125,AMARELO,,Nao,Nao
SP,,2026-01,Banana Nanica,FRUTAS,17.4125,17.4125,AMARELO,,Nao,Nao
SP,,2026-02,Banana Nanica,FRUTAS,17.4125,17.4125,AMARELO,,Nao,Nao
SP,,2026-03,Banana Nanica,FRUTAS,17.4125,17.4125,AMARELO,,Nao,Nao
SP,,2026-04,Banana Nanica,FRUTAS,17.4125,17.4125,AMARELO,,Nao,Nao
SP,,2026-06,Banana Nanica,FRUTAS,17.4125,17.4125,AMARELO,,Nao,Nao
SP,,2026-07,Banana Nanica,FRUTAS,17.4125,17.4125,AMARELO,,Nao,Nao
SP,,2026-06,Banana Ouro,FRUTAS,8.0000,8.0000,AMARELO,,Nao,Nao
SP,,2026-07,Banana Ouro,FRUTAS,8.0000,8.0000,AMARELO,,Nao,Nao
SP,,2025-01,Banana Prata MG,FRUTAS,36.2800,36.2800,AMARELO,,Nao,Nao
SP,,2025-02,Banana Prata MG,FRUTAS,36.2800,36.2800,AMARELO,,Nao,Nao
SP,,2025-03,Banana Prata MG,FRUTAS,36.2800,36.2800,AMARELO,,Nao,Nao
SP,,2025-04,Banana Prata MG,FRUTAS,36.2800,36.2800,AMARELO,,Nao,Nao
SP,,2025-05,Banana Prata MG,FRUTAS,36.2800,36.2800,AMARELO,,Nao,Nao
SP,,2025-06,Banana Prata MG,FRUTAS,36.2800,36.2800,AMARELO,,Nao,Nao
SP,,2025-07,Banana Prata MG,FRUTAS,36.2800,36.2800,AMARELO,,Nao,Nao
SP,,2025-08,Banana Prata MG,FRUTAS,36.2800,36.2800,AMARELO,,Nao,Nao
SP,,2025-09,Banana Prata MG,FRUTAS,36.2800,36.2800,AMARELO,,Nao,Nao
SP,,2025-10,Banana Prata MG,FRUTAS,36.2800,36.2800,AMARELO,,Nao,Nao
SP,,2025-11,Banana Prata MG,FRUTAS,36.2800,36.2800,AMARELO,,Nao,Nao
SP,,2025-12,Banana Prata MG,FRUTAS,36.2800,36.2800,AMARELO,,Nao,Nao
SP,,2026-01,Banana Prata MG,FRUTAS,36.2800,36.2800,AMARELO,,Nao,Nao
SP,,2026-02,Banana Prata MG,FRUTAS,36.2800,36.2800,AMARELO,,Nao,Nao
SP,,2026-03,Banana Prata MG,FRUTAS,36.2800,36.2800,AMARELO,,Nao,Nao
SP,,2026-04,Banana Prata MG,FRUTAS,36.2800,36.2800,AMARELO,,Nao,Nao
SP,,2026-05,Banana Prata MG,FRUTAS,36.2800,36.2800,AMARELO,,Nao,Nao
SP,,2025-03,Banana Prata SP,FRUTAS,23.0220,23.0220,AMARELO,,Nao,Nao
SP,,2026-05,Banana Prata SP,FRUTAS,23.0220,23.0220,AMARELO,,Nao,Nao
SP,,2026-04,Banana Prata SP,FRUTAS,23.0220,23.0220,AMARELO,,Nao,Nao
SP,,2026-03,Banana Prata SP,FRUTAS,23.0220,23.0220,AMARELO,,Nao,Nao
SP,,2026-02,Banana Prata SP,FRUTAS,23.0220,23.0220,AMARELO,,Nao,Nao
SP,,2026-01,Banana Prata SP,FRUTAS,23.0220,23.0220,AMARELO,,Nao,Nao
SP,,2025-12,Banana Prata SP,FRUTAS,23.0220,23.0220,AMARELO,,Nao,Nao
SP,,2025-11,Banana Prata SP,FRUTAS,23.0220,23.0220,AMARELO,,Nao,Nao
SP,,2025-10,Banana Prata SP,FRUTAS,23.0220,23.0220,AMARELO,,Nao,Nao
SP,,2025-09,Banana Prata SP,FRUTAS,23.0220,23.0220,AMARELO,,Nao,Nao
SP,,2025-08,Banana Prata SP,FRUTAS,23.0220,23.0220,AMARELO,,Nao,Nao
SP,,2025-07,Banana Prata SP,FRUTAS,23.0220,23.0220,AMARELO,,Nao,Nao
SP,,2025-06,Banana Prata SP,FRUTAS,23.0220,23.0220,AMARELO,,Nao,Nao
SP,,2025-05,Banana Prata SP,FRUTAS,23.0220,23.0220,AMARELO,,Nao,Nao
SP,,2025-04,Banana Prata SP,FRUTAS,23.0220,23.0220,AMARELO,,Nao,Nao
SP,,2025-02,Banana Prata SP,FRUTAS,23.0220,23.0220,AMARELO,,Nao,Nao
SP,,2025-01,Banana Prata SP,FRUTAS,23.0220,23.0220,AMARELO,,Nao,Nao
SP,ANHUMAS-SP,2025-12,BATATA-DOCE - NÃO INFORMADO,LEGUMES,0.2900,0.2786,AMARELO,,Nao,Nao
SP,ANHUMAS-SP,2025-09,BATATA-DOCE - NÃO INFORMADO,LEGUMES,0.3200,0.2786,AMARELO,,Nao,Nao
SP,,2025-12,BATATA-DOCE - NÃO INFORMADO,LEGUMES,0.2900,0.2786,AMARELO,,Nao,Nao
SP,,2025-09,BATATA-DOCE - NÃO INFORMADO,LEGUMES,0.3200,0.2786,AMARELO,,Nao,Nao
SP,,2025-10,BATATA - NÃO INFORMADO,LEGUMES,5.7800,6.6267,AMARELO,,Sim,Nao
SP,SÃO PAULO-SP,2025-10,BATATA - NÃO INFORMADO,LEGUMES,5.7800,6.6267,AMARELO,,Sim,Nao
SP,SÃO PAULO-SP,2026-04,BATATA - NÃO INFORMADO,LEGUMES,7.1700,6.6267,AMARELO,,Sim,Nao
SP,SÃO PAULO-SP,2026-03,BATATA - NÃO INFORMADO,LEGUMES,6.7000,6.6267,AMARELO,,Sim,Nao
SP,SÃO PAULO-SP,2026-02,BATATA - NÃO INFORMADO,LEGUMES,6.2300,6.6267,AMARELO,,Sim,Nao
SP,SÃO PAULO-SP,2026-01,BATATA - NÃO INFORMADO,LEGUMES,6.2400,6.6267,AMARELO,,Sim,Nao
SP,SÃO PAULO-SP,2025-12,BATATA - NÃO INFORMADO,LEGUMES,6.2600,6.6267,AMARELO,,Sim,Nao
SP,,2026-02,BATATA - NÃO INFORMADO,LEGUMES,6.2300,6.6267,AMARELO,,Sim,Nao
SP,,2026-03,BATATA - NÃO INFORMADO,LEGUMES,6.7000,6.6267,AMARELO,,Sim,Nao
SP,,2026-04,BATATA - NÃO INFORMADO,LEGUMES,7.1700,6.6267,AMARELO,,Sim,Nao
SP,,2026-01,BATATA - NÃO INFORMADO,LEGUMES,6.2400,6.6267,AMARELO,,Sim,Nao
SP,,2025-12,BATATA - NÃO INFORMADO,LEGUMES,6.2600,6.6267,AMARELO,,Sim,Nao
SP,,2025-11,BATATA - NÃO INFORMADO,LEGUMES,5.8400,6.6267,AMARELO,,Sim,Nao
SP,SÃO PAULO-SP,2025-11,BATATA - NÃO INFORMADO,LEGUMES,5.8400,6.6267,AMARELO,,Sim,Nao
SP,,2026-05,Batata Asterix,ALIMENTO_VAREJO,4.0000,4.0000,AMARELO,,Nao,Nao
SP,,2026-04,Batata Asterix,ALIMENTO_VAREJO,4.0000,4.0000,AMARELO,,Nao,Nao
SP,,2026-03,Batata Asterix,ALIMENTO_VAREJO,4.0000,4.0000,AMARELO,,Nao,Nao
SP,,2026-02,Batata Asterix,ALIMENTO_VAREJO,4.0000,4.0000,AMARELO,,Nao,Nao
SP,,2026-01,Batata Asterix,ALIMENTO_VAREJO,4.0000,4.0000,AMARELO,,Nao,Nao
SP,,2025-12,Batata Asterix,ALIMENTO_VAREJO,4.0000,4.0000,AMARELO,,Nao,Nao
SP,,2025-04,Batata Asterix,ALIMENTO_VAREJO,4.0000,4.0000,AMARELO,,Nao,Nao
SP,,2025-03,Batata Asterix,ALIMENTO_VAREJO,4.0000,4.0000,AMARELO,,Nao,Nao
SP,,2025-02,Batata Asterix,ALIMENTO_VAREJO,4.0000,4.0000,AMARELO,,Nao,Nao
SP,,2025-01,Batata Asterix,ALIMENTO_VAREJO,4.0000,4.0000,AMARELO,,Nao,Nao
SP,,2025-05,Batata Asterix,ALIMENTO_VAREJO,4.0000,4.0000,AMARELO,,Nao,Nao
SP,,2025-06,Batata Asterix,ALIMENTO_VAREJO,4.0000,4.0000,AMARELO,,Nao,Nao
SP,,2025-07,Batata Asterix,ALIMENTO_VAREJO,4.0000,4.0000,AMARELO,,Nao,Nao
SP,,2025-08,Batata Asterix,ALIMENTO_VAREJO,4.0000,4.0000,AMARELO,,Nao,Nao
SP,,2025-09,Batata Asterix,ALIMENTO_VAREJO,4.0000,4.0000,AMARELO,,Nao,Nao
SP,,2025-10,Batata Asterix,ALIMENTO_VAREJO,4.0000,4.0000,AMARELO,,Nao,Nao
SP,,2025-11,Batata Asterix,ALIMENTO_VAREJO,4.0000,4.0000,AMARELO,,Nao,Nao
SP,,2025-01,Batata Doce Amarela,LEGUMES,55.1353,55.1353,AMARELO,,Nao,Nao
SP,,2025-02,Batata Doce Amarela,LEGUMES,55.1353,55.1353,AMARELO,,Nao,Nao
SP,,2025-03,Batata Doce Amarela,LEGUMES,55.1353,55.1353,AMARELO,,Nao,Nao
SP,,2025-04,Batata Doce Amarela,LEGUMES,55.1353,55.1353,AMARELO,,Nao,Nao
SP,,2025-05,Batata Doce Amarela,LEGUMES,55.1353,55.1353,AMARELO,,Nao,Nao
SP,,2025-06,Batata Doce Amarela,LEGUMES,55.1353,55.1353,AMARELO,,Nao,Nao
SP,,2025-07,Batata Doce Amarela,LEGUMES,55.1353,55.1353,AMARELO,,Nao,Nao
SP,,2025-08,Batata Doce Amarela,LEGUMES,55.1353,55.1353,AMARELO,,Nao,Nao
SP,,2025-09,Batata Doce Amarela,LEGUMES,55.1353,55.1353,AMARELO,,Nao,Nao
SP,,2025-10,Batata Doce Amarela,LEGUMES,55.1353,55.1353,AMARELO,,Nao,Nao
SP,,2026-05,Batata Doce Amarela,LEGUMES,55.1353,55.1353,AMARELO,,Nao,Nao
SP,,2026-04,Batata Doce Amarela,LEGUMES,55.1353,55.1353,AMARELO,,Nao,Nao
SP,,2026-03,Batata Doce Amarela,LEGUMES,55.1353,55.1353,AMARELO,,Nao,Nao
SP,,2026-02,Batata Doce Amarela,LEGUMES,55.1353,55.1353,AMARELO,,Nao,Nao
SP,,2026-01,Batata Doce Amarela,LEGUMES,55.1353,55.1353,AMARELO,,Nao,Nao
SP,,2025-12,Batata Doce Amarela,LEGUMES,55.1353,55.1353,AMARELO,,Nao,Nao
SP,,2025-11,Batata Doce Amarela,LEGUMES,55.1353,55.1353,AMARELO,,Nao,Nao
SP,,2026-06,Batata Doce Branca,LEGUMES,2.9167,2.9167,AMARELO,,Nao,Nao
SP,,2026-07,Batata Doce Branca,LEGUMES,2.9133,2.9133,AMARELO,,Nao,Nao
SP,,2026-06,Batata Doce Rosada,LEGUMES,2.4300,2.4300,AMARELO,,Nao,Nao
SP,,2025-09,Batata Doce Roxa,LEGUMES,94.3750,94.3750,AMARELO,,Nao,Nao
SP,,2025-10,Batata Doce Roxa,LEGUMES,94.3750,94.3750,AMARELO,,Nao,Nao
SP,,2025-11,Batata Doce Roxa,LEGUMES,94.3750,94.3750,AMARELO,,Nao,Nao
SP,,2025-12,Batata Doce Roxa,LEGUMES,94.3750,94.3750,AMARELO,,Nao,Nao
SP,,2026-01,Batata Doce Roxa,LEGUMES,94.3750,94.3750,AMARELO,,Nao,Nao
SP,,2026-02,Batata Doce Roxa,LEGUMES,94.3750,94.3750,AMARELO,,Nao,Nao
SP,,2026-05,Batata Doce Roxa,LEGUMES,94.3750,94.3750,AMARELO,,Nao,Nao
SP,,2026-04,Batata Doce Roxa,LEGUMES,94.3750,94.3750,AMARELO,,Nao,Nao
SP,,2026-03,Batata Doce Roxa,LEGUMES,94.3750,94.3750,AMARELO,,Nao,Nao
SP,,2025-01,Batata Doce Roxa,LEGUMES,94.3750,94.3750,AMARELO,,Nao,Nao
SP,,2025-02,Batata Doce Roxa,LEGUMES,94.3750,94.3750,AMARELO,,Nao,Nao
SP,,2025-03,Batata Doce Roxa,LEGUMES,94.3750,94.3750,AMARELO,,Nao,Nao
SP,,2025-05,Batata Doce Roxa,LEGUMES,94.3750,94.3750,AMARELO,,Nao,Nao
SP,,2025-04,Batata Doce Roxa,LEGUMES,94.3750,94.3750,AMARELO,,Nao,Nao
SP,,2025-06,Batata Doce Roxa,LEGUMES,94.3750,94.3750,AMARELO,,Nao,Nao
SP,,2025-07,Batata Doce Roxa,LEGUMES,94.3750,94.3750,AMARELO,,Nao,Nao
SP,,2025-08,Batata Doce Roxa,LEGUMES,94.3750,94.3750,AMARELO,,Nao,Nao
SP,,2025-09,Batata Lavada,ALIMENTO_VAREJO,22.0944,22.0944,AMARELO,,Nao,Nao
SP,,2025-10,Batata Lavada,ALIMENTO_VAREJO,22.0944,22.0944,AMARELO,,Nao,Nao
SP,,2026-02,Batata Lavada,ALIMENTO_VAREJO,22.0944,22.0944,AMARELO,,Nao,Nao
SP,,2026-03,Batata Lavada,ALIMENTO_VAREJO,22.0944,22.0944,AMARELO,,Nao,Nao
SP,,2026-04,Batata Lavada,ALIMENTO_VAREJO,22.0944,22.0944,AMARELO,,Nao,Nao
SP,,2026-05,Batata Lavada,ALIMENTO_VAREJO,22.0944,22.0944,AMARELO,,Nao,Nao
SP,,2025-11,Batata Lavada,ALIMENTO_VAREJO,22.0944,22.0944,AMARELO,,Nao,Nao
SP,,2025-12,Batata Lavada,ALIMENTO_VAREJO,22.0944,22.0944,AMARELO,,Nao,Nao
SP,,2026-01,Batata Lavada,ALIMENTO_VAREJO,22.0944,22.0944,AMARELO,,Nao,Nao
SP,,2025-01,Batata Lavada,ALIMENTO_VAREJO,22.0944,22.0944,AMARELO,,Nao,Nao
SP,,2025-02,Batata Lavada,ALIMENTO_VAREJO,22.0944,22.0944,AMARELO,,Nao,Nao
SP,,2025-03,Batata Lavada,ALIMENTO_VAREJO,22.0944,22.0944,AMARELO,,Nao,Nao
SP,,2025-04,Batata Lavada,ALIMENTO_VAREJO,22.0944,22.0944,AMARELO,,Nao,Nao
SP,,2025-05,Batata Lavada,ALIMENTO_VAREJO,22.0944,22.0944,AMARELO,,Nao,Nao
SP,,2025-06,Batata Lavada,ALIMENTO_VAREJO,22.0944,22.0944,AMARELO,,Nao,Nao
SP,,2025-07,Batata Lavada,ALIMENTO_VAREJO,22.0944,22.0944,AMARELO,,Nao,Nao
SP,,2025-08,Batata Lavada,ALIMENTO_VAREJO,22.0944,22.0944,AMARELO,,Nao,Nao
SP,,2026-06,Batata Yakon,LEGUMES,3.5400,3.5400,AMARELO,,Nao,Nao
SP,,2026-07,Batata Yakon,LEGUMES,3.5250,3.5250,AMARELO,,Nao,Nao
SP,,2026-07,Berinjela Comum,LEGUMES,3.2833,3.2833,AMARELO,,Nao,Nao
SP,,2026-06,Berinjela Comum,LEGUMES,4.0900,4.0900,AMARELO,,Nao,Nao
SP,,2026-06,Berinjela Japonesa,LEGUMES,4.0900,4.0900,AMARELO,,Nao,Nao
SP,,2026-07,Berinjela Japonesa,LEGUMES,10.4575,10.4575,AMARELO,,Nao,Nao
SP,,2026-06,Betara,PESCADOS,3.9000,3.9000,AMARELO,,Nao,Nao
SP,,2026-06,Beterraba,LEGUMES,2.4000,2.4000,AMARELO,,Nao,Nao
SP,,2026-07,Beterraba,LEGUMES,2.0000,2.0000,AMARELO,,Nao,Nao
SP,,2026-06,Beterraba com Folhas,VERDURAS,45.0000,45.0000,AMARELO,,Nao,Nao
SP,,2026-07,Beterraba com Folhas,VERDURAS,38.1000,38.1000,AMARELO,,Nao,Nao
SP,,2026-06,Bonito,PESCADOS,4.9000,4.9000,AMARELO,,Nao,Nao
SP,,2026-07,Bonito,PESCADOS,5.5100,5.5100,AMARELO,,Nao,Nao
SP,,2026-06,Brócolos Ninja,VERDURAS,6.0700,6.0700,AMARELO,,Nao,Nao
SP,,2026-06,Brócolos Ramoso,VERDURAS,6.0700,6.0700,AMARELO,,Nao,Nao
SP,,2026-06,Cação Azul,PESCADOS,34.1350,34.1350,AMARELO,,Nao,Nao
SP,,2026-07,Cação Azul,PESCADOS,18.8400,18.8400,AMARELO,,Nao,Nao
SP,,2026-06,Cacau,FRUTAS,6.4400,6.4400,AMARELO,,Nao,Nao
SP,,2026-07,Cacau,FRUTAS,8.3300,8.3300,AMARELO,,Nao,Nao
SP,ESPÍRITO SANTO DO PINHAL-SP,2025-12,"CAFE - ARÁBICA TIPO 6, BEBI",ALIMENTO_VAREJO,37.9500,36.8500,AMARELO,,Nao,Nao
SP,MARÍLIA-SP,2025-12,"CAFE - ARÁBICA TIPO 6, BEBI",ALIMENTO_VAREJO,35.4000,34.7600,AMARELO,,Nao,Nao
SP,MARÍLIA-SP,2025-11,"CAFE - ARÁBICA TIPO 6, BEBI",ALIMENTO_VAREJO,36.1000,34.7600,AMARELO,,Nao,Nao
SP,MARÍLIA-SP,2025-10,"CAFE - ARÁBICA TIPO 6, BEBI",ALIMENTO_VAREJO,36.0900,34.7600,AMARELO,,Nao,Nao
SP,MARÍLIA-SP,2025-09,"CAFE - ARÁBICA TIPO 6, BEBI",ALIMENTO_VAREJO,37.3100,34.7600,AMARELO,,Nao,Nao
SP,MARÍLIA-SP,2025-08,"CAFE - ARÁBICA TIPO 6, BEBI",ALIMENTO_VAREJO,33.5100,34.7600,AMARELO,,Nao,Nao
SP,MARÍLIA-SP,2025-07,"CAFE - ARÁBICA TIPO 6, BEBI",ALIMENTO_VAREJO,29.5800,34.7600,AMARELO,,Nao,Nao
SP,MARÍLIA-SP,2025-06,"CAFE - ARÁBICA TIPO 6, BEBI",ALIMENTO_VAREJO,35.3300,34.7600,AMARELO,,Nao,Nao
SP,AVARÉ-SP,2026-05,MILHO - EM GRÃOS,LEGUMES,1.0600,1.0400,AMARELO,ALTA,Nao,Nao
SP,ESPÍRITO SANTO DO PINHAL-SP,2025-06,"CAFE - ARÁBICA TIPO 6, BEBI",ALIMENTO_VAREJO,36.6300,36.8500,AMARELO,,Nao,Nao
SP,ESPÍRITO SANTO DO PINHAL-SP,2025-08,"CAFE - ARÁBICA TIPO 6, BEBI",ALIMENTO_VAREJO,35.1600,36.8500,AMARELO,,Nao,Nao
SP,ESPÍRITO SANTO DO PINHAL-SP,2025-09,"CAFE - ARÁBICA TIPO 6, BEBI",ALIMENTO_VAREJO,39.1400,36.8500,AMARELO,,Nao,Nao
SP,ESPÍRITO SANTO DO PINHAL-SP,2025-10,"CAFE - ARÁBICA TIPO 6, BEBI",ALIMENTO_VAREJO,38.8700,36.8500,AMARELO,,Nao,Nao
SP,ESPÍRITO SANTO DO PINHAL-SP,2025-11,"CAFE - ARÁBICA TIPO 6, BEBI",ALIMENTO_VAREJO,39.9200,36.8500,AMARELO,,Nao,Nao
SP,,2026-02,"CAFE - ARÁBICA TIPO 6, BEBI",ALIMENTO_VAREJO,31.5700,35.6557,AMARELO,,Nao,Nao
SP,,2026-01,"CAFE - ARÁBICA TIPO 6, BEBI",ALIMENTO_VAREJO,37.1400,35.6557,AMARELO,,Nao,Nao
SP,,2025-12,"CAFE - ARÁBICA TIPO 6, BEBI",ALIMENTO_VAREJO,37.3000,35.6557,AMARELO,,Nao,Nao
SP,,2025-11,"CAFE - ARÁBICA TIPO 6, BEBI",ALIMENTO_VAREJO,37.9700,35.6557,AMARELO,,Nao,Nao
SP,,2025-10,"CAFE - ARÁBICA TIPO 6, BEBI",ALIMENTO_VAREJO,36.6000,35.6557,AMARELO,,Nao,Nao
SP,,2025-09,"CAFE - ARÁBICA TIPO 6, BEBI",ALIMENTO_VAREJO,37.6600,35.6557,AMARELO,,Nao,Nao
SP,,2025-08,"CAFE - ARÁBICA TIPO 6, BEBI",ALIMENTO_VAREJO,33.3800,35.6557,AMARELO,,Nao,Nao
SP,,2025-06,"CAFE - ARÁBICA TIPO 6, BEBI",ALIMENTO_VAREJO,36.5400,35.6557,AMARELO,,Nao,Nao
SP,FRANCA-SP,2025-12,"CAFE - ARÁBICA TIPO 6, BEBI",ALIMENTO_VAREJO,37.6200,35.1943,AMARELO,,Nao,Nao
SP,FRANCA-SP,2025-11,"CAFE - ARÁBICA TIPO 6, BEBI",ALIMENTO_VAREJO,37.3800,35.1943,AMARELO,,Nao,Nao
SP,FRANCA-SP,2025-10,"CAFE - ARÁBICA TIPO 6, BEBI",ALIMENTO_VAREJO,35.2500,35.1943,AMARELO,,Nao,Nao
SP,FRANCA-SP,2025-09,"CAFE - ARÁBICA TIPO 6, BEBI",ALIMENTO_VAREJO,36.7800,35.1943,AMARELO,,Nao,Nao
SP,FRANCA-SP,2025-08,"CAFE - ARÁBICA TIPO 6, BEBI",ALIMENTO_VAREJO,32.1100,35.1943,AMARELO,,Nao,Nao
SP,FRANCA-SP,2025-07,"CAFE - ARÁBICA TIPO 6, BEBI",ALIMENTO_VAREJO,30.2600,35.1943,AMARELO,,Nao,Nao
SP,FRANCA-SP,2025-06,"CAFE - ARÁBICA TIPO 6, BEBI",ALIMENTO_VAREJO,36.9600,35.1943,AMARELO,,Nao,Nao
SP,,2026-04,CAFE - MOÍDO E TORRADO,ALIMENTO_VAREJO,65.0400,65.9171,AMARELO,,Nao,Nao
SP,,2026-03,CAFE - MOÍDO E TORRADO,ALIMENTO_VAREJO,67.3000,65.9171,AMARELO,,Nao,Nao
SP,,2026-02,CAFE - MOÍDO E TORRADO,ALIMENTO_VAREJO,66.3600,65.9171,AMARELO,,Nao,Nao
SP,,2026-01,CAFE - MOÍDO E TORRADO,ALIMENTO_VAREJO,68.4000,65.9171,AMARELO,,Nao,Nao
SP,,2025-12,CAFE - MOÍDO E TORRADO,ALIMENTO_VAREJO,63.1300,65.9171,AMARELO,,Nao,Nao
SP,,2025-11,CAFE - MOÍDO E TORRADO,ALIMENTO_VAREJO,61.0800,65.9171,AMARELO,,Nao,Nao
SP,,2025-10,CAFE - MOÍDO E TORRADO,ALIMENTO_VAREJO,64.5400,65.9171,AMARELO,,Nao,Nao
SP,,2025-09,CAFE - MOÍDO E TORRADO,ALIMENTO_VAREJO,70.3400,65.9171,AMARELO,,Nao,Nao
SP,,2025-08,CAFE - MOÍDO E TORRADO,ALIMENTO_VAREJO,64.9000,65.9171,AMARELO,,Nao,Nao
SP,,2025-07,CAFE - MOÍDO E TORRADO,ALIMENTO_VAREJO,66.8700,65.9171,AMARELO,,Nao,Nao
SP,,2025-06,CAFE - MOÍDO E TORRADO,ALIMENTO_VAREJO,70.5600,65.9171,AMARELO,,Nao,Nao
SP,SÃO PAULO-SP,2025-06,CAFE - MOÍDO E TORRADO,ALIMENTO_VAREJO,68.7700,64.5886,AMARELO,,Nao,Nao
SP,SÃO PAULO-SP,2025-07,CAFE - MOÍDO E TORRADO,ALIMENTO_VAREJO,66.8700,64.5886,AMARELO,,Nao,Nao
SP,SÃO PAULO-SP,2025-08,CAFE - MOÍDO E TORRADO,ALIMENTO_VAREJO,64.9000,64.5886,AMARELO,,Nao,Nao
SP,SÃO PAULO-SP,2025-09,CAFE - MOÍDO E TORRADO,ALIMENTO_VAREJO,62.8300,64.5886,AMARELO,,Nao,Nao
SP,SÃO PAULO-SP,2025-10,CAFE - MOÍDO E TORRADO,ALIMENTO_VAREJO,64.5400,64.5886,AMARELO,,Nao,Nao
SP,SÃO PAULO-SP,2025-11,CAFE - MOÍDO E TORRADO,ALIMENTO_VAREJO,61.0800,64.5886,AMARELO,,Nao,Nao
SP,SÃO PAULO-SP,2025-12,CAFE - MOÍDO E TORRADO,ALIMENTO_VAREJO,63.1300,64.5886,AMARELO,,Nao,Nao
SP,SÃO PAULO-SP,2026-01,CAFE - MOÍDO E TORRADO,ALIMENTO_VAREJO,68.4000,64.5886,AMARELO,,Nao,Nao
SP,SÃO PAULO-SP,2026-02,CAFE - MOÍDO E TORRADO,ALIMENTO_VAREJO,66.3600,64.5886,AMARELO,,Nao,Nao
SP,SÃO PAULO-SP,2026-03,CAFE - MOÍDO E TORRADO,ALIMENTO_VAREJO,67.3000,64.5886,AMARELO,,Nao,Nao
SP,SÃO PAULO-SP,2026-04,CAFE - MOÍDO E TORRADO,ALIMENTO_VAREJO,65.0400,64.5886,AMARELO,,Nao,Nao
SP,,2026-07,Caju,FRUTAS,20.5350,20.5350,AMARELO,,Nao,Nao
SP,,2026-06,Caju,FRUTAS,19.6150,19.6150,AMARELO,,Nao,Nao
SP,,2026-06,Camarão Cativeiro,PESCADOS,27.6467,27.6467,AMARELO,,Nao,Nao
SP,,2026-07,Camarão Cativeiro,PESCADOS,29.8233,29.8233,AMARELO,,Nao,Nao
SP,,2026-06,Camarão Pitu,PESCADOS,30.0000,30.0000,AMARELO,,Nao,Nao
SP,,2026-06,Camarão Rosa,PESCADOS,45.6667,45.6667,AMARELO,,Nao,Nao
SP,,2026-07,Capim Cidreira,VERDURAS,5.9900,5.9900,AMARELO,,Nao,Nao
SP,,2026-06,Capim Cidreira,VERDURAS,6.0000,6.0000,AMARELO,,Nao,Nao
SP,,2026-06,Caqui Chocolate - Kyoto,FRUTAS,6.8050,6.8050,AMARELO,,Nao,Nao
SP,,2026-07,Caqui Chocolate - Kyoto,FRUTAS,4.6867,4.6867,AMARELO,,Nao,Nao
SP,,2026-07,Caqui Fuyu,FRUTAS,7.2433,7.2433,AMARELO,,Nao,Nao
SP,,2026-06,Caqui Fuyu,FRUTAS,5.1400,5.1400,AMARELO,,Nao,Nao
SP,,2026-06,Caqui Giombo,FRUTAS,5.7100,5.7100,AMARELO,,Nao,Nao
SP,,2026-07,Caqui Giombo,FRUTAS,5.5033,5.5033,AMARELO,,Nao,Nao
SP,,2026-07,Caqui Rama Forte,FRUTAS,4.3475,4.3475,AMARELO,,Nao,Nao
SP,,2026-06,Caqui Rama Forte,FRUTAS,4.1775,4.1775,AMARELO,,Nao,Nao
SP,,2026-07,Cará,LEGUMES,3.2650,3.2650,AMARELO,,Nao,Nao
SP,,2026-06,Cará,LEGUMES,3.2100,3.2100,AMARELO,,Nao,Nao
SP,,2026-07,Carambola,FRUTAS,5.9800,5.9800,AMARELO,,Nao,Nao
SP,,2026-06,Carambola,FRUTAS,4.6200,4.6200,AMARELO,,Nao,Nao
SP,,2026-07,Caranguejo,PESCADOS,44.0000,44.0000,AMARELO,,Nao,Nao
SP,,2026-06,Caranguejo,PESCADOS,44.0000,44.0000,AMARELO,,Nao,Nao
SP,,2026-07,Carapau,PESCADOS,13.5100,13.5100,AMARELO,,Nao,Nao
SP,ITAPEVA-SP,2026-05,MILHO - EM GRÃOS,LEGUMES,1.0100,1.0143,AMARELO,ALTA,Nao,Nao
SP,,2026-07,Melancia,FRUTAS,1.5971,1.5875,AMARELO,ESTAVEL,Nao,Nao
SP,,2026-05,CARNE BOVINA - COXÃO DURO S/OSSO,PROTEINAS,53.4300,50.0033,AMARELO,,Sim,Nao
SP,,2026-04,CARNE BOVINA - COXÃO DURO S/OSSO,PROTEINAS,51.6700,50.0033,AMARELO,,Sim,Nao
SP,,2026-03,CARNE BOVINA - COXÃO DURO S/OSSO,PROTEINAS,51.3300,50.0033,AMARELO,,Sim,Nao
SP,,2026-02,CARNE BOVINA - COXÃO DURO S/OSSO,PROTEINAS,49.9300,50.0033,AMARELO,,Sim,Nao
SP,,2026-01,CARNE BOVINA - COXÃO DURO S/OSSO,PROTEINAS,49.4600,50.0033,AMARELO,,Sim,Nao
SP,,2025-12,CARNE BOVINA - COXÃO DURO S/OSSO,PROTEINAS,50.1000,50.0033,AMARELO,,Sim,Nao
SP,,2025-11,CARNE BOVINA - COXÃO DURO S/OSSO,PROTEINAS,48.7300,50.0033,AMARELO,,Sim,Nao
SP,,2025-10,CARNE BOVINA - COXÃO DURO S/OSSO,PROTEINAS,47.2600,50.0033,AMARELO,,Sim,Nao
SP,,2025-09,CARNE BOVINA - COXÃO DURO S/OSSO,PROTEINAS,48.1200,50.0033,AMARELO,,Sim,Nao
SP,,2026-07,Manga Palmer,FRUTAS,3.2433,3.2433,AMARELO,ALTA,Nao,Nao
SP,SÃO PAULO-SP,2026-05,CARNE BOVINA - COXÃO DURO S/OSSO,PROTEINAS,53.4300,50.0033,AMARELO,,Sim,Nao
SP,SÃO PAULO-SP,2026-04,CARNE BOVINA - COXÃO DURO S/OSSO,PROTEINAS,51.6700,50.0033,AMARELO,,Sim,Nao
SP,SÃO PAULO-SP,2026-03,CARNE BOVINA - COXÃO DURO S/OSSO,PROTEINAS,51.3300,50.0033,AMARELO,,Sim,Nao
SP,SÃO PAULO-SP,2026-02,CARNE BOVINA - COXÃO DURO S/OSSO,PROTEINAS,49.9300,50.0033,AMARELO,,Sim,Nao
SP,SÃO PAULO-SP,2026-01,CARNE BOVINA - COXÃO DURO S/OSSO,PROTEINAS,49.4600,50.0033,AMARELO,,Sim,Nao
SP,SÃO PAULO-SP,2025-12,CARNE BOVINA - COXÃO DURO S/OSSO,PROTEINAS,50.1000,50.0033,AMARELO,,Sim,Nao
SP,SÃO PAULO-SP,2025-11,CARNE BOVINA - COXÃO DURO S/OSSO,PROTEINAS,48.7300,50.0033,AMARELO,,Sim,Nao
SP,SÃO PAULO-SP,2025-10,CARNE BOVINA - COXÃO DURO S/OSSO,PROTEINAS,47.2600,50.0033,AMARELO,,Sim,Nao
SP,SÃO PAULO-SP,2025-09,CARNE BOVINA - COXÃO DURO S/OSSO,PROTEINAS,48.1200,50.0033,AMARELO,,Sim,Nao
SP,,2026-07,Maça Fuji Importada,FRUTAS,104.3400,104.3400,AMARELO,QUEDA,Nao,Nao
SP,,2025-09,CARNE BOVINA - COXÃO MOLE S/OSSO,PROTEINAS,50.8500,52.9422,AMARELO,,Sim,Nao
SP,,2025-10,CARNE BOVINA - COXÃO MOLE S/OSSO,PROTEINAS,50.7900,52.9422,AMARELO,,Sim,Nao
SP,,2025-11,CARNE BOVINA - COXÃO MOLE S/OSSO,PROTEINAS,51.2100,52.9422,AMARELO,,Sim,Nao
SP,,2025-12,CARNE BOVINA - COXÃO MOLE S/OSSO,PROTEINAS,52.5100,52.9422,AMARELO,,Sim,Nao
SP,,2026-01,CARNE BOVINA - COXÃO MOLE S/OSSO,PROTEINAS,52.6000,52.9422,AMARELO,,Sim,Nao
SP,,2026-02,CARNE BOVINA - COXÃO MOLE S/OSSO,PROTEINAS,53.2300,52.9422,AMARELO,,Sim,Nao
SP,,2026-03,CARNE BOVINA - COXÃO MOLE S/OSSO,PROTEINAS,54.2100,52.9422,AMARELO,,Sim,Nao
SP,,2026-04,CARNE BOVINA - COXÃO MOLE S/OSSO,PROTEINAS,55.0100,52.9422,AMARELO,,Sim,Nao
SP,,2026-05,CARNE BOVINA - COXÃO MOLE S/OSSO,PROTEINAS,56.0700,52.9422,AMARELO,,Sim,Nao
SP,SÃO PAULO-SP,2026-05,CARNE BOVINA - COXÃO MOLE S/OSSO,PROTEINAS,56.0700,52.9422,AMARELO,,Sim,Nao
SP,SÃO PAULO-SP,2026-04,CARNE BOVINA - COXÃO MOLE S/OSSO,PROTEINAS,55.0100,52.9422,AMARELO,,Sim,Nao
SP,SÃO PAULO-SP,2026-03,CARNE BOVINA - COXÃO MOLE S/OSSO,PROTEINAS,54.2100,52.9422,AMARELO,,Sim,Nao
SP,SÃO PAULO-SP,2026-02,CARNE BOVINA - COXÃO MOLE S/OSSO,PROTEINAS,53.2300,52.9422,AMARELO,,Sim,Nao
SP,SÃO PAULO-SP,2026-01,CARNE BOVINA - COXÃO MOLE S/OSSO,PROTEINAS,52.6000,52.9422,AMARELO,,Sim,Nao
SP,SÃO PAULO-SP,2025-12,CARNE BOVINA - COXÃO MOLE S/OSSO,PROTEINAS,52.5100,52.9422,AMARELO,,Sim,Nao
SP,SÃO PAULO-SP,2025-11,CARNE BOVINA - COXÃO MOLE S/OSSO,PROTEINAS,51.2100,52.9422,AMARELO,,Sim,Nao
SP,SÃO PAULO-SP,2025-10,CARNE BOVINA - COXÃO MOLE S/OSSO,PROTEINAS,50.7900,52.9422,AMARELO,,Sim,Nao
SP,SÃO PAULO-SP,2025-09,CARNE BOVINA - COXÃO MOLE S/OSSO,PROTEINAS,50.8500,52.9422,AMARELO,,Sim,Nao
SP,SÃO PAULO-SP,2025-06,CARNE BOVINA - JERKED BEEF,PROTEINAS,58.2000,60.1433,AMARELO,,Sim,Nao
SP,SÃO PAULO-SP,2025-07,CARNE BOVINA - JERKED BEEF,PROTEINAS,60.5000,60.1433,AMARELO,,Sim,Nao
SP,SÃO PAULO-SP,2025-08,CARNE BOVINA - JERKED BEEF,PROTEINAS,61.7300,60.1433,AMARELO,,Sim,Nao
SP,,2025-06,CARNE BOVINA - JERKED BEEF,PROTEINAS,58.2000,60.1433,AMARELO,,Sim,Nao
SP,,2025-08,CARNE BOVINA - JERKED BEEF,PROTEINAS,61.7300,60.1433,AMARELO,,Sim,Nao
SP,,2025-07,CARNE BOVINA - JERKED BEEF,PROTEINAS,60.5000,60.1433,AMARELO,,Sim,Nao
SP,,2026-05,CARNE BOVINA - PATINHO S/OSSO,PROTEINAS,56.2600,53.4522,AMARELO,,Sim,Nao
SP,,2026-04,CARNE BOVINA - PATINHO S/OSSO,PROTEINAS,55.3400,53.4522,AMARELO,,Sim,Nao
SP,,2026-03,CARNE BOVINA - PATINHO S/OSSO,PROTEINAS,54.0100,53.4522,AMARELO,,Sim,Nao
SP,,2026-02,CARNE BOVINA - PATINHO S/OSSO,PROTEINAS,53.8400,53.4522,AMARELO,,Sim,Nao
SP,,2026-01,CARNE BOVINA - PATINHO S/OSSO,PROTEINAS,53.4000,53.4522,AMARELO,,Sim,Nao
SP,SÃO PAULO-SP,2026-05,CARNE BOVINA - PATINHO S/OSSO,PROTEINAS,56.2600,53.4522,AMARELO,,Sim,Nao
SP,,2025-12,CARNE BOVINA - PATINHO S/OSSO,PROTEINAS,53.1100,53.4522,AMARELO,,Sim,Nao
SP,,2025-11,CARNE BOVINA - PATINHO S/OSSO,PROTEINAS,52.6300,53.4522,AMARELO,,Sim,Nao
SP,,2025-10,CARNE BOVINA - PATINHO S/OSSO,PROTEINAS,51.0800,53.4522,AMARELO,,Sim,Nao
SP,,2025-09,CARNE BOVINA - PATINHO S/OSSO,PROTEINAS,51.4000,53.4522,AMARELO,,Sim,Nao
SP,SÃO PAULO-SP,2026-04,CARNE BOVINA - PATINHO S/OSSO,PROTEINAS,55.3400,53.4522,AMARELO,,Sim,Nao
SP,SÃO PAULO-SP,2026-03,CARNE BOVINA - PATINHO S/OSSO,PROTEINAS,54.0100,53.4522,AMARELO,,Sim,Nao
SP,SÃO PAULO-SP,2025-09,CARNE BOVINA - PATINHO S/OSSO,PROTEINAS,51.4000,53.4522,AMARELO,,Sim,Nao
SP,SÃO PAULO-SP,2025-10,CARNE BOVINA - PATINHO S/OSSO,PROTEINAS,51.0800,53.4522,AMARELO,,Sim,Nao
SP,SÃO PAULO-SP,2025-11,CARNE BOVINA - PATINHO S/OSSO,PROTEINAS,52.6300,53.4522,AMARELO,,Sim,Nao
SP,SÃO PAULO-SP,2025-12,CARNE BOVINA - PATINHO S/OSSO,PROTEINAS,53.1100,53.4522,AMARELO,,Sim,Nao
SP,SÃO PAULO-SP,2026-01,CARNE BOVINA - PATINHO S/OSSO,PROTEINAS,53.4000,53.4522,AMARELO,,Sim,Nao
SP,SÃO PAULO-SP,2026-02,CARNE BOVINA - PATINHO S/OSSO,PROTEINAS,53.8400,53.4522,AMARELO,,Sim,Nao
SP,SÃO PAULO-SP,2025-10,CARNE DE FRANGO - CONGELADO,PROTEINAS,9.7300,9.7771,AMARELO,,Nao,Nao
SP,SÃO PAULO-SP,2025-11,CARNE DE FRANGO - CONGELADO,PROTEINAS,9.4100,9.7771,AMARELO,,Nao,Nao
SP,,2025-06,CARNE DE FRANGO - CONGELADO,PROTEINAS,10.3000,9.7771,AMARELO,,Nao,Nao
SP,,2025-07,CARNE DE FRANGO - CONGELADO,PROTEINAS,10.2000,9.7771,AMARELO,,Nao,Nao
SP,,2025-08,CARNE DE FRANGO - CONGELADO,PROTEINAS,9.9900,9.7771,AMARELO,,Nao,Nao
SP,SÃO PAULO-SP,2025-07,CARNE DE FRANGO - CONGELADO,PROTEINAS,10.2000,9.7771,AMARELO,,Nao,Nao
SP,SÃO PAULO-SP,2025-12,CARNE DE FRANGO - CONGELADO,PROTEINAS,9.8100,9.7771,AMARELO,,Nao,Nao
SP,,2025-09,CARNE DE FRANGO - CONGELADO,PROTEINAS,9.0000,9.7771,AMARELO,,Nao,Nao
SP,,2025-10,CARNE DE FRANGO - CONGELADO,PROTEINAS,9.7300,9.7771,AMARELO,,Nao,Nao
SP,,2025-11,CARNE DE FRANGO - CONGELADO,PROTEINAS,9.4100,9.7771,AMARELO,,Nao,Nao
SP,SÃO PAULO-SP,2025-06,CARNE DE FRANGO - CONGELADO,PROTEINAS,10.3000,9.7771,AMARELO,,Nao,Nao
SP,,2025-12,CARNE DE FRANGO - CONGELADO,PROTEINAS,9.8100,9.7771,AMARELO,,Nao,Nao
SP,SÃO PAULO-SP,2025-08,CARNE DE FRANGO - CONGELADO,PROTEINAS,9.9900,9.7771,AMARELO,,Nao,Nao
SP,SÃO PAULO-SP,2025-09,CARNE DE FRANGO - CONGELADO,PROTEINAS,9.0000,9.7771,AMARELO,,Nao,Nao
SP,SÃO PAULO-SP,2025-09,CARNE SUINA - PERNIL COM OSSO CONG,PROTEINAS,18.8600,19.2729,AMARELO,,Nao,Nao
SP,SÃO PAULO-SP,2025-07,CARNE SUINA - PERNIL COM OSSO CONG,PROTEINAS,19.7900,19.2729,AMARELO,,Nao,Nao
SP,,2025-09,CARNE SUINA - PERNIL COM OSSO CONG,PROTEINAS,18.8600,19.2729,AMARELO,,Nao,Nao
SP,,2025-08,CARNE SUINA - PERNIL COM OSSO CONG,PROTEINAS,19.7400,19.2729,AMARELO,,Nao,Nao
SP,,2025-07,CARNE SUINA - PERNIL COM OSSO CONG,PROTEINAS,19.7900,19.2729,AMARELO,,Nao,Nao
SP,,2025-10,CARNE SUINA - PERNIL COM OSSO CONG,PROTEINAS,19.0400,19.2729,AMARELO,,Nao,Nao
SP,,2025-06,CARNE SUINA - PERNIL COM OSSO CONG,PROTEINAS,20.2700,19.2729,AMARELO,,Nao,Nao
SP,,2025-11,CARNE SUINA - PERNIL COM OSSO CONG,PROTEINAS,19.2100,19.2729,AMARELO,,Nao,Nao
SP,,2025-12,CARNE SUINA - PERNIL COM OSSO CONG,PROTEINAS,18.0000,19.2729,AMARELO,,Nao,Nao
SP,SÃO PAULO-SP,2025-10,CARNE SUINA - PERNIL COM OSSO CONG,PROTEINAS,19.0400,19.2729,AMARELO,,Nao,Nao
SP,SÃO PAULO-SP,2025-08,CARNE SUINA - PERNIL COM OSSO CONG,PROTEINAS,19.7400,19.2729,AMARELO,,Nao,Nao
SP,SÃO PAULO-SP,2025-06,CARNE SUINA - PERNIL COM OSSO CONG,PROTEINAS,20.2700,19.2729,AMARELO,,Nao,Nao
SP,SÃO PAULO-SP,2025-12,CARNE SUINA - PERNIL COM OSSO CONG,PROTEINAS,18.0000,19.2729,AMARELO,,Nao,Nao
SP,SÃO PAULO-SP,2025-11,CARNE SUINA - PERNIL COM OSSO CONG,PROTEINAS,19.2100,19.2729,AMARELO,,Nao,Nao
SP,,2026-06,Castanha Nacional,FRUTAS,3.5400,3.5400,AMARELO,,Nao,Nao
SP,,2026-06,Catalonha,VERDURAS,31.3700,31.3700,AMARELO,,Nao,Nao
SP,,2026-07,Catalonha,VERDURAS,29.0600,29.0600,AMARELO,,Nao,Nao
SP,,2026-07,Cavala,PESCADOS,19.5000,19.5000,AMARELO,,Nao,Nao
SP,,2026-07,Cavalinha,PESCADOS,17.9500,17.9500,AMARELO,,Nao,Nao
SP,,2026-06,Cavalinha,PESCADOS,13.2000,13.2000,AMARELO,,Nao,Nao
SP,PIEDADE-SP,2025-07,CEBOLA - AMARELA,ALIMENTO_VAREJO,1.0300,0.9414,AMARELO,,Nao,Nao
SP,,2025-07,CEBOLA - AMARELA,ALIMENTO_VAREJO,1.0300,0.9414,AMARELO,,Nao,Nao
SP,,2026-07,Cebola Importada,ALIMENTO_VAREJO,4.9167,4.9167,AMARELO,,Nao,Nao
SP,,2026-06,Cebola Importada,ALIMENTO_VAREJO,5.0000,5.0000,AMARELO,,Nao,Nao
SP,,2026-06,Cebola Importada Argentina,ALIMENTO_VAREJO,4.9300,4.9300,AMARELO,,Nao,Nao
SP,,2026-07,Cebola Importada Argentina,ALIMENTO_VAREJO,4.9475,4.9475,AMARELO,,Nao,Nao
SP,,2026-06,Cebola Importada Espanha,ALIMENTO_VAREJO,5.0000,5.0000,AMARELO,,Nao,Nao
SP,,2026-07,Cebola Importada Espanha,ALIMENTO_VAREJO,4.9000,4.9000,AMARELO,,Nao,Nao
SP,,2026-07,Cebola Importada Holanda,ALIMENTO_VAREJO,4.9000,4.9000,AMARELO,,Nao,Nao
SP,,2026-06,Cebola Importada Holanda,ALIMENTO_VAREJO,5.0000,5.0000,AMARELO,,Nao,Nao
SP,,2026-06,Cebola Nacional,ALIMENTO_VAREJO,5.0000,5.0000,AMARELO,,Nao,Nao
SP,,2026-07,Cebola Nacional,ALIMENTO_VAREJO,3.5250,3.5250,AMARELO,,Nao,Nao
SP,,2026-06,Cebola Pérola,ALIMENTO_VAREJO,5.0000,5.0000,AMARELO,,Nao,Nao
SP,,2026-05,Cebola Roxa,ALIMENTO_VAREJO,94.3750,94.3750,AMARELO,,Nao,Nao
SP,,2026-03,Cebola Roxa,ALIMENTO_VAREJO,94.3750,94.3750,AMARELO,,Nao,Nao
SP,,2025-01,Cebola Roxa,ALIMENTO_VAREJO,94.3750,94.3750,AMARELO,,Nao,Nao
SP,,2025-03,Cebola Roxa,ALIMENTO_VAREJO,94.3750,94.3750,AMARELO,,Nao,Nao
SP,,2025-02,Cebola Roxa,ALIMENTO_VAREJO,94.3750,94.3750,AMARELO,,Nao,Nao
SP,,2026-04,Cebola Roxa,ALIMENTO_VAREJO,94.3750,94.3750,AMARELO,,Nao,Nao
SP,,2026-02,Cebola Roxa,ALIMENTO_VAREJO,94.3750,94.3750,AMARELO,,Nao,Nao
SP,,2025-11,Cebola Roxa,ALIMENTO_VAREJO,94.3750,94.3750,AMARELO,,Nao,Nao
SP,,2025-10,Cebola Roxa,ALIMENTO_VAREJO,94.3750,94.3750,AMARELO,,Nao,Nao
SP,,2025-09,Cebola Roxa,ALIMENTO_VAREJO,94.3750,94.3750,AMARELO,,Nao,Nao
SP,,2025-12,Cebola Roxa,ALIMENTO_VAREJO,94.3750,94.3750,AMARELO,,Nao,Nao
SP,,2026-01,Cebola Roxa,ALIMENTO_VAREJO,94.3750,94.3750,AMARELO,,Nao,Nao
SP,,2026-07,Cebolete,VERDURAS,7.0000,7.0000,AMARELO,,Nao,Nao
SP,,2026-06,Cebolete,VERDURAS,7.0000,7.0000,AMARELO,,Nao,Nao
SP,,2026-07,Cebolinha,VERDURAS,74.1900,74.1900,AMARELO,,Nao,Nao
SP,,2026-06,Cebolinha,VERDURAS,72.7700,72.7700,AMARELO,,Nao,Nao
SP,,2026-07,Cenoura,LEGUMES,4.4675,4.4675,AMARELO,,Nao,Nao
SP,,2026-06,Cenoura,LEGUMES,5.7500,5.7500,AMARELO,,Nao,Nao
SP,,2026-06,Cereja Importada,FRUTAS,82.4900,82.4900,AMARELO,,Nao,Nao
SP,,2026-07,Cereja Importada,FRUTAS,78.4500,78.4500,AMARELO,,Nao,Nao
SP,,2026-06,Chicória,VERDURAS,42.3900,42.3900,AMARELO,,Nao,Nao
SP,,2026-07,Chicória,VERDURAS,46.4300,46.4300,AMARELO,,Nao,Nao
SP,,2026-06,Chuchu,LEGUMES,3.5000,3.5000,AMARELO,,Nao,Nao
SP,,2026-07,Chuchu,LEGUMES,2.0167,2.0167,AMARELO,,Nao,Nao
SP,,2026-06,Coco Seco,ALIMENTO_VAREJO,4.0000,4.0000,AMARELO,,Nao,Nao
SP,,2026-06,Coentro,VERDURAS,164.5850,164.5850,AMARELO,,Nao,Nao
SP,,2026-07,Coentro,VERDURAS,159.2400,159.2400,AMARELO,,Nao,Nao
SP,,2026-06,Cogumelo Eryngui,VERDURAS,10.5300,10.5300,AMARELO,,Nao,Nao
SP,,2026-07,Cogumelo Eryngui,VERDURAS,10.6000,10.6000,AMARELO,,Nao,Nao
SP,,2026-07,Cogumelo Hiratake,VERDURAS,5.6000,5.6000,AMARELO,,Nao,Nao
SP,,2026-06,Cogumelo Hiratake,VERDURAS,5.7600,5.7600,AMARELO,,Nao,Nao
SP,,2026-06,Cogumelo Paris,VERDURAS,8.7550,8.7550,AMARELO,,Nao,Nao
SP,,2026-07,Cogumelo Paris,VERDURAS,8.7700,8.7700,AMARELO,,Nao,Nao
SP,,2026-07,Cogumelo Porto Belo,VERDURAS,7.0000,7.0000,AMARELO,,Nao,Nao
SP,,2026-06,Cogumelo Porto Belo,VERDURAS,7.0000,7.0000,AMARELO,,Nao,Nao
SP,,2026-07,Cogumelo Shimeji,VERDURAS,7.6700,7.6700,AMARELO,,Nao,Nao
SP,,2026-06,Cogumelo Shimeji,VERDURAS,7.5800,7.5800,AMARELO,,Nao,Nao
SP,,2026-07,Cogumelo Shitake,VERDURAS,8.4700,8.4700,AMARELO,,Nao,Nao
SP,,2026-06,Cogumelo Shitake,VERDURAS,8.5500,8.5500,AMARELO,,Nao,Nao
SP,,2026-07,Côngrio Rosa,PESCADOS,24.5000,24.5000,AMARELO,,Nao,Nao
SP,,2026-06,Corvina Água Doce,PESCADOS,6.3900,6.3900,AMARELO,,Nao,Nao
SP,,2026-06,Corvina Água Salgada,PESCADOS,7.6200,7.6200,AMARELO,,Nao,Nao
SP,,2026-07,Corvina Água Salgada,PESCADOS,8.4400,8.4400,AMARELO,,Nao,Nao
SP,,2026-06,Couve-Flor,VERDURAS,7.5600,7.5600,AMARELO,,Nao,Nao
SP,,2026-06,Couve de Bruxelas,VERDURAS,6.2500,6.2500,AMARELO,,Nao,Nao
SP,,2026-07,Couve de Bruxelas,VERDURAS,15.9700,15.9700,AMARELO,,Nao,Nao
SP,,2026-06,Couve Manteiga,VERDURAS,6.2500,6.2500,AMARELO,,Nao,Nao
SP,,2026-07,Cupuaçu,FRUTAS,8.7500,8.7500,AMARELO,,Nao,Nao
SP,,2026-06,Cupuaçu,FRUTAS,7.0800,7.0800,AMARELO,,Nao,Nao
SP,,2026-06,Curimba,PESCADOS,9.9000,9.9000,AMARELO,,Nao,Nao
SP,,2026-07,Curimba,PESCADOS,9.9000,9.9000,AMARELO,,Nao,Nao
SP,,2026-07,Dourado Água Salgada,PESCADOS,19.5000,19.5000,AMARELO,,Nao,Nao
SP,,2026-07,Embu,FRUTAS,9.0000,9.0000,AMARELO,,Nao,Nao
SP,,2026-06,Endívia,VERDURAS,240.0000,240.0000,AMARELO,,Nao,Nao
SP,,2026-07,Endívia,VERDURAS,240.0000,240.0000,AMARELO,,Nao,Nao
SP,,2026-06,Endro,VERDURAS,11.4800,11.4800,AMARELO,,Nao,Nao
SP,,2026-07,Endro,VERDURAS,8.0000,8.0000,AMARELO,,Nao,Nao
SP,,2026-06,Erva Doce,VERDURAS,47.9000,47.9000,AMARELO,,Nao,Nao
SP,,2026-07,Erva Doce,VERDURAS,49.6050,49.6050,AMARELO,,Nao,Nao
SP,,2026-06,Ervilha Torta,LEGUMES,14.7900,14.7900,AMARELO,,Nao,Nao
SP,,2026-07,Ervilha Torta,LEGUMES,13.1067,13.1067,AMARELO,,Nao,Nao
SP,,2026-06,Escarola,VERDURAS,26.5500,26.5500,AMARELO,,Nao,Nao
SP,,2026-07,Escarola,VERDURAS,33.0500,33.0500,AMARELO,,Nao,Nao
SP,,2026-07,Espinafre,VERDURAS,33.8200,33.8200,AMARELO,,Nao,Nao
SP,,2026-06,Espinafre,VERDURAS,31.8750,31.8750,AMARELO,,Nao,Nao
SP,,2026-07,Espinafre Hidropônico,VERDURAS,46.7500,46.7500,AMARELO,,Nao,Nao
SP,,2026-06,Espinafre Hidropônico,VERDURAS,48.1100,48.1100,AMARELO,,Nao,Nao
SP,,2026-06,Estragão,VERDURAS,4.5000,4.5000,AMARELO,,Nao,Nao
SP,,2026-07,Estragão,VERDURAS,5.5000,5.5000,AMARELO,,Nao,Nao
SP,CÂNDIDO MOTA-SP,2025-06,FARINHA DE MANDIOCA - CRUA FINA,CEREAIS_GRAOS,2.4300,2.2943,AMARELO,,Nao,Nao
SP,CÂNDIDO MOTA-SP,2025-07,FARINHA DE MANDIOCA - CRUA FINA,CEREAIS_GRAOS,2.0600,2.2943,AMARELO,,Nao,Nao
SP,CÂNDIDO MOTA-SP,2025-09,FARINHA DE MANDIOCA - CRUA FINA,CEREAIS_GRAOS,2.3000,2.2943,AMARELO,,Nao,Nao
SP,CÂNDIDO MOTA-SP,2025-10,FARINHA DE MANDIOCA - CRUA FINA,CEREAIS_GRAOS,2.5700,2.2943,AMARELO,,Nao,Nao
SP,CÂNDIDO MOTA-SP,2025-11,FARINHA DE MANDIOCA - CRUA FINA,CEREAIS_GRAOS,2.4100,2.2943,AMARELO,,Nao,Nao
SP,CÂNDIDO MOTA-SP,2025-12,FARINHA DE MANDIOCA - CRUA FINA,CEREAIS_GRAOS,2.3400,2.2943,AMARELO,,Nao,Nao
SP,,2025-06,FARINHA DE MANDIOCA - CRUA FINA,CEREAIS_GRAOS,2.5600,2.4529,AMARELO,,Nao,Nao
SP,,2025-07,FARINHA DE MANDIOCA - CRUA FINA,CEREAIS_GRAOS,2.0900,2.4529,AMARELO,,Nao,Nao
SP,,2025-08,FARINHA DE MANDIOCA - CRUA FINA,CEREAIS_GRAOS,2.1000,2.4529,AMARELO,,Nao,Nao
SP,,2025-09,FARINHA DE MANDIOCA - CRUA FINA,CEREAIS_GRAOS,2.5100,2.4529,AMARELO,,Nao,Nao
SP,,2025-10,FARINHA DE MANDIOCA - CRUA FINA,CEREAIS_GRAOS,2.7800,2.4529,AMARELO,,Nao,Nao
SP,,2025-11,FARINHA DE MANDIOCA - CRUA FINA,CEREAIS_GRAOS,2.5700,2.4529,AMARELO,,Nao,Nao
SP,,2025-12,FARINHA DE MANDIOCA - CRUA FINA,CEREAIS_GRAOS,2.5600,2.4529,AMARELO,,Nao,Nao
SP,,2026-01,FARINHA DE MANDIOCA - CRUA FINA,CEREAIS_GRAOS,2.4300,2.4529,AMARELO,,Nao,Nao
SP,,2026-02,FARINHA DE MANDIOCA - CRUA FINA,CEREAIS_GRAOS,2.2600,2.4529,AMARELO,,Nao,Nao
SP,,2026-03,FARINHA DE MANDIOCA - CRUA FINA,CEREAIS_GRAOS,2.3900,2.4529,AMARELO,,Nao,Nao
SP,,2026-04,FARINHA DE MANDIOCA - CRUA FINA,CEREAIS_GRAOS,2.6000,2.4529,AMARELO,,Nao,Nao
SP,PRESIDENTE PRUDENTE-SP,2025-06,FARINHA DE MANDIOCA - CRUA FINA,CEREAIS_GRAOS,2.7000,2.6129,AMARELO,,Nao,Nao
SP,PRESIDENTE PRUDENTE-SP,2025-08,FARINHA DE MANDIOCA - CRUA FINA,CEREAIS_GRAOS,2.2400,2.6129,AMARELO,,Nao,Nao
SP,PRESIDENTE PRUDENTE-SP,2025-09,FARINHA DE MANDIOCA - CRUA FINA,CEREAIS_GRAOS,2.7300,2.6129,AMARELO,,Nao,Nao
SP,PRESIDENTE PRUDENTE-SP,2025-10,FARINHA DE MANDIOCA - CRUA FINA,CEREAIS_GRAOS,3.0000,2.6129,AMARELO,,Nao,Nao
SP,PRESIDENTE PRUDENTE-SP,2025-11,FARINHA DE MANDIOCA - CRUA FINA,CEREAIS_GRAOS,2.7300,2.6129,AMARELO,,Nao,Nao
SP,PRESIDENTE PRUDENTE-SP,2025-12,FARINHA DE MANDIOCA - CRUA FINA,CEREAIS_GRAOS,2.7700,2.6129,AMARELO,,Nao,Nao
SP,,2025-06,FARINHA DE MANDIOCA - FINA TIPO 1 SECA,CEREAIS_GRAOS,9.4500,8.9333,AMARELO,,Sim,Nao
SP,,2025-07,FARINHA DE MANDIOCA - FINA TIPO 1 SECA,CEREAIS_GRAOS,8.7000,8.9333,AMARELO,,Sim,Nao
SP,,2025-08,FARINHA DE MANDIOCA - FINA TIPO 1 SECA,CEREAIS_GRAOS,8.6500,8.9333,AMARELO,,Sim,Nao
SP,SÃO PAULO-SP,2025-08,FARINHA DE MANDIOCA - FINA TIPO 1 SECA,CEREAIS_GRAOS,8.6500,8.9333,AMARELO,,Sim,Nao
SP,SÃO PAULO-SP,2025-07,FARINHA DE MANDIOCA - FINA TIPO 1 SECA,CEREAIS_GRAOS,8.7000,8.9333,AMARELO,,Sim,Nao
SP,SÃO PAULO-SP,2025-06,FARINHA DE MANDIOCA - FINA TIPO 1 SECA,CEREAIS_GRAOS,9.4500,8.9333,AMARELO,,Sim,Nao
SP,,2025-06,FARINHA DE MANDIOCA - FINA TIPO 1 SECA BRA,CEREAIS_GRAOS,4.2800,3.7743,AMARELO,,Nao,Nao
SP,SÃO PAULO-SP,2025-06,FARINHA DE MANDIOCA - FINA TIPO 1 SECA BRA,CEREAIS_GRAOS,4.2800,3.7743,AMARELO,,Nao,Nao
SP,SÃO PAULO-SP,2025-07,FARINHA DE MANDIOCA - FINA TIPO 1 SECA BRA,CEREAIS_GRAOS,3.8900,3.7743,AMARELO,,Nao,Nao
SP,SÃO PAULO-SP,2025-08,FARINHA DE MANDIOCA - FINA TIPO 1 SECA BRA,CEREAIS_GRAOS,3.6100,3.7743,AMARELO,,Nao,Nao
SP,SÃO PAULO-SP,2025-09,FARINHA DE MANDIOCA - FINA TIPO 1 SECA BRA,CEREAIS_GRAOS,3.7200,3.7743,AMARELO,,Nao,Nao
SP,SÃO PAULO-SP,2025-10,FARINHA DE MANDIOCA - FINA TIPO 1 SECA BRA,CEREAIS_GRAOS,3.5400,3.7743,AMARELO,,Nao,Nao
SP,,2025-10,FARINHA DE MANDIOCA - FINA TIPO 1 SECA BRA,CEREAIS_GRAOS,3.5400,3.7743,AMARELO,,Nao,Nao
SP,,2025-11,FARINHA DE MANDIOCA - FINA TIPO 1 SECA BRA,CEREAIS_GRAOS,3.7600,3.7743,AMARELO,,Nao,Nao
SP,,2025-12,FARINHA DE MANDIOCA - FINA TIPO 1 SECA BRA,CEREAIS_GRAOS,3.6200,3.7743,AMARELO,,Nao,Nao
SP,,2025-07,FARINHA DE MANDIOCA - FINA TIPO 1 SECA BRA,CEREAIS_GRAOS,3.8900,3.7743,AMARELO,,Nao,Nao
SP,SÃO PAULO-SP,2025-11,FARINHA DE MANDIOCA - FINA TIPO 1 SECA BRA,CEREAIS_GRAOS,3.7600,3.7743,AMARELO,,Nao,Nao
SP,SÃO PAULO-SP,2025-12,FARINHA DE MANDIOCA - FINA TIPO 1 SECA BRA,CEREAIS_GRAOS,3.6200,3.7743,AMARELO,,Nao,Nao
SP,,2025-08,FARINHA DE MANDIOCA - FINA TIPO 1 SECA BRA,CEREAIS_GRAOS,3.6100,3.7743,AMARELO,,Nao,Nao
SP,,2025-09,FARINHA DE MANDIOCA - FINA TIPO 1 SECA BRA,CEREAIS_GRAOS,3.7200,3.7743,AMARELO,,Nao,Nao
SP,,2025-10,FARINHA DE MANDIOCA - TORRADA,CEREAIS_GRAOS,2.9700,2.6957,AMARELO,,Nao,Nao
SP,,2025-11,FARINHA DE MANDIOCA - TORRADA,CEREAIS_GRAOS,2.9100,2.6957,AMARELO,,Nao,Nao
SP,,2025-12,FARINHA DE MANDIOCA - TORRADA,CEREAIS_GRAOS,2.8700,2.6957,AMARELO,,Nao,Nao
SP,,2026-01,FARINHA DE MANDIOCA - TORRADA,CEREAIS_GRAOS,2.7900,2.6957,AMARELO,,Nao,Nao
SP,,2026-02,FARINHA DE MANDIOCA - TORRADA,CEREAIS_GRAOS,2.6900,2.6957,AMARELO,,Nao,Nao
SP,,2026-03,FARINHA DE MANDIOCA - TORRADA,CEREAIS_GRAOS,2.7400,2.6957,AMARELO,,Nao,Nao
SP,,2026-04,FARINHA DE MANDIOCA - TORRADA,CEREAIS_GRAOS,2.7800,2.6957,AMARELO,,Nao,Nao
SP,PRESIDENTE PRUDENTE-SP,2025-06,FARINHA DE MANDIOCA - TORRADA,CEREAIS_GRAOS,2.9000,2.8771,AMARELO,,Nao,Nao
SP,PRESIDENTE PRUDENTE-SP,2025-09,FARINHA DE MANDIOCA - TORRADA,CEREAIS_GRAOS,3.0000,2.8771,AMARELO,,Nao,Nao
SP,PRESIDENTE PRUDENTE-SP,2025-10,FARINHA DE MANDIOCA - TORRADA,CEREAIS_GRAOS,3.3000,2.8771,AMARELO,,Nao,Nao
SP,PRESIDENTE PRUDENTE-SP,2025-11,FARINHA DE MANDIOCA - TORRADA,CEREAIS_GRAOS,3.1000,2.8771,AMARELO,,Nao,Nao
SP,PRESIDENTE PRUDENTE-SP,2025-12,FARINHA DE MANDIOCA - TORRADA,CEREAIS_GRAOS,3.1300,2.8771,AMARELO,,Nao,Nao
SP,CÂNDIDO MOTA-SP,2025-06,FARINHA DE MANDIOCA - TORRADA,CEREAIS_GRAOS,2.6300,2.5143,AMARELO,,Nao,Nao
SP,CÂNDIDO MOTA-SP,2025-07,FARINHA DE MANDIOCA - TORRADA,CEREAIS_GRAOS,2.2000,2.5143,AMARELO,,Nao,Nao
SP,CÂNDIDO MOTA-SP,2025-08,FARINHA DE MANDIOCA - TORRADA,CEREAIS_GRAOS,2.2000,2.5143,AMARELO,,Nao,Nao
SP,CÂNDIDO MOTA-SP,2025-10,FARINHA DE MANDIOCA - TORRADA,CEREAIS_GRAOS,2.6300,2.5143,AMARELO,,Nao,Nao
SP,CÂNDIDO MOTA-SP,2025-09,FARINHA DE MANDIOCA - TORRADA,CEREAIS_GRAOS,2.6100,2.5143,AMARELO,,Nao,Nao
SP,CÂNDIDO MOTA-SP,2025-11,FARINHA DE MANDIOCA - TORRADA,CEREAIS_GRAOS,2.7300,2.5143,AMARELO,,Nao,Nao
SP,CÂNDIDO MOTA-SP,2025-12,FARINHA DE MANDIOCA - TORRADA,CEREAIS_GRAOS,2.6000,2.5143,AMARELO,,Nao,Nao
SP,,2025-06,FARINHA DE MANDIOCA - TORRADA,CEREAIS_GRAOS,2.7600,2.6957,AMARELO,,Nao,Nao
SP,,2025-08,FARINHA DE MANDIOCA - TORRADA,CEREAIS_GRAOS,2.3200,2.6957,AMARELO,,Nao,Nao
SP,,2025-09,FARINHA DE MANDIOCA - TORRADA,CEREAIS_GRAOS,2.8000,2.6957,AMARELO,,Nao,Nao
SP,SÃO PAULO-SP,2026-05,FARINHA DE TRIGO - NÃO INFORMADO,CEREAIS_GRAOS,5.2600,5.3356,AMARELO,,Sim,Nao
SP,SÃO PAULO-SP,2026-04,FARINHA DE TRIGO - NÃO INFORMADO,CEREAIS_GRAOS,5.2800,5.3356,AMARELO,,Sim,Nao
SP,SÃO PAULO-SP,2026-03,FARINHA DE TRIGO - NÃO INFORMADO,CEREAIS_GRAOS,5.2600,5.3356,AMARELO,,Sim,Nao
SP,SÃO PAULO-SP,2026-02,FARINHA DE TRIGO - NÃO INFORMADO,CEREAIS_GRAOS,5.2600,5.3356,AMARELO,,Sim,Nao
SP,SÃO PAULO-SP,2026-01,FARINHA DE TRIGO - NÃO INFORMADO,CEREAIS_GRAOS,5.2800,5.3356,AMARELO,,Sim,Nao
SP,SÃO PAULO-SP,2025-12,FARINHA DE TRIGO - NÃO INFORMADO,CEREAIS_GRAOS,5.3500,5.3356,AMARELO,,Sim,Nao
SP,SÃO PAULO-SP,2025-11,FARINHA DE TRIGO - NÃO INFORMADO,CEREAIS_GRAOS,5.4100,5.3356,AMARELO,,Sim,Nao
SP,SÃO PAULO-SP,2025-10,FARINHA DE TRIGO - NÃO INFORMADO,CEREAIS_GRAOS,5.4700,5.3356,AMARELO,,Sim,Nao
SP,SÃO PAULO-SP,2025-09,FARINHA DE TRIGO - NÃO INFORMADO,CEREAIS_GRAOS,5.4500,5.3356,AMARELO,,Sim,Nao
SP,,2025-09,FARINHA DE TRIGO - NÃO INFORMADO,CEREAIS_GRAOS,5.4500,5.3356,AMARELO,,Sim,Nao
SP,,2025-10,FARINHA DE TRIGO - NÃO INFORMADO,CEREAIS_GRAOS,5.4700,5.3356,AMARELO,,Sim,Nao
SP,,2025-11,FARINHA DE TRIGO - NÃO INFORMADO,CEREAIS_GRAOS,5.4100,5.3356,AMARELO,,Sim,Nao
SP,,2025-12,FARINHA DE TRIGO - NÃO INFORMADO,CEREAIS_GRAOS,5.3500,5.3356,AMARELO,,Sim,Nao
SP,,2026-01,FARINHA DE TRIGO - NÃO INFORMADO,CEREAIS_GRAOS,5.2800,5.3356,AMARELO,,Sim,Nao
SP,,2026-02,FARINHA DE TRIGO - NÃO INFORMADO,CEREAIS_GRAOS,5.2600,5.3356,AMARELO,,Sim,Nao
SP,,2026-03,FARINHA DE TRIGO - NÃO INFORMADO,CEREAIS_GRAOS,5.2600,5.3356,AMARELO,,Sim,Nao
SP,,2026-04,FARINHA DE TRIGO - NÃO INFORMADO,CEREAIS_GRAOS,5.2800,5.3356,AMARELO,,Sim,Nao
SP,,2026-05,FARINHA DE TRIGO - NÃO INFORMADO,CEREAIS_GRAOS,5.2600,5.3356,AMARELO,,Sim,Nao
SP,,2025-07,FARINHA DE TRIGO - SEM FERMENTO,CEREAIS_GRAOS,5.0300,4.5657,AMARELO,,Nao,Nao
SP,SÃO PAULO-SP,2025-06,FARINHA DE TRIGO - SEM FERMENTO,CEREAIS_GRAOS,4.7900,4.2157,AMARELO,,Nao,Nao
SP,SÃO PAULO-SP,2025-08,FARINHA DE TRIGO - SEM FERMENTO,CEREAIS_GRAOS,3.8900,4.2157,AMARELO,,Nao,Nao
SP,SÃO PAULO-SP,2025-09,FARINHA DE TRIGO - SEM FERMENTO,CEREAIS_GRAOS,3.9700,4.2157,AMARELO,,Nao,Nao
SP,SÃO PAULO-SP,2025-11,FARINHA DE TRIGO - SEM FERMENTO,CEREAIS_GRAOS,4.8000,4.2157,AMARELO,,Nao,Nao
SP,,2025-06,FARINHA DE TRIGO - SEM FERMENTO,CEREAIS_GRAOS,4.7900,4.5657,AMARELO,,Nao,Nao
SP,,2025-08,FARINHA DE TRIGO - SEM FERMENTO,CEREAIS_GRAOS,4.9300,4.5657,AMARELO,,Nao,Nao
SP,,2025-10,FARINHA DE TRIGO - SEM FERMENTO,CEREAIS_GRAOS,4.6300,4.5657,AMARELO,,Nao,Nao
SP,,2025-11,FARINHA DE TRIGO - SEM FERMENTO,CEREAIS_GRAOS,4.8000,4.5657,AMARELO,,Nao,Nao
SP,,2025-12,FARINHA DE TRIGO - SEM FERMENTO,CEREAIS_GRAOS,4.3500,4.5657,AMARELO,,Nao,Nao
SP,TAQUARITUBA-SP,2025-12,FEIJAO - COMUM CORES,ALIMENTO_VAREJO,3.9800,3.7786,AMARELO,,Nao,Nao
SP,TAQUARITUBA-SP,2025-11,FEIJAO - COMUM CORES,ALIMENTO_VAREJO,4.0700,3.7786,AMARELO,,Nao,Nao
SP,TAQUARITUBA-SP,2025-10,FEIJAO - COMUM CORES,ALIMENTO_VAREJO,3.9000,3.7786,AMARELO,,Nao,Nao
SP,TAQUARITUBA-SP,2025-09,FEIJAO - COMUM CORES,ALIMENTO_VAREJO,3.9400,3.7786,AMARELO,,Nao,Nao
SP,TAQUARITUBA-SP,2025-08,FEIJAO - COMUM CORES,ALIMENTO_VAREJO,3.5600,3.7786,AMARELO,,Nao,Nao
SP,TAQUARITUBA-SP,2025-07,FEIJAO - COMUM CORES,ALIMENTO_VAREJO,3.3500,3.7786,AMARELO,,Nao,Nao
SP,TAQUARITUBA-SP,2025-06,FEIJAO - COMUM CORES,ALIMENTO_VAREJO,3.6500,3.7786,AMARELO,,Nao,Nao
SP,ITAÍ-SP,2025-12,FEIJAO - COMUM CORES,ALIMENTO_VAREJO,4.0800,3.9500,AMARELO,,Nao,Nao
SP,ITAÍ-SP,2025-11,FEIJAO - COMUM CORES,ALIMENTO_VAREJO,4.2300,3.9500,AMARELO,,Nao,Nao
SP,ITAÍ-SP,2025-10,FEIJAO - COMUM CORES,ALIMENTO_VAREJO,4.1700,3.9500,AMARELO,,Nao,Nao
SP,ITAÍ-SP,2025-09,FEIJAO - COMUM CORES,ALIMENTO_VAREJO,4.2400,3.9500,AMARELO,,Nao,Nao
SP,ITAÍ-SP,2025-08,FEIJAO - COMUM CORES,ALIMENTO_VAREJO,3.7900,3.9500,AMARELO,,Nao,Nao
SP,ITAÍ-SP,2025-07,FEIJAO - COMUM CORES,ALIMENTO_VAREJO,3.5800,3.9500,AMARELO,,Nao,Nao
SP,ITAÍ-SP,2025-06,FEIJAO - COMUM CORES,ALIMENTO_VAREJO,3.5600,3.9500,AMARELO,,Nao,Nao
SP,,2026-01,FEIJAO - COMUM CORES,ALIMENTO_VAREJO,3.9100,3.8614,AMARELO,,Nao,Nao
SP,,2025-12,FEIJAO - COMUM CORES,ALIMENTO_VAREJO,4.0300,3.8614,AMARELO,,Nao,Nao
SP,,2025-11,FEIJAO - COMUM CORES,ALIMENTO_VAREJO,4.1500,3.8614,AMARELO,,Nao,Nao
SP,,2025-10,FEIJAO - COMUM CORES,ALIMENTO_VAREJO,4.0300,3.8614,AMARELO,,Nao,Nao
SP,,2025-09,FEIJAO - COMUM CORES,ALIMENTO_VAREJO,4.0900,3.8614,AMARELO,,Nao,Nao
SP,,2025-08,FEIJAO - COMUM CORES,ALIMENTO_VAREJO,3.6700,3.8614,AMARELO,,Nao,Nao
SP,,2025-07,FEIJAO - COMUM CORES,ALIMENTO_VAREJO,3.4600,3.8614,AMARELO,,Nao,Nao
SP,,2025-06,FEIJAO - COMUM CORES,ALIMENTO_VAREJO,3.6000,3.8614,AMARELO,,Nao,Nao
SP,SÃO PAULO-SP,2025-06,FEIJAO - COMUM CORES TIPO 1,ALIMENTO_VAREJO,6.3800,6.4557,AMARELO,,Nao,Nao
SP,SÃO PAULO-SP,2025-07,FEIJAO - COMUM CORES TIPO 1,ALIMENTO_VAREJO,5.9600,6.4557,AMARELO,,Nao,Nao
SP,SÃO PAULO-SP,2025-09,FEIJAO - COMUM CORES TIPO 1,ALIMENTO_VAREJO,6.8400,6.4557,AMARELO,,Nao,Nao
SP,SÃO PAULO-SP,2025-10,FEIJAO - COMUM CORES TIPO 1,ALIMENTO_VAREJO,6.8400,6.4557,AMARELO,,Nao,Nao
SP,SÃO PAULO-SP,2025-11,FEIJAO - COMUM CORES TIPO 1,ALIMENTO_VAREJO,6.8600,6.4557,AMARELO,,Nao,Nao
SP,SÃO PAULO-SP,2025-12,FEIJAO - COMUM CORES TIPO 1,ALIMENTO_VAREJO,6.9100,6.4557,AMARELO,,Nao,Nao
SP,SÃO PAULO-SP,2026-01,FEIJAO - COMUM CORES TIPO 1,ALIMENTO_VAREJO,6.8800,6.4557,AMARELO,,Nao,Nao
SP,SÃO PAULO-SP,2026-02,FEIJAO - COMUM CORES TIPO 1,ALIMENTO_VAREJO,7.3600,6.4557,AMARELO,,Nao,Nao
SP,,2025-06,FEIJAO - COMUM CORES TIPO 1,ALIMENTO_VAREJO,6.1700,5.9629,AMARELO,,Nao,Nao
SP,,2025-07,FEIJAO - COMUM CORES TIPO 1,ALIMENTO_VAREJO,5.8200,5.9629,AMARELO,,Nao,Nao
SP,,2025-08,FEIJAO - COMUM CORES TIPO 1,ALIMENTO_VAREJO,5.4000,5.9629,AMARELO,,Nao,Nao
SP,,2025-09,FEIJAO - COMUM CORES TIPO 1,ALIMENTO_VAREJO,6.8400,5.9629,AMARELO,,Nao,Nao
SP,,2025-10,FEIJAO - COMUM CORES TIPO 1,ALIMENTO_VAREJO,5.2900,5.9629,AMARELO,,Nao,Nao
SP,,2025-11,FEIJAO - COMUM CORES TIPO 1,ALIMENTO_VAREJO,5.3100,5.9629,AMARELO,,Nao,Nao
SP,,2025-06,FEIJAO - COMUM PRETO TIPO 1,ALIMENTO_VAREJO,5.9200,5.1486,AMARELO,,Nao,Nao
SP,,2025-07,FEIJAO - COMUM PRETO TIPO 1,ALIMENTO_VAREJO,5.0400,5.1486,AMARELO,,Nao,Nao
SP,,2025-08,FEIJAO - COMUM PRETO TIPO 1,ALIMENTO_VAREJO,4.9200,5.1486,AMARELO,,Nao,Nao
SP,,2025-09,FEIJAO - COMUM PRETO TIPO 1,ALIMENTO_VAREJO,5.3800,5.1486,AMARELO,,Nao,Nao
SP,,2025-10,FEIJAO - COMUM PRETO TIPO 1,ALIMENTO_VAREJO,5.0200,5.1486,AMARELO,,Nao,Nao
SP,,2025-11,FEIJAO - COMUM PRETO TIPO 1,ALIMENTO_VAREJO,4.9600,5.1486,AMARELO,,Nao,Nao
SP,,2025-12,FEIJAO - COMUM PRETO TIPO 1,ALIMENTO_VAREJO,4.8000,5.1486,AMARELO,,Nao,Nao
SP,SÃO PAULO-SP,2025-06,FEIJAO - COMUM PRETO TIPO 1,ALIMENTO_VAREJO,5.9200,5.1643,AMARELO,,Nao,Nao
SP,SÃO PAULO-SP,2025-07,FEIJAO - COMUM PRETO TIPO 1,ALIMENTO_VAREJO,5.1500,5.1643,AMARELO,,Nao,Nao
SP,SÃO PAULO-SP,2025-08,FEIJAO - COMUM PRETO TIPO 1,ALIMENTO_VAREJO,4.9200,5.1643,AMARELO,,Nao,Nao
SP,SÃO PAULO-SP,2025-09,FEIJAO - COMUM PRETO TIPO 1,ALIMENTO_VAREJO,5.3800,5.1643,AMARELO,,Nao,Nao
SP,SÃO PAULO-SP,2025-10,FEIJAO - COMUM PRETO TIPO 1,ALIMENTO_VAREJO,5.0200,5.1643,AMARELO,,Nao,Nao
SP,SÃO PAULO-SP,2025-11,FEIJAO - COMUM PRETO TIPO 1,ALIMENTO_VAREJO,4.9600,5.1643,AMARELO,,Nao,Nao
SP,SÃO PAULO-SP,2025-12,FEIJAO - COMUM PRETO TIPO 1,ALIMENTO_VAREJO,4.8000,5.1643,AMARELO,,Nao,Nao
SP,,2026-06,Feijão de Corda,LEGUMES,4.7800,4.7800,AMARELO,,Nao,Nao
SP,,2026-07,Figo,FRUTAS,29.3300,29.3300,AMARELO,,Nao,Nao
SP,,2026-06,Figo,FRUTAS,30.6600,30.6600,AMARELO,,Nao,Nao
SP,,2026-06,File de Tilapia,PESCADOS,41.7800,41.7800,AMARELO,,Nao,Nao
SP,,2026-07,File de Tilapia,PESCADOS,42.7600,42.7600,AMARELO,,Nao,Nao
SP,SÃO PAULO-SP,2025-06,FLOCOS DE MILHO - PRE-COZIDO,ALIMENTO_VAREJO,7.9600,8.2171,AMARELO,,Nao,Nao
SP,SÃO PAULO-SP,2025-07,FLOCOS DE MILHO - PRE-COZIDO,ALIMENTO_VAREJO,8.6800,8.2171,AMARELO,,Nao,Nao
SP,SÃO PAULO-SP,2025-08,FLOCOS DE MILHO - PRE-COZIDO,ALIMENTO_VAREJO,8.2200,8.2171,AMARELO,,Nao,Nao
SP,SÃO PAULO-SP,2025-09,FLOCOS DE MILHO - PRE-COZIDO,ALIMENTO_VAREJO,8.2000,8.2171,AMARELO,,Nao,Nao
SP,SÃO PAULO-SP,2025-10,FLOCOS DE MILHO - PRE-COZIDO,ALIMENTO_VAREJO,8.2400,8.2171,AMARELO,,Nao,Nao
SP,SÃO PAULO-SP,2025-11,FLOCOS DE MILHO - PRE-COZIDO,ALIMENTO_VAREJO,8.0000,8.2171,AMARELO,,Nao,Nao
SP,SÃO PAULO-SP,2025-12,FLOCOS DE MILHO - PRE-COZIDO,ALIMENTO_VAREJO,8.2200,8.2171,AMARELO,,Nao,Nao
SP,,2025-06,FLOCOS DE MILHO - PRE-COZIDO,ALIMENTO_VAREJO,8.1300,8.1729,AMARELO,,Nao,Nao
SP,,2025-07,FLOCOS DE MILHO - PRE-COZIDO,ALIMENTO_VAREJO,8.6800,8.1729,AMARELO,,Nao,Nao
SP,,2025-08,FLOCOS DE MILHO - PRE-COZIDO,ALIMENTO_VAREJO,7.7400,8.1729,AMARELO,,Nao,Nao
SP,,2025-09,FLOCOS DE MILHO - PRE-COZIDO,ALIMENTO_VAREJO,8.2000,8.1729,AMARELO,,Nao,Nao
SP,,2025-10,FLOCOS DE MILHO - PRE-COZIDO,ALIMENTO_VAREJO,8.2400,8.1729,AMARELO,,Nao,Nao
SP,,2025-11,FLOCOS DE MILHO - PRE-COZIDO,ALIMENTO_VAREJO,8.0000,8.1729,AMARELO,,Nao,Nao
SP,,2025-12,FLOCOS DE MILHO - PRE-COZIDO,ALIMENTO_VAREJO,8.2200,8.1729,AMARELO,,Nao,Nao
SP,,2026-07,Framboesa,FRUTAS,200.0000,200.0000,AMARELO,,Nao,Nao
SP,,2025-08,FRANGO - VIVO,PROTEINAS,5.6800,5.8514,AMARELO,,Nao,Nao
SP,,2025-06,FRANGO - VIVO,PROTEINAS,5.5900,5.8514,AMARELO,,Nao,Nao
SP,,2025-12,FRANGO - VIVO,PROTEINAS,5.7800,5.8514,AMARELO,,Nao,Nao
SP,,2025-11,FRANGO - VIVO,PROTEINAS,6.1200,5.8514,AMARELO,,Nao,Nao
SP,,2025-10,FRANGO - VIVO,PROTEINAS,6.2700,5.8514,AMARELO,,Nao,Nao
SP,,2025-09,FRANGO - VIVO,PROTEINAS,5.7700,5.8514,AMARELO,,Nao,Nao
SP,,2025-07,FRANGO - VIVO,PROTEINAS,5.7500,5.8514,AMARELO,,Nao,Nao
SP,LIMEIRA-SP,2025-06,FRANGO - VIVO,PROTEINAS,5.5000,5.8071,AMARELO,,Nao,Nao
SP,LIMEIRA-SP,2025-07,FRANGO - VIVO,PROTEINAS,5.7800,5.8071,AMARELO,,Nao,Nao
SP,LIMEIRA-SP,2025-08,FRANGO - VIVO,PROTEINAS,5.7500,5.8071,AMARELO,,Nao,Nao
SP,LIMEIRA-SP,2025-09,FRANGO - VIVO,PROTEINAS,5.5600,5.8071,AMARELO,,Nao,Nao
SP,LIMEIRA-SP,2025-10,FRANGO - VIVO,PROTEINAS,6.1400,5.8071,AMARELO,,Nao,Nao
SP,LIMEIRA-SP,2025-11,FRANGO - VIVO,PROTEINAS,6.0800,5.8071,AMARELO,,Nao,Nao
SP,LIMEIRA-SP,2025-12,FRANGO - VIVO,PROTEINAS,5.8400,5.8071,AMARELO,,Nao,Nao
SP,ARARAQUARA-SP,2025-12,FRANGO - VIVO,PROTEINAS,5.7200,5.8929,AMARELO,,Nao,Nao
SP,ARARAQUARA-SP,2025-11,FRANGO - VIVO,PROTEINAS,6.1500,5.8929,AMARELO,,Nao,Nao
SP,ARARAQUARA-SP,2025-10,FRANGO - VIVO,PROTEINAS,6.4000,5.8929,AMARELO,,Nao,Nao
SP,ARARAQUARA-SP,2025-09,FRANGO - VIVO,PROTEINAS,5.9800,5.8929,AMARELO,,Nao,Nao
SP,ARARAQUARA-SP,2025-08,FRANGO - VIVO,PROTEINAS,5.6000,5.8929,AMARELO,,Nao,Nao
SP,ARARAQUARA-SP,2025-07,FRANGO - VIVO,PROTEINAS,5.7200,5.8929,AMARELO,,Nao,Nao
SP,ARARAQUARA-SP,2025-06,FRANGO - VIVO,PROTEINAS,5.6800,5.8929,AMARELO,,Nao,Nao
SP,,2026-04,FRANGO - VIVO,PROTEINAS,5.8300,5.8514,AMARELO,,Nao,Nao
SP,,2026-03,FRANGO - VIVO,PROTEINAS,5.7600,5.8514,AMARELO,,Nao,Nao
SP,,2026-02,FRANGO - VIVO,PROTEINAS,5.6700,5.8514,AMARELO,,Nao,Nao
SP,,2026-01,FRANGO - VIVO,PROTEINAS,5.4900,5.8514,AMARELO,,Nao,Nao
SP,,2026-07,Gengibre,LEGUMES,4.2100,4.2100,AMARELO,,Nao,Nao
SP,,2026-06,Gengibre,LEGUMES,4.3100,4.3100,AMARELO,,Nao,Nao
SP,,2026-07,Gobô,VERDURAS,23.0000,23.0000,AMARELO,,Nao,Nao
SP,,2026-06,Gobô,VERDURAS,23.0000,23.0000,AMARELO,,Nao,Nao
SP,,2026-07,Goiaba,FRUTAS,4.5233,4.5233,AMARELO,,Nao,Nao
SP,,2026-06,Goiaba,FRUTAS,8.0000,8.0000,AMARELO,,Nao,Nao
SP,,2026-07,Gordinho,PESCADOS,6.5000,6.5000,AMARELO,,Nao,Nao
SP,,2026-06,Gordinho,PESCADOS,3.9000,3.9000,AMARELO,,Nao,Nao
SP,,2026-06,Granadilla Imp Colômbia,FRUTAS,55.0000,55.0000,AMARELO,,Nao,Nao
SP,,2026-07,Granadilla Imp Colômbia,FRUTAS,49.7000,49.7000,AMARELO,,Nao,Nao
SP,,2026-07,Graviola,FRUTAS,11.3300,11.3300,AMARELO,,Nao,Nao
SP,,2026-06,Guaivira,PESCADOS,3.9000,3.9000,AMARELO,,Nao,Nao
SP,,2026-07,Guaivira,PESCADOS,3.9000,3.9000,AMARELO,,Nao,Nao
SP,,2026-06,Hortelã,VERDURAS,6.5800,6.5800,AMARELO,,Nao,Nao
SP,,2026-07,Hortelã,VERDURAS,7.3600,7.3600,AMARELO,,Nao,Nao
SP,,2026-06,Inhame,LEGUMES,4.5000,4.5000,AMARELO,,Nao,Nao
SP,,2026-07,Inhame,LEGUMES,2.8267,2.8267,AMARELO,,Nao,Nao
SP,,2026-06,Jaca,FRUTAS,4.8200,4.8200,AMARELO,,Nao,Nao
SP,,2026-07,Jaca,FRUTAS,6.1200,6.1200,AMARELO,,Nao,Nao
SP,,2026-06,Jiló,LEGUMES,6.6700,6.6700,AMARELO,,Nao,Nao
SP,,2026-07,Jiló,LEGUMES,6.6500,6.6500,AMARELO,,Nao,Nao
SP,,2026-07,Kiwi Gold NZL Importado,FRUTAS,33.5900,33.5900,AMARELO,,Nao,Nao
SP,,2026-06,Kiwi Gold NZL Importado,FRUTAS,33.1800,33.1800,AMARELO,,Nao,Nao
SP,,2026-06,Kiwi Green NZL Importado,FRUTAS,33.1800,33.1800,AMARELO,,Nao,Nao
SP,,2026-07,Kiwi Green NZL Importado,FRUTAS,33.5900,33.5900,AMARELO,,Nao,Nao
SP,,2026-07,Kiwi Imp Chile,FRUTAS,15.0000,15.0000,AMARELO,,Nao,Nao
SP,,2026-07,Kiwi Imp Itália,FRUTAS,15.0000,15.0000,AMARELO,,Nao,Nao
SP,,2026-06,Kiwi Nacional,FRUTAS,3.5400,3.5400,AMARELO,,Nao,Nao
SP,MOJI MIRIM-SP,2025-08,LARANJA - INDÚSTRIA PERA,FRUTAS,1.0300,1.0414,AMARELO,,Nao,Nao
SP,MOJI MIRIM-SP,2025-07,LARANJA - INDÚSTRIA PERA,FRUTAS,0.9300,1.0414,AMARELO,,Nao,Nao
SP,MOJI MIRIM-SP,2025-06,LARANJA - INDÚSTRIA PERA,FRUTAS,1.1500,1.0414,AMARELO,,Nao,Nao
SP,SANTA SALETE-SP,2025-12,LARANJA - INDÚSTRIA PERA,FRUTAS,1.2600,1.2714,AMARELO,,Nao,Nao
SP,SANTA SALETE-SP,2025-11,LARANJA - INDÚSTRIA PERA,FRUTAS,1.3600,1.2714,AMARELO,,Nao,Nao
SP,SANTA SALETE-SP,2025-10,LARANJA - INDÚSTRIA PERA,FRUTAS,1.1500,1.2714,AMARELO,,Nao,Nao
SP,SANTA SALETE-SP,2025-08,LARANJA - INDÚSTRIA PERA,FRUTAS,1.2900,1.2714,AMARELO,,Nao,Nao
SP,SANTA SALETE-SP,2025-07,LARANJA - INDÚSTRIA PERA,FRUTAS,1.2000,1.2714,AMARELO,,Nao,Nao
SP,,2025-11,LARANJA - INDÚSTRIA PERA,FRUTAS,1.1900,1.1243,AMARELO,,Nao,Nao
SP,,2025-10,LARANJA - INDÚSTRIA PERA,FRUTAS,1.1400,1.1243,AMARELO,,Nao,Nao
SP,,2025-09,LARANJA - INDÚSTRIA PERA,FRUTAS,1.1300,1.1243,AMARELO,,Nao,Nao
SP,,2025-08,LARANJA - INDÚSTRIA PERA,FRUTAS,1.1300,1.1243,AMARELO,,Nao,Nao
SP,,2025-07,LARANJA - INDÚSTRIA PERA,FRUTAS,1.0600,1.1243,AMARELO,,Nao,Nao
SP,,2025-06,LARANJA - INDÚSTRIA PERA,FRUTAS,1.2900,1.1243,AMARELO,,Nao,Nao
SP,BEBEDOURO-SP,2025-11,LARANJA - INDÚSTRIA PERA,FRUTAS,1.0700,1.1386,AMARELO,,Nao,Nao
SP,BEBEDOURO-SP,2025-10,LARANJA - INDÚSTRIA PERA,FRUTAS,1.2300,1.1386,AMARELO,,Nao,Nao
SP,BEBEDOURO-SP,2025-09,LARANJA - INDÚSTRIA PERA,FRUTAS,1.2300,1.1386,AMARELO,,Nao,Nao
SP,BEBEDOURO-SP,2025-08,LARANJA - INDÚSTRIA PERA,FRUTAS,1.0900,1.1386,AMARELO,,Nao,Nao
SP,BEBEDOURO-SP,2025-07,LARANJA - INDÚSTRIA PERA,FRUTAS,1.0900,1.1386,AMARELO,,Nao,Nao
SP,MOJI MIRIM-SP,2025-10,LARANJA - INDÚSTRIA PERA,FRUTAS,1.0300,1.0414,AMARELO,,Nao,Nao
SP,MOJI MIRIM-SP,2025-09,LARANJA - INDÚSTRIA PERA,FRUTAS,1.0400,1.0414,AMARELO,,Nao,Nao
SP,ITÁPOLIS-SP,2025-11,LARANJA - INDÚSTRIA PERA,FRUTAS,1.0400,1.0871,AMARELO,,Nao,Nao
SP,ITÁPOLIS-SP,2025-10,LARANJA - INDÚSTRIA PERA,FRUTAS,1.2300,1.0871,AMARELO,,Nao,Nao
SP,ITÁPOLIS-SP,2025-09,LARANJA - INDÚSTRIA PERA,FRUTAS,1.2300,1.0871,AMARELO,,Nao,Nao
SP,ITÁPOLIS-SP,2025-08,LARANJA - INDÚSTRIA PERA,FRUTAS,1.1900,1.0871,AMARELO,,Nao,Nao
SP,ITÁPOLIS-SP,2025-07,LARANJA - INDÚSTRIA PERA,FRUTAS,1.0800,1.0871,AMARELO,,Nao,Nao
SP,ITÁPOLIS-SP,2025-06,LARANJA - INDÚSTRIA PERA,FRUTAS,1.1000,1.0871,AMARELO,,Nao,Nao
SP,,2026-06,Laranja Baia,FRUTAS,2.5000,2.5000,AMARELO,,Nao,Nao
SP,,2026-07,Laranja Baia,FRUTAS,2.6931,2.6931,AMARELO,,Nao,Nao
SP,,2026-06,Laranja Baia Importada,FRUTAS,2.9800,2.9800,AMARELO,,Nao,Nao
SP,,2026-06,Laranja Valência,FRUTAS,3.2500,3.2500,AMARELO,,Nao,Nao
SP,,2026-07,Laranja Valência,FRUTAS,3.0000,3.0000,AMARELO,,Nao,Nao
SP,SÃO PAULO-SP,2025-12,LEITE DE VACA - EM PÓ INTEGRAL,PROTEINAS,37.4900,38.1957,AMARELO,,Nao,Nao
SP,SÃO PAULO-SP,2025-11,LEITE DE VACA - EM PÓ INTEGRAL,PROTEINAS,37.0600,38.1957,AMARELO,,Nao,Nao
SP,SÃO PAULO-SP,2025-10,LEITE DE VACA - EM PÓ INTEGRAL,PROTEINAS,38.5300,38.1957,AMARELO,,Nao,Nao
SP,SÃO PAULO-SP,2025-09,LEITE DE VACA - EM PÓ INTEGRAL,PROTEINAS,37.4800,38.1957,AMARELO,,Nao,Nao
SP,SÃO PAULO-SP,2025-08,LEITE DE VACA - EM PÓ INTEGRAL,PROTEINAS,39.0400,38.1957,AMARELO,,Nao,Nao
SP,SÃO PAULO-SP,2025-07,LEITE DE VACA - EM PÓ INTEGRAL,PROTEINAS,39.4500,38.1957,AMARELO,,Nao,Nao
SP,SÃO PAULO-SP,2025-06,LEITE DE VACA - EM PÓ INTEGRAL,PROTEINAS,38.3200,38.1957,AMARELO,,Nao,Nao
SP,,2025-12,LEITE DE VACA - EM PÓ INTEGRAL,PROTEINAS,37.4900,38.7629,AMARELO,,Nao,Nao
SP,,2025-11,LEITE DE VACA - EM PÓ INTEGRAL,PROTEINAS,37.0600,38.7629,AMARELO,,Nao,Nao
SP,,2025-10,LEITE DE VACA - EM PÓ INTEGRAL,PROTEINAS,38.5300,38.7629,AMARELO,,Nao,Nao
SP,,2025-09,LEITE DE VACA - EM PÓ INTEGRAL,PROTEINAS,37.4800,38.7629,AMARELO,,Nao,Nao
SP,,2025-08,LEITE DE VACA - EM PÓ INTEGRAL,PROTEINAS,41.2800,38.7629,AMARELO,,Nao,Nao
SP,,2025-07,LEITE DE VACA - EM PÓ INTEGRAL,PROTEINAS,39.4500,38.7629,AMARELO,,Nao,Nao
SP,,2025-06,LEITE DE VACA - EM PÓ INTEGRAL,PROTEINAS,40.0500,38.7629,AMARELO,,Nao,Nao
SP,CACHOEIRA PAULISTA-SP,2025-11,LEITE DE VACA - IN NATURA,PROTEINAS,2.1400,2.1857,AMARELO,,Nao,Nao
SP,CACHOEIRA PAULISTA-SP,2025-10,LEITE DE VACA - IN NATURA,PROTEINAS,2.1400,2.1857,AMARELO,,Nao,Nao
SP,CACHOEIRA PAULISTA-SP,2025-09,LEITE DE VACA - IN NATURA,PROTEINAS,2.2800,2.1857,AMARELO,,Nao,Nao
SP,CACHOEIRA PAULISTA-SP,2025-08,LEITE DE VACA - IN NATURA,PROTEINAS,2.3300,2.1857,AMARELO,,Nao,Nao
SP,CACHOEIRA PAULISTA-SP,2025-07,LEITE DE VACA - IN NATURA,PROTEINAS,2.3300,2.1857,AMARELO,,Nao,Nao
SP,CACHOEIRA PAULISTA-SP,2025-06,LEITE DE VACA - IN NATURA,PROTEINAS,2.3300,2.1857,AMARELO,,Nao,Nao
SP,PINDAMONHANGABA-SP,2025-11,LEITE DE VACA - IN NATURA,PROTEINAS,2.0700,2.2386,AMARELO,,Nao,Nao
SP,PINDAMONHANGABA-SP,2025-10,LEITE DE VACA - IN NATURA,PROTEINAS,2.1800,2.2386,AMARELO,,Nao,Nao
SP,PINDAMONHANGABA-SP,2025-09,LEITE DE VACA - IN NATURA,PROTEINAS,2.3500,2.2386,AMARELO,,Nao,Nao
SP,PINDAMONHANGABA-SP,2025-08,LEITE DE VACA - IN NATURA,PROTEINAS,2.3600,2.2386,AMARELO,,Nao,Nao
SP,PINDAMONHANGABA-SP,2025-07,LEITE DE VACA - IN NATURA,PROTEINAS,2.3800,2.2386,AMARELO,,Nao,Nao
SP,PINDAMONHANGABA-SP,2025-06,LEITE DE VACA - IN NATURA,PROTEINAS,2.4800,2.2386,AMARELO,,Nao,Nao
SP,SÃO JOSÉ DOS CAMPOS-SP,2025-12,LEITE DE VACA - IN NATURA,PROTEINAS,2.3800,2.6129,AMARELO,,Nao,Nao
SP,SÃO JOSÉ DOS CAMPOS-SP,2025-11,LEITE DE VACA - IN NATURA,PROTEINAS,2.4800,2.6129,AMARELO,,Nao,Nao
SP,SÃO JOSÉ DOS CAMPOS-SP,2025-10,LEITE DE VACA - IN NATURA,PROTEINAS,2.6900,2.6129,AMARELO,,Nao,Nao
SP,SÃO JOSÉ DOS CAMPOS-SP,2025-09,LEITE DE VACA - IN NATURA,PROTEINAS,2.6700,2.6129,AMARELO,,Nao,Nao
SP,SÃO JOSÉ DOS CAMPOS-SP,2025-08,LEITE DE VACA - IN NATURA,PROTEINAS,2.6900,2.6129,AMARELO,,Nao,Nao
SP,SÃO JOSÉ DOS CAMPOS-SP,2025-07,LEITE DE VACA - IN NATURA,PROTEINAS,2.6900,2.6129,AMARELO,,Nao,Nao
SP,SÃO JOSÉ DOS CAMPOS-SP,2025-06,LEITE DE VACA - IN NATURA,PROTEINAS,2.6900,2.6129,AMARELO,,Nao,Nao
SP,,2026-04,LEITE DE VACA - IN NATURA,PROTEINAS,2.2200,2.3457,AMARELO,,Nao,Nao
SP,,2026-03,LEITE DE VACA - IN NATURA,PROTEINAS,2.0400,2.3457,AMARELO,,Nao,Nao
SP,,2025-11,LEITE DE VACA - IN NATURA,PROTEINAS,2.2200,2.3457,AMARELO,,Nao,Nao
SP,,2025-10,LEITE DE VACA - IN NATURA,PROTEINAS,2.3400,2.3457,AMARELO,,Nao,Nao
SP,,2025-09,LEITE DE VACA - IN NATURA,PROTEINAS,2.4400,2.3457,AMARELO,,Nao,Nao
SP,,2025-08,LEITE DE VACA - IN NATURA,PROTEINAS,2.4600,2.3457,AMARELO,,Nao,Nao
SP,,2025-07,LEITE DE VACA - IN NATURA,PROTEINAS,2.4700,2.3457,AMARELO,,Nao,Nao
SP,,2025-06,LEITE DE VACA - IN NATURA,PROTEINAS,2.5000,2.3457,AMARELO,,Nao,Nao
SP,,2026-02,LEITE DE VACA - LONGA VIDA INTEGRAL,PROTEINAS,6.1900,5.5343,AMARELO,,Nao,Nao
SP,,2026-01,LEITE DE VACA - LONGA VIDA INTEGRAL,PROTEINAS,6.1600,5.5343,AMARELO,,Nao,Nao
SP,,2025-09,LEITE DE VACA - LONGA VIDA INTEGRAL,PROTEINAS,5.1000,5.5343,AMARELO,,Nao,Nao
SP,,2025-08,LEITE DE VACA - LONGA VIDA INTEGRAL,PROTEINAS,5.3000,5.5343,AMARELO,,Nao,Nao
SP,,2025-07,LEITE DE VACA - LONGA VIDA INTEGRAL,PROTEINAS,5.3000,5.5343,AMARELO,,Nao,Nao
SP,,2025-06,LEITE DE VACA - LONGA VIDA INTEGRAL,PROTEINAS,5.2100,5.5343,AMARELO,,Nao,Nao
SP,SÃO PAULO-SP,2026-03,LEITE DE VACA - LONGA VIDA INTEGRAL,PROTEINAS,6.4900,6.0529,AMARELO,,Nao,Nao
SP,SÃO PAULO-SP,2026-02,LEITE DE VACA - LONGA VIDA INTEGRAL,PROTEINAS,6.1900,6.0529,AMARELO,,Nao,Nao
SP,SÃO PAULO-SP,2026-01,LEITE DE VACA - LONGA VIDA INTEGRAL,PROTEINAS,6.1600,6.0529,AMARELO,,Nao,Nao
SP,SÃO PAULO-SP,2025-12,LEITE DE VACA - LONGA VIDA INTEGRAL,PROTEINAS,6.3600,6.0529,AMARELO,,Nao,Nao
SP,SÃO PAULO-SP,2025-11,LEITE DE VACA - LONGA VIDA INTEGRAL,PROTEINAS,6.5900,6.0529,AMARELO,,Nao,Nao
SP,SÃO PAULO-SP,2025-10,LEITE DE VACA - LONGA VIDA INTEGRAL,PROTEINAS,6.7900,6.0529,AMARELO,,Nao,Nao
SP,SÃO PAULO-SP,2025-09,LEITE DE VACA - LONGA VIDA INTEGRAL,PROTEINAS,6.8200,6.0529,AMARELO,,Nao,Nao
SP,SÃO PAULO-SP,2025-08,LEITE DE VACA - LONGA VIDA INTEGRAL,PROTEINAS,5.3000,6.0529,AMARELO,,Nao,Nao
SP,SÃO PAULO-SP,2025-07,LEITE DE VACA - LONGA VIDA INTEGRAL,PROTEINAS,5.1900,6.0529,AMARELO,,Nao,Nao
SP,SÃO PAULO-SP,2025-06,LEITE DE VACA - LONGA VIDA INTEGRAL,PROTEINAS,5.3200,6.0529,AMARELO,,Nao,Nao
SP,,2026-07,Lima Pérsia,FRUTAS,2.8167,2.8167,AMARELO,,Nao,Nao
SP,,2026-06,Lima Pérsia,FRUTAS,2.8833,2.8833,AMARELO,,Nao,Nao
SP,,2026-07,Limão Galego,FRUTAS,3.3625,3.3625,AMARELO,,Nao,Nao
SP,,2026-06,Limão Galego,FRUTAS,2.7500,2.7500,AMARELO,,Nao,Nao
SP,,2026-07,Limão Siciliano,FRUTAS,7.2000,7.2000,AMARELO,,Nao,Nao
SP,,2026-06,Limão Siciliano,FRUTAS,7.1100,7.1100,AMARELO,,Nao,Nao
SP,,2026-06,Limão Taiti,FRUTAS,2.3567,2.3567,AMARELO,,Nao,Nao
SP,,2026-06,Linguado,PESCADOS,19.5400,19.5400,AMARELO,,Nao,Nao
SP,,2026-07,Linguado,PESCADOS,19.9000,19.9000,AMARELO,,Nao,Nao
SP,,2026-06,Louro,VERDURAS,6.3300,6.3300,AMARELO,,Nao,Nao
SP,,2026-07,Louro,VERDURAS,4.9000,4.9000,AMARELO,,Nao,Nao
SP,,2026-07,Maçã Eva,FRUTAS,6.2667,6.2667,AMARELO,,Nao,Nao
SP,,2026-06,Maçã Eva,FRUTAS,7.5000,7.5000,AMARELO,,Nao,Nao
SP,,2025-11,Maçã Fuji,FRUTAS,73.5000,73.5000,AMARELO,,Nao,Nao
SP,,2026-02,Maçã Fuji,FRUTAS,73.5000,73.5000,AMARELO,,Nao,Nao
SP,,2026-03,Maçã Fuji,FRUTAS,73.5000,73.5000,AMARELO,,Nao,Nao
SP,,2025-09,Maçã Fuji,FRUTAS,73.5000,73.5000,AMARELO,,Nao,Nao
SP,,2025-08,Maçã Fuji,FRUTAS,73.5000,73.5000,AMARELO,,Nao,Nao
SP,,2026-04,Maçã Fuji,FRUTAS,73.5000,73.5000,AMARELO,,Nao,Nao
SP,,2025-07,Maçã Fuji,FRUTAS,73.5000,73.5000,AMARELO,,Nao,Nao
SP,,2025-06,Maçã Fuji,FRUTAS,73.5000,73.5000,AMARELO,,Nao,Nao
SP,,2026-05,Maçã Fuji,FRUTAS,73.5000,73.5000,AMARELO,,Nao,Nao
SP,,2025-05,Maçã Fuji,FRUTAS,73.5000,73.5000,AMARELO,,Nao,Nao
SP,,2025-12,Maçã Fuji,FRUTAS,73.5000,73.5000,AMARELO,,Nao,Nao
SP,,2026-01,Maçã Fuji,FRUTAS,73.5000,73.5000,AMARELO,,Nao,Nao
SP,,2025-04,Maçã Fuji,FRUTAS,73.5000,73.5000,AMARELO,,Nao,Nao
SP,,2025-03,Maçã Fuji,FRUTAS,73.5000,73.5000,AMARELO,,Nao,Nao
SP,,2025-10,Maçã Fuji,FRUTAS,73.5000,73.5000,AMARELO,,Nao,Nao
SP,,2025-02,Maçã Fuji,FRUTAS,73.5000,73.5000,AMARELO,,Nao,Nao
SP,,2025-01,Maçã Fuji,FRUTAS,73.5000,73.5000,AMARELO,,Nao,Nao
SP,,2026-02,Maça Fuji Importada,FRUTAS,104.3400,104.3400,AMARELO,,Nao,Nao
SP,,2026-05,Maça Fuji Importada,FRUTAS,104.3400,104.3400,AMARELO,,Nao,Nao
SP,,2026-04,Maça Fuji Importada,FRUTAS,104.3400,104.3400,AMARELO,,Nao,Nao
SP,,2026-03,Maça Fuji Importada,FRUTAS,104.3400,104.3400,AMARELO,,Nao,Nao
SP,,2025-04,Maça Fuji Importada,FRUTAS,104.3400,104.3400,AMARELO,,Nao,Nao
SP,,2025-05,Maça Fuji Importada,FRUTAS,104.3400,104.3400,AMARELO,,Nao,Nao
SP,,2025-06,Maça Fuji Importada,FRUTAS,104.3400,104.3400,AMARELO,,Nao,Nao
SP,,2025-07,Maça Fuji Importada,FRUTAS,104.3400,104.3400,AMARELO,,Nao,Nao
SP,,2025-08,Maça Fuji Importada,FRUTAS,104.3400,104.3400,AMARELO,,Nao,Nao
SP,,2025-09,Maça Fuji Importada,FRUTAS,104.3400,104.3400,AMARELO,,Nao,Nao
SP,,2025-10,Maça Fuji Importada,FRUTAS,104.3400,104.3400,AMARELO,,Nao,Nao
SP,,2025-03,Maça Fuji Importada,FRUTAS,104.3400,104.3400,AMARELO,,Nao,Nao
SP,,2025-02,Maça Fuji Importada,FRUTAS,104.3400,104.3400,AMARELO,,Nao,Nao
SP,,2025-01,Maça Fuji Importada,FRUTAS,104.3400,104.3400,AMARELO,,Nao,Nao
SP,,2025-11,Maça Fuji Importada,FRUTAS,104.3400,104.3400,AMARELO,,Nao,Nao
SP,,2025-12,Maça Fuji Importada,FRUTAS,104.3400,104.3400,AMARELO,,Nao,Nao
SP,,2026-01,Maça Fuji Importada,FRUTAS,104.3400,104.3400,AMARELO,,Nao,Nao
SP,,2025-12,Maçã Gala,FRUTAS,77.4167,77.4167,AMARELO,,Nao,Nao
SP,,2025-11,Maçã Gala,FRUTAS,77.4167,77.4167,AMARELO,,Nao,Nao
SP,,2025-10,Maçã Gala,FRUTAS,77.4167,77.4167,AMARELO,,Nao,Nao
SP,,2025-09,Maçã Gala,FRUTAS,77.4167,77.4167,AMARELO,,Nao,Nao
SP,,2025-08,Maçã Gala,FRUTAS,77.4167,77.4167,AMARELO,,Nao,Nao
SP,,2025-07,Maçã Gala,FRUTAS,77.4167,77.4167,AMARELO,,Nao,Nao
SP,,2025-06,Maçã Gala,FRUTAS,77.4167,77.4167,AMARELO,,Nao,Nao
SP,,2025-05,Maçã Gala,FRUTAS,77.4167,77.4167,AMARELO,,Nao,Nao
SP,,2025-04,Maçã Gala,FRUTAS,77.4167,77.4167,AMARELO,,Nao,Nao
SP,,2025-03,Maçã Gala,FRUTAS,77.4167,77.4167,AMARELO,,Nao,Nao
SP,,2025-02,Maçã Gala,FRUTAS,77.4167,77.4167,AMARELO,,Nao,Nao
SP,,2025-01,Maçã Gala,FRUTAS,77.4167,77.4167,AMARELO,,Nao,Nao
SP,,2026-05,Maçã Gala,FRUTAS,77.4167,77.4167,AMARELO,,Nao,Nao
SP,,2026-04,Maçã Gala,FRUTAS,77.4167,77.4167,AMARELO,,Nao,Nao
SP,,2026-03,Maçã Gala,FRUTAS,77.4167,77.4167,AMARELO,,Nao,Nao
SP,,2026-02,Maçã Gala,FRUTAS,77.4167,77.4167,AMARELO,,Nao,Nao
SP,,2026-01,Maçã Gala,FRUTAS,77.4167,77.4167,AMARELO,,Nao,Nao
SP,,2025-07,Maça Gala Importada,FRUTAS,105.5100,105.5100,AMARELO,,Nao,Nao
SP,,2026-01,Maça Gala Importada,FRUTAS,105.5100,105.5100,AMARELO,,Nao,Nao
SP,,2026-05,Maça Gala Importada,FRUTAS,105.5100,105.5100,AMARELO,,Nao,Nao
SP,,2026-04,Maça Gala Importada,FRUTAS,105.5100,105.5100,AMARELO,,Nao,Nao
SP,,2025-09,Maça Gala Importada,FRUTAS,105.5100,105.5100,AMARELO,,Nao,Nao
SP,,2025-03,Maça Gala Importada,FRUTAS,105.5100,105.5100,AMARELO,,Nao,Nao
SP,,2025-04,Maça Gala Importada,FRUTAS,105.5100,105.5100,AMARELO,,Nao,Nao
SP,,2025-05,Maça Gala Importada,FRUTAS,105.5100,105.5100,AMARELO,,Nao,Nao
SP,,2025-01,Maça Gala Importada,FRUTAS,105.5100,105.5100,AMARELO,,Nao,Nao
SP,,2025-08,Maça Gala Importada,FRUTAS,105.5100,105.5100,AMARELO,,Nao,Nao
SP,,2025-06,Maça Gala Importada,FRUTAS,105.5100,105.5100,AMARELO,,Nao,Nao
SP,,2026-02,Maça Gala Importada,FRUTAS,105.5100,105.5100,AMARELO,,Nao,Nao
SP,,2026-03,Maça Gala Importada,FRUTAS,105.5100,105.5100,AMARELO,,Nao,Nao
SP,,2025-12,Maça Gala Importada,FRUTAS,105.5100,105.5100,AMARELO,,Nao,Nao
SP,,2025-11,Maça Gala Importada,FRUTAS,105.5100,105.5100,AMARELO,,Nao,Nao
SP,,2025-10,Maça Gala Importada,FRUTAS,105.5100,105.5100,AMARELO,,Nao,Nao
SP,,2025-02,Maça Gala Importada,FRUTAS,105.5100,105.5100,AMARELO,,Nao,Nao
SP,,2026-06,Maça Golden Importada,FRUTAS,9.5400,9.5400,AMARELO,,Nao,Nao
SP,,2026-06,Maça Granny Smith Importada,FRUTAS,8.5700,8.5700,AMARELO,,Nao,Nao
SP,,2026-07,Maça Granny Smith Importada,FRUTAS,8.4300,8.4300,AMARELO,,Nao,Nao
SP,,2026-06,Maça Pink Lady Importada,FRUTAS,6.3800,6.3800,AMARELO,,Nao,Nao
SP,,2026-07,Maça Pink Lady Importada,FRUTAS,6.6600,6.6600,AMARELO,,Nao,Nao
SP,,2026-07,Maça Red Del Importada,FRUTAS,7.8800,7.8800,AMARELO,,Nao,Nao
SP,,2026-06,Maça Red Del Importada,FRUTAS,9.5400,9.5400,AMARELO,,Nao,Nao
SP,SÃO PAULO-SP,2025-12,MACARRAO - ESPAGUETE SÊMOLA COM,ALIMENTO_VAREJO,6.3600,6.8257,AMARELO,,Nao,Nao
SP,SÃO PAULO-SP,2025-11,MACARRAO - ESPAGUETE SÊMOLA COM,ALIMENTO_VAREJO,6.7200,6.8257,AMARELO,,Nao,Nao
SP,SÃO PAULO-SP,2025-10,MACARRAO - ESPAGUETE SÊMOLA COM,ALIMENTO_VAREJO,6.9600,6.8257,AMARELO,,Nao,Nao
SP,SÃO PAULO-SP,2025-09,MACARRAO - ESPAGUETE SÊMOLA COM,ALIMENTO_VAREJO,6.6600,6.8257,AMARELO,,Nao,Nao
SP,SÃO PAULO-SP,2025-08,MACARRAO - ESPAGUETE SÊMOLA COM,ALIMENTO_VAREJO,6.9800,6.8257,AMARELO,,Nao,Nao
SP,SÃO PAULO-SP,2025-07,MACARRAO - ESPAGUETE SÊMOLA COM,ALIMENTO_VAREJO,7.1000,6.8257,AMARELO,,Nao,Nao
SP,SÃO PAULO-SP,2025-06,MACARRAO - ESPAGUETE SÊMOLA COM,ALIMENTO_VAREJO,7.0000,6.8257,AMARELO,,Nao,Nao
SP,,2025-12,MACARRAO - ESPAGUETE SÊMOLA COM,ALIMENTO_VAREJO,6.3600,6.8829,AMARELO,,Nao,Nao
SP,,2025-11,MACARRAO - ESPAGUETE SÊMOLA COM,ALIMENTO_VAREJO,6.7200,6.8829,AMARELO,,Nao,Nao
SP,,2025-10,MACARRAO - ESPAGUETE SÊMOLA COM,ALIMENTO_VAREJO,6.9600,6.8829,AMARELO,,Nao,Nao
SP,,2025-09,MACARRAO - ESPAGUETE SÊMOLA COM,ALIMENTO_VAREJO,6.6600,6.8829,AMARELO,,Nao,Nao
SP,,2025-08,MACARRAO - ESPAGUETE SÊMOLA COM,ALIMENTO_VAREJO,6.9800,6.8829,AMARELO,,Nao,Nao
SP,,2025-07,MACARRAO - ESPAGUETE SÊMOLA COM,ALIMENTO_VAREJO,7.1000,6.8829,AMARELO,,Nao,Nao
SP,,2025-06,MACARRAO - ESPAGUETE SÊMOLA COM,ALIMENTO_VAREJO,7.4000,6.8829,AMARELO,,Nao,Nao
SP,,2026-01,Mamão Formosa,FRUTAS,11.9960,11.9960,AMARELO,,Nao,Nao
SP,,2025-01,Mamão Formosa,FRUTAS,11.9960,11.9960,AMARELO,,Nao,Nao
SP,,2025-02,Mamão Formosa,FRUTAS,11.9960,11.9960,AMARELO,,Nao,Nao
SP,,2025-03,Mamão Formosa,FRUTAS,11.9960,11.9960,AMARELO,,Nao,Nao
SP,,2025-04,Mamão Formosa,FRUTAS,11.9960,11.9960,AMARELO,,Nao,Nao
SP,,2025-05,Mamão Formosa,FRUTAS,11.9960,11.9960,AMARELO,,Nao,Nao
SP,,2025-06,Mamão Formosa,FRUTAS,11.9960,11.9960,AMARELO,,Nao,Nao
SP,,2025-07,Mamão Formosa,FRUTAS,11.9960,11.9960,AMARELO,,Nao,Nao
SP,,2025-08,Mamão Formosa,FRUTAS,11.9960,11.9960,AMARELO,,Nao,Nao
SP,,2025-09,Mamão Formosa,FRUTAS,11.9960,11.9960,AMARELO,,Nao,Nao
SP,,2025-10,Mamão Formosa,FRUTAS,11.9960,11.9960,AMARELO,,Nao,Nao
SP,,2025-11,Mamão Formosa,FRUTAS,11.9960,11.9960,AMARELO,,Nao,Nao
SP,,2025-12,Mamão Formosa,FRUTAS,11.9960,11.9960,AMARELO,,Nao,Nao
SP,,2026-02,Mamão Formosa,FRUTAS,11.9960,11.9960,AMARELO,,Nao,Nao
SP,,2026-03,Mamão Formosa,FRUTAS,11.9960,11.9960,AMARELO,,Nao,Nao
SP,,2026-04,Mamão Formosa,FRUTAS,11.9960,11.9960,AMARELO,,Nao,Nao
SP,,2026-05,Mamão Formosa,FRUTAS,11.9960,11.9960,AMARELO,,Nao,Nao
SP,,2026-05,Mamão Havaí,FRUTAS,11.9136,11.9136,AMARELO,,Nao,Nao
SP,,2026-04,Mamão Havaí,FRUTAS,11.9136,11.9136,AMARELO,,Nao,Nao
SP,,2026-03,Mamão Havaí,FRUTAS,11.9136,11.9136,AMARELO,,Nao,Nao
SP,,2026-02,Mamão Havaí,FRUTAS,11.9136,11.9136,AMARELO,,Nao,Nao
SP,,2026-01,Mamão Havaí,FRUTAS,11.9136,11.9136,AMARELO,,Nao,Nao
SP,,2025-12,Mamão Havaí,FRUTAS,11.9136,11.9136,AMARELO,,Nao,Nao
SP,,2025-11,Mamão Havaí,FRUTAS,11.9136,11.9136,AMARELO,,Nao,Nao
SP,,2025-10,Mamão Havaí,FRUTAS,11.9136,11.9136,AMARELO,,Nao,Nao
SP,,2025-09,Mamão Havaí,FRUTAS,11.9136,11.9136,AMARELO,,Nao,Nao
SP,,2025-08,Mamão Havaí,FRUTAS,11.9136,11.9136,AMARELO,,Nao,Nao
SP,,2025-07,Mamão Havaí,FRUTAS,11.9136,11.9136,AMARELO,,Nao,Nao
SP,,2025-06,Mamão Havaí,FRUTAS,11.9136,11.9136,AMARELO,,Nao,Nao
SP,,2025-05,Mamão Havaí,FRUTAS,11.9136,11.9136,AMARELO,,Nao,Nao
SP,,2025-04,Mamão Havaí,FRUTAS,11.9136,11.9136,AMARELO,,Nao,Nao
SP,,2025-03,Mamão Havaí,FRUTAS,11.9136,11.9136,AMARELO,,Nao,Nao
SP,,2025-02,Mamão Havaí,FRUTAS,11.9136,11.9136,AMARELO,,Nao,Nao
SP,,2025-01,Mamão Havaí,FRUTAS,11.9136,11.9136,AMARELO,,Nao,Nao
SP,,2026-06,Mandi,PESCADOS,14.5000,14.5000,AMARELO,,Nao,Nao
SP,,2026-06,Mandioca,LEGUMES,1.9600,1.9600,AMARELO,,Nao,Nao
SP,,2026-07,Mandioca,LEGUMES,1.7267,1.7267,AMARELO,,Nao,Nao
SP,,2026-07,Mandioquinha,LEGUMES,4.8425,4.8425,AMARELO,,Nao,Nao
SP,,2026-06,Mandioquinha,LEGUMES,5.0150,5.0150,AMARELO,,Nao,Nao
SP,,2026-06,Manga Bourbon,FRUTAS,5.1725,5.1725,AMARELO,,Nao,Nao
SP,,2026-07,Manga Bourbon,FRUTAS,5.8500,5.8500,AMARELO,,Nao,Nao
SP,,2026-06,Manga Coquinho,FRUTAS,7.2200,7.2200,AMARELO,,Nao,Nao
SP,,2026-06,Manga Espada,FRUTAS,7.0333,7.0333,AMARELO,,Nao,Nao
SP,,2026-07,Manga Espada,FRUTAS,6.9000,6.9000,AMARELO,,Nao,Nao
SP,,2026-06,Manga Haden,FRUTAS,7.2200,7.2200,AMARELO,,Nao,Nao
SP,,2026-06,Manga Keity,FRUTAS,7.2200,7.2200,AMARELO,,Nao,Nao
SP,,2026-07,Manga Keity,FRUTAS,4.0733,4.0733,AMARELO,,Nao,Nao
SP,,2026-06,Manga Lolita,FRUTAS,7.2200,7.2200,AMARELO,,Nao,Nao
SP,,2026-04,Manga Palmer,FRUTAS,3.2433,3.2433,AMARELO,,Nao,Nao
SP,,2026-03,Manga Palmer,FRUTAS,3.2433,3.2433,AMARELO,,Nao,Nao
SP,,2026-02,Manga Palmer,FRUTAS,3.2433,3.2433,AMARELO,,Nao,Nao
SP,,2026-01,Manga Palmer,FRUTAS,3.2433,3.2433,AMARELO,,Nao,Nao
SP,,2025-12,Manga Palmer,FRUTAS,3.2433,3.2433,AMARELO,,Nao,Nao
SP,,2025-11,Manga Palmer,FRUTAS,3.2433,3.2433,AMARELO,,Nao,Nao
SP,,2025-10,Manga Palmer,FRUTAS,3.2433,3.2433,AMARELO,,Nao,Nao
SP,,2025-09,Manga Palmer,FRUTAS,3.2433,3.2433,AMARELO,,Nao,Nao
SP,,2025-08,Manga Palmer,FRUTAS,3.2433,3.2433,AMARELO,,Nao,Nao
SP,,2025-07,Manga Palmer,FRUTAS,3.2433,3.2433,AMARELO,,Nao,Nao
SP,,2025-06,Manga Palmer,FRUTAS,3.2433,3.2433,AMARELO,,Nao,Nao
SP,,2025-05,Manga Palmer,FRUTAS,3.2433,3.2433,AMARELO,,Nao,Nao
SP,,2025-04,Manga Palmer,FRUTAS,3.2433,3.2433,AMARELO,,Nao,Nao
SP,,2025-03,Manga Palmer,FRUTAS,3.2433,3.2433,AMARELO,,Nao,Nao
SP,,2025-02,Manga Palmer,FRUTAS,3.2433,3.2433,AMARELO,,Nao,Nao
SP,,2025-01,Manga Palmer,FRUTAS,3.2433,3.2433,AMARELO,,Nao,Nao
SP,,2026-05,Manga Palmer,FRUTAS,3.2433,3.2433,AMARELO,,Nao,Nao
SP,,2026-07,Manga Rosa,FRUTAS,6.9400,6.9400,AMARELO,,Nao,Nao
SP,,2026-06,Manga Rosa,FRUTAS,7.2200,7.2200,AMARELO,,Nao,Nao
SP,,2026-06,Manga Shelly,FRUTAS,7.2200,7.2200,AMARELO,,Nao,Nao
SP,,2025-02,Manga Tommy,FRUTAS,5.8500,5.8500,AMARELO,,Nao,Nao
SP,,2025-06,Manga Tommy,FRUTAS,5.8500,5.8500,AMARELO,,Nao,Nao
SP,,2025-05,Manga Tommy,FRUTAS,5.8500,5.8500,AMARELO,,Nao,Nao
SP,,2025-04,Manga Tommy,FRUTAS,5.8500,5.8500,AMARELO,,Nao,Nao
SP,,2025-03,Manga Tommy,FRUTAS,5.8500,5.8500,AMARELO,,Nao,Nao
SP,,2025-01,Manga Tommy,FRUTAS,5.8500,5.8500,AMARELO,,Nao,Nao
SP,,2026-01,Manga Tommy,FRUTAS,5.8500,5.8500,AMARELO,,Nao,Nao
SP,,2026-02,Manga Tommy,FRUTAS,5.8500,5.8500,AMARELO,,Nao,Nao
SP,,2026-03,Manga Tommy,FRUTAS,5.8500,5.8500,AMARELO,,Nao,Nao
SP,,2025-11,Manga Tommy,FRUTAS,5.8500,5.8500,AMARELO,,Nao,Nao
SP,,2025-10,Manga Tommy,FRUTAS,5.8500,5.8500,AMARELO,,Nao,Nao
SP,,2025-09,Manga Tommy,FRUTAS,5.8500,5.8500,AMARELO,,Nao,Nao
SP,,2026-04,Manga Tommy,FRUTAS,5.8500,5.8500,AMARELO,,Nao,Nao
SP,,2026-05,Manga Tommy,FRUTAS,5.8500,5.8500,AMARELO,,Nao,Nao
SP,,2025-08,Manga Tommy,FRUTAS,5.8500,5.8500,AMARELO,,Nao,Nao
SP,,2025-12,Manga Tommy,FRUTAS,5.8500,5.8500,AMARELO,,Nao,Nao
SP,,2025-07,Manga Tommy,FRUTAS,5.8500,5.8500,AMARELO,,Nao,Nao
SP,,2026-06,Manjericão,VERDURAS,4.3200,4.3200,AMARELO,,Nao,Nao
SP,,2026-07,Manjericão,VERDURAS,4.3900,4.3900,AMARELO,,Nao,Nao
SP,,2026-07,Manjerona,VERDURAS,5.0000,5.0000,AMARELO,,Nao,Nao
SP,,2026-06,Manjerona,VERDURAS,8.0000,8.0000,AMARELO,,Nao,Nao
SP,,2026-06,Manjuba,PESCADOS,14.8900,14.8900,AMARELO,,Nao,Nao
SP,,2026-07,Manjuba,PESCADOS,15.3700,15.3700,AMARELO,,Nao,Nao
SP,,2025-09,MANTEIGA - NÃO INFORMADO,PROTEINAS,69.5500,69.0611,AMARELO,,Sim,Nao
SP,,2025-11,MANTEIGA - NÃO INFORMADO,PROTEINAS,69.0500,69.0611,AMARELO,,Sim,Nao
SP,,2025-12,MANTEIGA - NÃO INFORMADO,PROTEINAS,68.0000,69.0611,AMARELO,,Sim,Nao
SP,,2026-01,MANTEIGA - NÃO INFORMADO,PROTEINAS,68.1500,69.0611,AMARELO,,Sim,Nao
SP,,2026-02,MANTEIGA - NÃO INFORMADO,PROTEINAS,68.6000,69.0611,AMARELO,,Sim,Nao
SP,,2026-03,MANTEIGA - NÃO INFORMADO,PROTEINAS,68.8500,69.0611,AMARELO,,Sim,Nao
SP,,2026-04,MANTEIGA - NÃO INFORMADO,PROTEINAS,69.7500,69.0611,AMARELO,,Sim,Nao
SP,,2026-05,MANTEIGA - NÃO INFORMADO,PROTEINAS,69.5000,69.0611,AMARELO,,Sim,Nao
SP,,2025-10,MANTEIGA - NÃO INFORMADO,PROTEINAS,70.1000,69.0611,AMARELO,,Sim,Nao
SP,SÃO PAULO-SP,2025-09,MANTEIGA - NÃO INFORMADO,PROTEINAS,69.5500,69.0611,AMARELO,,Sim,Nao
SP,SÃO PAULO-SP,2025-10,MANTEIGA - NÃO INFORMADO,PROTEINAS,70.1000,69.0611,AMARELO,,Sim,Nao
SP,SÃO PAULO-SP,2025-11,MANTEIGA - NÃO INFORMADO,PROTEINAS,69.0500,69.0611,AMARELO,,Sim,Nao
SP,SÃO PAULO-SP,2025-12,MANTEIGA - NÃO INFORMADO,PROTEINAS,68.0000,69.0611,AMARELO,,Sim,Nao
SP,SÃO PAULO-SP,2026-01,MANTEIGA - NÃO INFORMADO,PROTEINAS,68.1500,69.0611,AMARELO,,Sim,Nao
SP,SÃO PAULO-SP,2026-02,MANTEIGA - NÃO INFORMADO,PROTEINAS,68.6000,69.0611,AMARELO,,Sim,Nao
SP,SÃO PAULO-SP,2026-03,MANTEIGA - NÃO INFORMADO,PROTEINAS,68.8500,69.0611,AMARELO,,Sim,Nao
SP,SÃO PAULO-SP,2026-04,MANTEIGA - NÃO INFORMADO,PROTEINAS,69.7500,69.0611,AMARELO,,Sim,Nao
SP,SÃO PAULO-SP,2026-05,MANTEIGA - NÃO INFORMADO,PROTEINAS,69.5000,69.0611,AMARELO,,Sim,Nao
SP,,2026-06,Maracujá Azedo,FRUTAS,7.2700,7.2700,AMARELO,,Nao,Nao
SP,,2026-07,Maracujá Azedo,FRUTAS,8.5700,8.5700,AMARELO,,Nao,Nao
SP,,2026-06,Maracujá Doce,FRUTAS,12.2167,12.2167,AMARELO,,Nao,Nao
SP,,2026-06,Maxixe,LEGUMES,7.2900,7.2900,AMARELO,,Nao,Nao
SP,,2026-07,Maxixe,LEGUMES,7.2100,7.2100,AMARELO,,Nao,Nao
SP,,2025-01,Melancia,FRUTAS,1.5875,1.5875,AMARELO,,Nao,Nao
SP,,2025-06,Melancia,FRUTAS,1.5875,1.5875,AMARELO,,Nao,Nao
SP,,2025-05,Melancia,FRUTAS,1.5875,1.5875,AMARELO,,Nao,Nao
SP,,2025-02,Melancia,FRUTAS,1.5875,1.5875,AMARELO,,Nao,Nao
SP,,2025-03,Melancia,FRUTAS,1.5875,1.5875,AMARELO,,Nao,Nao
SP,,2025-04,Melancia,FRUTAS,1.5875,1.5875,AMARELO,,Nao,Nao
SP,,2025-07,Melancia,FRUTAS,1.5875,1.5875,AMARELO,,Nao,Nao
SP,,2025-08,Melancia,FRUTAS,1.5875,1.5875,AMARELO,,Nao,Nao
SP,,2026-05,Melancia,FRUTAS,1.5875,1.5875,AMARELO,,Nao,Nao
SP,,2026-04,Melancia,FRUTAS,1.5875,1.5875,AMARELO,,Nao,Nao
SP,,2026-03,Melancia,FRUTAS,1.5875,1.5875,AMARELO,,Nao,Nao
SP,,2026-02,Melancia,FRUTAS,1.5875,1.5875,AMARELO,,Nao,Nao
SP,,2026-01,Melancia,FRUTAS,1.5875,1.5875,AMARELO,,Nao,Nao
SP,,2025-12,Melancia,FRUTAS,1.5875,1.5875,AMARELO,,Nao,Nao
SP,,2025-11,Melancia,FRUTAS,1.5875,1.5875,AMARELO,,Nao,Nao
SP,,2025-10,Melancia,FRUTAS,1.5875,1.5875,AMARELO,,Nao,Nao
SP,,2025-09,Melancia,FRUTAS,1.5875,1.5875,AMARELO,,Nao,Nao
SP,,2026-06,Melancia Baby,FRUTAS,4.2700,4.2700,AMARELO,,Nao,Nao
SP,,2026-07,Melancia Baby,FRUTAS,4.2000,4.2000,AMARELO,,Nao,Nao
SP,,2026-06,Melão Amarelo,FRUTAS,5.1314,5.1314,AMARELO,,Nao,Nao
SP,,2026-07,Melão Amarelo,FRUTAS,5.1543,5.1543,AMARELO,,Nao,Nao
SP,,2026-06,Melão Net Melon,FRUTAS,34.2900,34.2900,AMARELO,,Nao,Nao
SP,,2026-07,Melão Net Melon,FRUTAS,31.4300,31.4300,AMARELO,,Nao,Nao
SP,,2026-06,Melão Orange,FRUTAS,7.1100,7.1100,AMARELO,,Nao,Nao
SP,,2026-07,Melão Pele de Sapo,FRUTAS,4.4367,4.4367,AMARELO,,Nao,Nao
SP,,2026-06,Melão Pele de Sapo,FRUTAS,4.4300,4.4300,AMARELO,,Nao,Nao
SP,,2026-07,Mexerica Rio,FRUTAS,3.4667,3.4667,AMARELO,,Nao,Nao
SP,,2026-06,Mexerica Rio,FRUTAS,3.3133,3.3133,AMARELO,,Nao,Nao
SP,PRESIDENTE PRUDENTE-SP,2025-11,MILHO - EM GRÃOS,LEGUMES,1.0600,1.0214,AMARELO,,Nao,Nao
SP,PRESIDENTE PRUDENTE-SP,2025-10,MILHO - EM GRÃOS,LEGUMES,1.0400,1.0214,AMARELO,,Nao,Nao
SP,PRESIDENTE PRUDENTE-SP,2025-09,MILHO - EM GRÃOS,LEGUMES,1.0100,1.0214,AMARELO,,Nao,Nao
SP,PRESIDENTE PRUDENTE-SP,2025-08,MILHO - EM GRÃOS,LEGUMES,0.9400,1.0214,AMARELO,,Nao,Nao
SP,PRESIDENTE PRUDENTE-SP,2025-07,MILHO - EM GRÃOS,LEGUMES,0.9700,1.0214,AMARELO,,Nao,Nao
SP,PRESIDENTE PRUDENTE-SP,2025-06,MILHO - EM GRÃOS,LEGUMES,0.9400,1.0214,AMARELO,,Nao,Nao
SP,,2026-04,MILHO - EM GRÃOS,LEGUMES,0.9900,1.0043,AMARELO,,Nao,Nao
SP,,2026-03,MILHO - EM GRÃOS,LEGUMES,1.0300,1.0043,AMARELO,,Nao,Nao
SP,,2026-02,MILHO - EM GRÃOS,LEGUMES,1.0100,1.0043,AMARELO,,Nao,Nao
SP,,2026-01,MILHO - EM GRÃOS,LEGUMES,1.0600,1.0043,AMARELO,,Nao,Nao
SP,,2025-12,MILHO - EM GRÃOS,LEGUMES,1.0500,1.0043,AMARELO,,Nao,Nao
SP,,2025-11,MILHO - EM GRÃOS,LEGUMES,0.9800,1.0043,AMARELO,,Nao,Nao
SP,,2025-10,MILHO - EM GRÃOS,LEGUMES,0.9900,1.0043,AMARELO,,Nao,Nao
SP,,2025-09,MILHO - EM GRÃOS,LEGUMES,0.9900,1.0043,AMARELO,,Nao,Nao
SP,,2025-08,MILHO - EM GRÃOS,LEGUMES,0.9600,1.0043,AMARELO,,Nao,Nao
SP,,2025-07,MILHO - EM GRÃOS,LEGUMES,0.9600,1.0043,AMARELO,,Nao,Nao
SP,,2025-06,MILHO - EM GRÃOS,LEGUMES,1.1000,1.0043,AMARELO,,Nao,Nao
SP,OURINHOS-SP,2026-04,MILHO - EM GRÃOS,LEGUMES,1.0500,1.0957,AMARELO,,Nao,Nao
SP,OURINHOS-SP,2026-03,MILHO - EM GRÃOS,LEGUMES,1.1100,1.0957,AMARELO,,Nao,Nao
SP,OURINHOS-SP,2026-02,MILHO - EM GRÃOS,LEGUMES,1.0500,1.0957,AMARELO,,Nao,Nao
SP,OURINHOS-SP,2026-01,MILHO - EM GRÃOS,LEGUMES,1.0700,1.0957,AMARELO,,Nao,Nao
SP,OURINHOS-SP,2025-12,MILHO - EM GRÃOS,LEGUMES,1.0900,1.0957,AMARELO,,Nao,Nao
SP,OURINHOS-SP,2025-11,MILHO - EM GRÃOS,LEGUMES,1.0500,1.0957,AMARELO,,Nao,Nao
SP,OURINHOS-SP,2025-10,MILHO - EM GRÃOS,LEGUMES,1.0300,1.0957,AMARELO,,Nao,Nao
SP,OURINHOS-SP,2025-09,MILHO - EM GRÃOS,LEGUMES,1.0500,1.0957,AMARELO,,Nao,Nao
SP,OURINHOS-SP,2025-08,MILHO - EM GRÃOS,LEGUMES,1.1200,1.0957,AMARELO,,Nao,Nao
SP,OURINHOS-SP,2025-07,MILHO - EM GRÃOS,LEGUMES,1.1500,1.0957,AMARELO,,Nao,Nao
SP,OURINHOS-SP,2025-06,MILHO - EM GRÃOS,LEGUMES,1.1800,1.0957,AMARELO,,Nao,Nao
SP,ORLÂNDIA-SP,2025-12,MILHO - EM GRÃOS,LEGUMES,1.0600,1.0171,AMARELO,,Nao,Nao
SP,ORLÂNDIA-SP,2025-11,MILHO - EM GRÃOS,LEGUMES,1.0200,1.0171,AMARELO,,Nao,Nao
SP,ORLÂNDIA-SP,2025-10,MILHO - EM GRÃOS,LEGUMES,1.0100,1.0171,AMARELO,,Nao,Nao
SP,ORLÂNDIA-SP,2025-09,MILHO - EM GRÃOS,LEGUMES,1.0700,1.0171,AMARELO,,Nao,Nao
SP,ORLÂNDIA-SP,2025-08,MILHO - EM GRÃOS,LEGUMES,1.0300,1.0171,AMARELO,,Nao,Nao
SP,ORLÂNDIA-SP,2025-07,MILHO - EM GRÃOS,LEGUMES,0.9300,1.0171,AMARELO,,Nao,Nao
SP,ORLÂNDIA-SP,2025-06,MILHO - EM GRÃOS,LEGUMES,1.0000,1.0171,AMARELO,,Nao,Nao
SP,SÃO JOÃO DA BOA VISTA-SP,2025-12,MILHO - EM GRÃOS,LEGUMES,1.0800,1.0514,AMARELO,,Nao,Nao
SP,SÃO JOÃO DA BOA VISTA-SP,2025-11,MILHO - EM GRÃOS,LEGUMES,1.0700,1.0514,AMARELO,,Nao,Nao
SP,SÃO JOÃO DA BOA VISTA-SP,2025-10,MILHO - EM GRÃOS,LEGUMES,1.0500,1.0514,AMARELO,,Nao,Nao
SP,SÃO JOÃO DA BOA VISTA-SP,2025-09,MILHO - EM GRÃOS,LEGUMES,1.0500,1.0514,AMARELO,,Nao,Nao
SP,SÃO JOÃO DA BOA VISTA-SP,2025-08,MILHO - EM GRÃOS,LEGUMES,1.0000,1.0514,AMARELO,,Nao,Nao
SP,SÃO JOÃO DA BOA VISTA-SP,2025-07,MILHO - EM GRÃOS,LEGUMES,1.0300,1.0514,AMARELO,,Nao,Nao
SP,SÃO JOÃO DA BOA VISTA-SP,2025-06,MILHO - EM GRÃOS,LEGUMES,1.0800,1.0514,AMARELO,,Nao,Nao
SP,AVARÉ-SP,2026-04,MILHO - EM GRÃOS,LEGUMES,1.0500,1.0400,AMARELO,,Nao,Nao
SP,AVARÉ-SP,2026-03,MILHO - EM GRÃOS,LEGUMES,1.1100,1.0400,AMARELO,,Nao,Nao
SP,AVARÉ-SP,2026-02,MILHO - EM GRÃOS,LEGUMES,1.0700,1.0400,AMARELO,,Nao,Nao
SP,AVARÉ-SP,2026-01,MILHO - EM GRÃOS,LEGUMES,1.0800,1.0400,AMARELO,,Nao,Nao
SP,AVARÉ-SP,2025-12,MILHO - EM GRÃOS,LEGUMES,1.1000,1.0400,AMARELO,,Nao,Nao
SP,AVARÉ-SP,2025-11,MILHO - EM GRÃOS,LEGUMES,1.0600,1.0400,AMARELO,,Nao,Nao
SP,AVARÉ-SP,2025-10,MILHO - EM GRÃOS,LEGUMES,1.0200,1.0400,AMARELO,,Nao,Nao
SP,AVARÉ-SP,2025-09,MILHO - EM GRÃOS,LEGUMES,0.9900,1.0400,AMARELO,,Nao,Nao
SP,AVARÉ-SP,2025-08,MILHO - EM GRÃOS,LEGUMES,1.0000,1.0400,AMARELO,,Nao,Nao
SP,AVARÉ-SP,2025-07,MILHO - EM GRÃOS,LEGUMES,1.0400,1.0400,AMARELO,,Nao,Nao
SP,AVARÉ-SP,2025-06,MILHO - EM GRÃOS,LEGUMES,1.0700,1.0400,AMARELO,,Nao,Nao
SP,ASSIS-SP,2026-01,MILHO - EM GRÃOS,LEGUMES,0.9900,0.9200,AMARELO,,Nao,Nao
SP,ASSIS-SP,2025-12,MILHO - EM GRÃOS,LEGUMES,0.9500,0.9200,AMARELO,,Nao,Nao
SP,ASSIS-SP,2025-11,MILHO - EM GRÃOS,LEGUMES,0.9000,0.9200,AMARELO,,Nao,Nao
SP,ASSIS-SP,2025-10,MILHO - EM GRÃOS,LEGUMES,0.9100,0.9200,AMARELO,,Nao,Nao
SP,ASSIS-SP,2025-09,MILHO - EM GRÃOS,LEGUMES,0.9000,0.9200,AMARELO,,Nao,Nao
SP,ASSIS-SP,2025-08,MILHO - EM GRÃOS,LEGUMES,0.9300,0.9200,AMARELO,,Nao,Nao
SP,ASSIS-SP,2025-07,MILHO - EM GRÃOS,LEGUMES,0.9100,0.9200,AMARELO,,Nao,Nao
SP,ASSIS-SP,2025-06,MILHO - EM GRÃOS,LEGUMES,0.9400,0.9200,AMARELO,,Nao,Nao
SP,ITAPEVA-SP,2026-04,MILHO - EM GRÃOS,LEGUMES,1.0700,1.0143,AMARELO,,Nao,Nao
SP,ITAPEVA-SP,2026-03,MILHO - EM GRÃOS,LEGUMES,1.1100,1.0143,AMARELO,,Nao,Nao
SP,ITAPEVA-SP,2026-02,MILHO - EM GRÃOS,LEGUMES,1.0700,1.0143,AMARELO,,Nao,Nao
SP,ITAPEVA-SP,2026-01,MILHO - EM GRÃOS,LEGUMES,1.1000,1.0143,AMARELO,,Nao,Nao
SP,ITAPEVA-SP,2025-12,MILHO - EM GRÃOS,LEGUMES,1.0800,1.0143,AMARELO,,Nao,Nao
SP,ITAPEVA-SP,2025-11,MILHO - EM GRÃOS,LEGUMES,1.0300,1.0143,AMARELO,,Nao,Nao
SP,ITAPEVA-SP,2025-10,MILHO - EM GRÃOS,LEGUMES,0.9500,1.0143,AMARELO,,Nao,Nao
SP,ITAPEVA-SP,2025-09,MILHO - EM GRÃOS,LEGUMES,0.9400,1.0143,AMARELO,,Nao,Nao
SP,ITAPEVA-SP,2025-08,MILHO - EM GRÃOS,LEGUMES,0.9800,1.0143,AMARELO,,Nao,Nao
SP,ITAPEVA-SP,2025-07,MILHO - EM GRÃOS,LEGUMES,1.0300,1.0143,AMARELO,,Nao,Nao
SP,ITAPEVA-SP,2025-06,MILHO - EM GRÃOS,LEGUMES,1.0900,1.0143,AMARELO,,Nao,Nao
SP,,2026-07,Milho de Pipoca Importado,ALIMENTO_VAREJO,2.8467,2.8467,AMARELO,,Nao,Nao
SP,,2026-06,Milho de Pipoca Importado,ALIMENTO_VAREJO,2.9900,2.9900,AMARELO,,Nao,Nao
SP,,2026-06,Milho Verde,VERDURAS,2.9900,2.9900,AMARELO,,Nao,Nao
SP,,2026-06,Mirtilo,FRUTAS,57.6150,57.6150,AMARELO,,Nao,Nao
SP,,2026-07,Mirtilo,FRUTAS,69.5200,69.5200,AMARELO,,Nao,Nao
SP,,2026-07,Morango Comum,FRUTAS,39.2950,39.2950,AMARELO,,Nao,Nao
SP,,2026-06,Morango Comum,FRUTAS,38.8350,38.8350,AMARELO,,Nao,Nao
SP,,2026-06,Mostarda,VERDURAS,6.0000,6.0000,AMARELO,,Nao,Nao
SP,,2026-07,Mostarda,VERDURAS,6.0000,6.0000,AMARELO,,Nao,Nao
SP,,2026-07,Mostarda Hidropônica,VERDURAS,34.3400,34.3400,AMARELO,,Nao,Nao
SP,,2026-06,Mostarda Hidropônica,VERDURAS,33.2300,33.2300,AMARELO,,Nao,Nao
SP,,2026-07,Moyashi,VERDURAS,5.5000,5.5000,AMARELO,,Nao,Nao
SP,,2026-06,Moyashi,VERDURAS,5.5000,5.5000,AMARELO,,Nao,Nao
SP,,2026-07,Nabo,VERDURAS,85.5200,85.5200,AMARELO,,Nao,Nao
SP,,2026-06,Nabo,VERDURAS,83.3200,83.3200,AMARELO,,Nao,Nao
SP,,2026-07,Namorado,PESCADOS,47.9200,47.9200,AMARELO,,Nao,Nao
SP,,2026-06,Namorado,PESCADOS,45.5000,45.5000,AMARELO,,Nao,Nao
SP,,2026-06,Nectarina Nacional,FRUTAS,3.5400,3.5400,AMARELO,,Nao,Nao
SP,,2026-07,Nêspera,FRUTAS,31.9800,31.9800,AMARELO,,Nao,Nao
SP,,2026-06,Nêspera,FRUTAS,33.9200,33.9200,AMARELO,,Nao,Nao
SP,,2026-06,Nigagori,LEGUMES,9.0000,9.0000,AMARELO,,Nao,Nao
SP,,2026-07,Nigagori,LEGUMES,9.0000,9.0000,AMARELO,,Nao,Nao
SP,,2026-06,Nozes Importada,FRUTAS,45.0000,45.0000,AMARELO,,Nao,Nao
SP,,2025-12,OLEO DE SOJA - REFINADO,ALIMENTO_VAREJO,9.7400,8.7571,AMARELO,,Nao,Nao
SP,,2025-10,OLEO DE SOJA - REFINADO,ALIMENTO_VAREJO,9.2800,8.7571,AMARELO,,Nao,Nao
SP,,2025-09,OLEO DE SOJA - REFINADO,ALIMENTO_VAREJO,8.7400,8.7571,AMARELO,,Nao,Nao
SP,,2025-08,OLEO DE SOJA - REFINADO,ALIMENTO_VAREJO,8.1700,8.7571,AMARELO,,Nao,Nao
SP,,2025-07,OLEO DE SOJA - REFINADO,ALIMENTO_VAREJO,8.0300,8.7571,AMARELO,,Nao,Nao
SP,,2025-06,OLEO DE SOJA - REFINADO,ALIMENTO_VAREJO,8.0000,8.7571,AMARELO,,Nao,Nao
SP,SÃO PAULO-SP,2026-04,OLEO DE SOJA - REFINADO,ALIMENTO_VAREJO,9.1200,8.7800,AMARELO,,Nao,Nao
SP,SÃO PAULO-SP,2026-03,OLEO DE SOJA - REFINADO,ALIMENTO_VAREJO,9.1700,8.7800,AMARELO,,Nao,Nao
SP,SÃO PAULO-SP,2026-02,OLEO DE SOJA - REFINADO,ALIMENTO_VAREJO,9.3000,8.7800,AMARELO,,Nao,Nao
SP,SÃO PAULO-SP,2026-01,OLEO DE SOJA - REFINADO,ALIMENTO_VAREJO,9.4400,8.7800,AMARELO,,Nao,Nao
SP,SÃO PAULO-SP,2025-12,OLEO DE SOJA - REFINADO,ALIMENTO_VAREJO,9.7400,8.7800,AMARELO,,Nao,Nao
SP,SÃO PAULO-SP,2025-11,OLEO DE SOJA - REFINADO,ALIMENTO_VAREJO,9.5800,8.7800,AMARELO,,Nao,Nao
SP,SÃO PAULO-SP,2025-10,OLEO DE SOJA - REFINADO,ALIMENTO_VAREJO,9.1100,8.7800,AMARELO,,Nao,Nao
SP,SÃO PAULO-SP,2025-09,OLEO DE SOJA - REFINADO,ALIMENTO_VAREJO,8.7400,8.7800,AMARELO,,Nao,Nao
SP,SÃO PAULO-SP,2025-08,OLEO DE SOJA - REFINADO,ALIMENTO_VAREJO,8.1700,8.7800,AMARELO,,Nao,Nao
SP,SÃO PAULO-SP,2025-07,OLEO DE SOJA - REFINADO,ALIMENTO_VAREJO,8.0300,8.7800,AMARELO,,Nao,Nao
SP,SÃO PAULO-SP,2025-06,OLEO DE SOJA - REFINADO,ALIMENTO_VAREJO,8.0900,8.7800,AMARELO,,Nao,Nao
SP,,2026-04,OLEO DE SOJA - REFINADO,ALIMENTO_VAREJO,9.1200,8.7571,AMARELO,,Nao,Nao
SP,,2026-03,OLEO DE SOJA - REFINADO,ALIMENTO_VAREJO,9.1700,8.7571,AMARELO,,Nao,Nao
SP,,2026-02,OLEO DE SOJA - REFINADO,ALIMENTO_VAREJO,9.3000,8.7571,AMARELO,,Nao,Nao
SP,,2026-01,OLEO DE SOJA - REFINADO,ALIMENTO_VAREJO,9.4400,8.7571,AMARELO,,Nao,Nao
SP,,2025-11,OLEO DE SOJA - REFINADO,ALIMENTO_VAREJO,9.3400,8.7571,AMARELO,,Nao,Nao
SP,,2025-10,OLEO VEGETAL - NÃO INFORMADO,ALIMENTO_VAREJO,19.0000,19.0000,AMARELO,,Sim,Nao
SP,,2025-11,OLEO VEGETAL - NÃO INFORMADO,ALIMENTO_VAREJO,19.0000,19.0000,AMARELO,,Sim,Nao
SP,,2025-12,OLEO VEGETAL - NÃO INFORMADO,ALIMENTO_VAREJO,19.0000,19.0000,AMARELO,,Sim,Nao
SP,SANTA SALETE-SP,2025-10,OLEO VEGETAL - NÃO INFORMADO,ALIMENTO_VAREJO,19.0000,19.0000,AMARELO,,Sim,Nao
SP,SANTA SALETE-SP,2025-11,OLEO VEGETAL - NÃO INFORMADO,ALIMENTO_VAREJO,19.0000,19.0000,AMARELO,,Sim,Nao
SP,SANTA SALETE-SP,2025-12,OLEO VEGETAL - NÃO INFORMADO,ALIMENTO_VAREJO,19.0000,19.0000,AMARELO,,Sim,Nao
SP,,2026-06,Olhete,PESCADOS,15.2200,15.2200,AMARELO,,Nao,Nao
SP,,2026-07,Olhete,PESCADOS,13.5000,13.5000,AMARELO,,Nao,Nao
SP,,2026-07,Orégano,VERDURAS,4.0000,4.0000,AMARELO,,Nao,Nao
SP,,2026-06,Orégano,VERDURAS,4.9800,4.9800,AMARELO,,Nao,Nao
SP,,2026-06,Ostra,PESCADOS,2.4800,2.4800,AMARELO,,Nao,Nao
SP,,2026-06,Oveva,PESCADOS,3.9000,3.9000,AMARELO,,Nao,Nao
SP,,2026-06,Ovo Branco,ALIMENTO_VAREJO,126.1917,126.1917,AMARELO,,Nao,Nao
SP,,2026-07,Ovo Branco,ALIMENTO_VAREJO,122.1367,122.1367,AMARELO,,Nao,Nao
SP,,2026-06,Ovo de Codorna,ALIMENTO_VAREJO,6.9800,6.9800,AMARELO,,Nao,Nao
SP,,2026-07,Ovo de Codorna,ALIMENTO_VAREJO,6.5600,6.5600,AMARELO,,Nao,Nao
SP,,2025-11,Ovo Vermelho,ALIMENTO_VAREJO,90.0000,90.0000,AMARELO,,Nao,Nao
SP,,2026-05,Ovo Vermelho,ALIMENTO_VAREJO,90.0000,90.0000,AMARELO,,Nao,Nao
SP,,2026-04,Ovo Vermelho,ALIMENTO_VAREJO,90.0000,90.0000,AMARELO,,Nao,Nao
SP,,2026-03,Ovo Vermelho,ALIMENTO_VAREJO,90.0000,90.0000,AMARELO,,Nao,Nao
SP,,2026-02,Ovo Vermelho,ALIMENTO_VAREJO,90.0000,90.0000,AMARELO,,Nao,Nao
SP,,2026-01,Ovo Vermelho,ALIMENTO_VAREJO,90.0000,90.0000,AMARELO,,Nao,Nao
SP,,2025-12,Ovo Vermelho,ALIMENTO_VAREJO,90.0000,90.0000,AMARELO,,Nao,Nao
SP,,2025-10,Ovo Vermelho,ALIMENTO_VAREJO,90.0000,90.0000,AMARELO,,Nao,Nao
SP,,2025-09,Ovo Vermelho,ALIMENTO_VAREJO,90.0000,90.0000,AMARELO,,Nao,Nao
SP,,2025-08,Ovo Vermelho,ALIMENTO_VAREJO,90.0000,90.0000,AMARELO,,Nao,Nao
SP,,2025-07,Ovo Vermelho,ALIMENTO_VAREJO,90.0000,90.0000,AMARELO,,Nao,Nao
SP,,2025-06,Ovo Vermelho,ALIMENTO_VAREJO,90.0000,90.0000,AMARELO,,Nao,Nao
SP,,2025-05,Ovo Vermelho,ALIMENTO_VAREJO,90.0000,90.0000,AMARELO,,Nao,Nao
SP,,2025-04,Ovo Vermelho,ALIMENTO_VAREJO,90.0000,90.0000,AMARELO,,Nao,Nao
SP,,2025-03,Ovo Vermelho,ALIMENTO_VAREJO,90.0000,90.0000,AMARELO,,Nao,Nao
SP,,2025-02,Ovo Vermelho,ALIMENTO_VAREJO,90.0000,90.0000,AMARELO,,Nao,Nao
SP,,2025-01,Ovo Vermelho,ALIMENTO_VAREJO,90.0000,90.0000,AMARELO,,Nao,Nao
SP,TUPÃ-SP,2025-06,OVOS DE GALINHA - GRANDE BRANCO,PROTEINAS,0.4500,0.3929,AMARELO,,Nao,Nao
SP,TUPÃ-SP,2025-07,OVOS DE GALINHA - GRANDE BRANCO,PROTEINAS,0.4100,0.3929,AMARELO,,Nao,Nao
SP,TUPÃ-SP,2025-08,OVOS DE GALINHA - GRANDE BRANCO,PROTEINAS,0.4200,0.3929,AMARELO,,Nao,Nao
SP,TUPÃ-SP,2025-09,OVOS DE GALINHA - GRANDE BRANCO,PROTEINAS,0.4000,0.3929,AMARELO,,Nao,Nao
SP,TUPÃ-SP,2025-10,OVOS DE GALINHA - GRANDE BRANCO,PROTEINAS,0.3800,0.3929,AMARELO,,Nao,Nao
SP,TUPÃ-SP,2025-11,OVOS DE GALINHA - GRANDE BRANCO,PROTEINAS,0.3600,0.3929,AMARELO,,Nao,Nao
SP,,2025-06,OVOS DE GALINHA - GRANDE BRANCO,PROTEINAS,0.4600,0.5286,AMARELO,,Nao,Nao
SP,,2025-12,OVOS DE GALINHA - GRANDE BRANCO,PROTEINAS,0.5700,0.5286,AMARELO,,Nao,Nao
SP,SÃO PAULO-SP,2025-12,OVOS DE GALINHA - GRANDE BRANCO,PROTEINAS,0.5700,0.6400,AMARELO,,Nao,Nao
SP,GUARARAPES-SP,2025-12,OVOS DE GALINHA - GRANDE BRANCO,PROTEINAS,0.3400,0.4000,AMARELO,,Nao,Nao
SP,SÃO PAULO-SP,2025-06,OVOS DE GALINHA - GRANDE BRANCO,PROTEINAS,0.6700,0.6400,AMARELO,,Nao,Nao
SP,GUARARAPES-SP,2025-11,OVOS DE GALINHA - GRANDE BRANCO,PROTEINAS,0.3600,0.4000,AMARELO,,Nao,Nao
SP,GUARARAPES-SP,2025-10,OVOS DE GALINHA - GRANDE BRANCO,PROTEINAS,0.3900,0.4000,AMARELO,,Nao,Nao
SP,GUARARAPES-SP,2025-09,OVOS DE GALINHA - GRANDE BRANCO,PROTEINAS,0.4100,0.4000,AMARELO,,Nao,Nao
SP,GUARARAPES-SP,2025-08,OVOS DE GALINHA - GRANDE BRANCO,PROTEINAS,0.4200,0.4000,AMARELO,,Nao,Nao
SP,GUARARAPES-SP,2025-07,OVOS DE GALINHA - GRANDE BRANCO,PROTEINAS,0.4200,0.4000,AMARELO,,Nao,Nao
SP,GUARARAPES-SP,2025-06,OVOS DE GALINHA - GRANDE BRANCO,PROTEINAS,0.4600,0.4000,AMARELO,,Nao,Nao
SP,SÃO PAULO-SP,2025-11,OVOS DE GALINHA - GRANDE BRANCO,PROTEINAS,0.6100,0.6400,AMARELO,,Nao,Nao
SP,SÃO PAULO-SP,2025-09,OVOS DE GALINHA - GRANDE BRANCO,PROTEINAS,0.6300,0.6400,AMARELO,,Nao,Nao
SP,SÃO PAULO-SP,2025-08,OVOS DE GALINHA - GRANDE BRANCO,PROTEINAS,0.6800,0.6400,AMARELO,,Nao,Nao
SP,SÃO PAULO-SP,2025-07,OVOS DE GALINHA - GRANDE BRANCO,PROTEINAS,0.6200,0.6400,AMARELO,,Nao,Nao
SP,SÃO PAULO-SP,2025-10,OVOS DE GALINHA - GRANDE BRANCO,PROTEINAS,0.7000,0.6400,AMARELO,,Nao,Nao
SP,,2026-07,Palmito Pupunha,VERDURAS,13.9500,13.9500,AMARELO,,Nao,Nao
SP,,2026-06,Palmito Pupunha,VERDURAS,12.0900,12.0900,AMARELO,,Nao,Nao
SP,,2026-06,Pampo,PESCADOS,3.8100,3.8100,AMARELO,,Nao,Nao
SP,,2026-07,Pampo,PESCADOS,4.9000,4.9000,AMARELO,,Nao,Nao
SP,,2025-06,PAO - FRANCÊS,ALIMENTO_VAREJO,15.0900,17.5486,AMARELO,,Nao,Nao
SP,,2025-08,PAO - FRANCÊS,ALIMENTO_VAREJO,15.8200,17.5486,AMARELO,,Nao,Nao
SP,,2025-09,PAO - FRANCÊS,ALIMENTO_VAREJO,19.1900,17.5486,AMARELO,,Nao,Nao
SP,,2026-01,PAO - FRANCÊS,ALIMENTO_VAREJO,19.4700,17.5486,AMARELO,,Nao,Nao
SP,,2026-02,PAO - FRANCÊS,ALIMENTO_VAREJO,19.5800,17.5486,AMARELO,,Nao,Nao
SP,,2026-03,PAO - FRANCÊS,ALIMENTO_VAREJO,19.6400,17.5486,AMARELO,,Nao,Nao
SP,,2026-04,PAO - FRANCÊS,ALIMENTO_VAREJO,19.6000,17.5486,AMARELO,,Nao,Nao
SP,SÃO PAULO-SP,2026-04,PAO - FRANCÊS,ALIMENTO_VAREJO,19.6000,17.5486,AMARELO,,Nao,Nao
SP,SÃO PAULO-SP,2026-03,PAO - FRANCÊS,ALIMENTO_VAREJO,19.6400,17.5486,AMARELO,,Nao,Nao
SP,SÃO PAULO-SP,2026-02,PAO - FRANCÊS,ALIMENTO_VAREJO,19.5800,17.5486,AMARELO,,Nao,Nao
SP,SÃO PAULO-SP,2026-01,PAO - FRANCÊS,ALIMENTO_VAREJO,19.4700,17.5486,AMARELO,,Nao,Nao
SP,SÃO PAULO-SP,2025-12,PAO - FRANCÊS,ALIMENTO_VAREJO,19.4200,17.5486,AMARELO,,Nao,Nao
SP,SÃO PAULO-SP,2025-11,PAO - FRANCÊS,ALIMENTO_VAREJO,19.3300,17.5486,AMARELO,,Nao,Nao
SP,SÃO PAULO-SP,2025-10,PAO - FRANCÊS,ALIMENTO_VAREJO,19.3400,17.5486,AMARELO,,Nao,Nao
SP,SÃO PAULO-SP,2025-09,PAO - FRANCÊS,ALIMENTO_VAREJO,19.1900,17.5486,AMARELO,,Nao,Nao
SP,SÃO PAULO-SP,2025-08,PAO - FRANCÊS,ALIMENTO_VAREJO,15.8200,17.5486,AMARELO,,Nao,Nao
SP,SÃO PAULO-SP,2025-06,PAO - FRANCÊS,ALIMENTO_VAREJO,15.0900,17.5486,AMARELO,,Nao,Nao
SP,,2025-10,PAO - FRANCÊS,ALIMENTO_VAREJO,19.3400,17.5486,AMARELO,,Nao,Nao
SP,,2025-11,PAO - FRANCÊS,ALIMENTO_VAREJO,19.3300,17.5486,AMARELO,,Nao,Nao
SP,,2025-12,PAO - FRANCÊS,ALIMENTO_VAREJO,19.4200,17.5486,AMARELO,,Nao,Nao
SP,,2026-07,Pargo,PESCADOS,17.7200,17.7200,AMARELO,,Nao,Nao
SP,,2026-06,Pargo,PESCADOS,13.6867,13.6867,AMARELO,,Nao,Nao
SP,,2026-07,Peixe-Cabra,PESCADOS,3.6200,3.6200,AMARELO,,Nao,Nao
SP,,2026-06,Peixe-Cabra,PESCADOS,3.9000,3.9000,AMARELO,,Nao,Nao
SP,,2026-06,Peixe - Espada,PESCADOS,7.0333,7.0333,AMARELO,,Nao,Nao
SP,,2026-07,Peixe - Espada,PESCADOS,6.9000,6.9000,AMARELO,,Nao,Nao
SP,,2026-06,Pepino Caipira,LEGUMES,1.7300,1.7300,AMARELO,,Nao,Nao
SP,,2026-07,Pepino Caipira,LEGUMES,1.7567,1.7567,AMARELO,,Nao,Nao
SP,,2026-06,Pepino Comum,LEGUMES,4.5250,4.5250,AMARELO,,Nao,Nao
SP,,2026-07,Pepino Comum,LEGUMES,4.2475,4.2475,AMARELO,,Nao,Nao
SP,,2026-07,Pepino Japonês,LEGUMES,5.0433,5.0433,AMARELO,,Nao,Nao
SP,,2026-06,Pepino Japonês,LEGUMES,5.7567,5.7567,AMARELO,,Nao,Nao
SP,,2026-06,Pera Danjou Importada,FRUTAS,12.6633,12.6633,AMARELO,,Nao,Nao
SP,,2026-07,Pera Danjou Importada,FRUTAS,13.4300,13.4300,AMARELO,,Nao,Nao
SP,,2026-07,Pera Ercolini Importada,FRUTAS,11.0720,11.0720,AMARELO,,Nao,Nao
SP,,2026-06,Pera Ercolini Importada,FRUTAS,10.5200,10.5200,AMARELO,,Nao,Nao
SP,,2026-06,Pera Forelli Importada,FRUTAS,12.6633,12.6633,AMARELO,,Nao,Nao
SP,,2026-06,Pera Nacional,FRUTAS,13.7500,13.7500,AMARELO,,Nao,Nao
SP,,2026-07,Pera Nacional,FRUTAS,13.7500,13.7500,AMARELO,,Nao,Nao
SP,,2026-07,Pera Packhams Triumph Importada,FRUTAS,8.0460,8.0460,AMARELO,,Nao,Nao
SP,,2026-06,Pera Packhams Triumph Importada,FRUTAS,9.0670,9.0670,AMARELO,,Nao,Nao
SP,,2026-06,Pera Red Bartlett Importada,FRUTAS,7.8900,7.8900,AMARELO,,Nao,Nao
SP,,2026-07,Pera Red Bartlett Importada,FRUTAS,7.7800,7.7800,AMARELO,,Nao,Nao
SP,,2026-06,Pera William Importada,FRUTAS,12.6633,12.6633,AMARELO,,Nao,Nao
SP,,2026-07,Pera William Importada,FRUTAS,13.4300,13.4300,AMARELO,,Nao,Nao
SP,,2026-07,Pescada Amarela,PESCADOS,40.9800,44.0551,AMARELO,,Sim,Nao
SP,,2026-06,Pescada Bicuda,PESCADOS,4.9000,4.9000,AMARELO,,Nao,Nao
SP,,2026-07,Pescada Branca,PESCADOS,9.8967,9.8967,AMARELO,,Nao,Nao
SP,,2026-06,Pescada Branca,PESCADOS,9.8000,9.8000,AMARELO,,Nao,Nao
SP,,2026-06,Pescada Goete,PESCADOS,5.9000,5.9000,AMARELO,,Nao,Nao
SP,,2026-07,Pescada Goete,PESCADOS,6.0800,6.0800,AMARELO,,Nao,Nao
SP,,2026-07,Pescada Maria Mole,PESCADOS,7.9000,7.9000,AMARELO,,Nao,Nao
SP,,2026-07,Pêssego Imp Estados Unidos,FRUTAS,60.0000,60.0000,AMARELO,,Nao,Nao
SP,,2026-07,Pêssego Importado,FRUTAS,60.0000,60.0000,AMARELO,,Nao,Nao
SP,,2026-06,Pêssego Nacional,FRUTAS,3.5400,3.5400,AMARELO,,Nao,Nao
SP,,2026-06,Physalis,FRUTAS,68.7500,68.7500,AMARELO,,Nao,Nao
SP,,2026-07,Physalis,FRUTAS,57.7800,57.7800,AMARELO,,Nao,Nao
SP,,2026-06,Pimenta Cambuci,LEGUMES,12.0750,12.0750,AMARELO,,Nao,Nao
SP,,2026-07,Pimenta Cambuci,LEGUMES,15.6533,15.6533,AMARELO,,Nao,Nao
SP,,2026-06,Pimenta Dedo de Moça,LEGUMES,7.6700,7.6700,AMARELO,,Nao,Nao
SP,,2026-07,Pimenta Dedo de Moça,LEGUMES,8.7300,8.7300,AMARELO,,Nao,Nao
SP,,2026-06,Pimenta Malagueta/Malaguetão,LEGUMES,22.2600,22.2600,AMARELO,,Nao,Nao
SP,,2026-07,Pimenta Malagueta/Malaguetão,LEGUMES,21.5900,21.5900,AMARELO,,Nao,Nao
SP,,2026-06,Pimenta Verde,LEGUMES,10.0000,10.0000,AMARELO,,Nao,Nao
SP,,2026-07,Pimenta Verde,LEGUMES,10.0000,10.0000,AMARELO,,Nao,Nao
SP,,2026-07,Pimenta Verde Americana,LEGUMES,8.8100,8.8100,AMARELO,,Nao,Nao
SP,,2026-06,Pimenta Verde Americana,LEGUMES,12.5850,12.5850,AMARELO,,Nao,Nao
SP,,2026-07,Pimentão Amarelo,LEGUMES,6.4200,6.4200,AMARELO,,Nao,Nao
SP,,2026-06,Pimentão Amarelo,LEGUMES,6.8789,6.8789,AMARELO,,Nao,Nao
SP,,2026-06,Pimentão Verde,LEGUMES,6.0633,6.0633,AMARELO,,Nao,Nao
SP,,2026-06,Pimentão Vermelho,LEGUMES,7.2100,7.2100,AMARELO,,Nao,Nao
SP,,2026-07,Pinha,FRUTAS,10.7567,10.7567,AMARELO,,Nao,Nao
SP,,2026-07,Pinhão,ALIMENTO_VAREJO,9.9800,9.9800,AMARELO,,Nao,Nao
SP,,2026-06,Pinhão,ALIMENTO_VAREJO,9.9500,9.9500,AMARELO,,Nao,Nao
SP,,2026-06,Pintado,PESCADOS,27.5000,27.5000,AMARELO,,Nao,Nao
SP,,2026-06,Pitaia,FRUTAS,53.5900,53.5900,AMARELO,,Nao,Nao
SP,,2026-07,Pitaia,FRUTAS,46.3300,46.3300,AMARELO,,Nao,Nao
SP,,2026-07,Pitanga,FRUTAS,90.0000,90.0000,AMARELO,,Nao,Nao
SP,,2026-06,Polvo,PESCADOS,37.3333,37.3333,AMARELO,,Nao,Nao
SP,,2026-07,Polvo,PESCADOS,44.0800,44.0800,AMARELO,,Nao,Nao
SP,,2026-07,Prego,PESCADOS,24.5000,24.5000,AMARELO,,Nao,Nao
SP,,2026-07,Quiabo,LEGUMES,9.2200,9.2200,AMARELO,,Nao,Nao
SP,,2026-06,Quiabo,LEGUMES,8.2367,8.2367,AMARELO,,Nao,Nao
SP,,2026-07,Quincam,FRUTAS,22.5000,22.5000,AMARELO,,Nao,Nao
SP,,2026-06,Quincam,FRUTAS,22.5000,22.5000,AMARELO,,Nao,Nao
SP,,2026-06,Rabanete,VERDURAS,59.8300,59.8300,AMARELO,,Nao,Nao
SP,,2026-07,Rabanete,VERDURAS,62.6800,62.6800,AMARELO,,Nao,Nao
SP,,2026-06,Radicchio,VERDURAS,56.7700,56.7700,AMARELO,,Nao,Nao
SP,,2026-07,Radicchio,VERDURAS,51.2100,51.2100,AMARELO,,Nao,Nao
SP,,2026-06,Repolho Roxo,VERDURAS,73.8600,73.8600,AMARELO,,Nao,Nao
SP,,2026-07,Repolho Roxo,VERDURAS,76.7800,76.7800,AMARELO,,Nao,Nao
SP,,2026-07,Repolho Verde Liso,VERDURAS,51.4800,51.4800,AMARELO,,Nao,Nao
SP,,2026-06,Repolho Verde Liso,VERDURAS,50.3800,50.3800,AMARELO,,Nao,Nao
SP,,2026-07,Robalo,PESCADOS,49.0000,49.0000,AMARELO,,Nao,Nao
SP,,2026-06,Robalo,PESCADOS,49.0000,49.0000,AMARELO,,Nao,Nao
SP,,2026-07,Romã,FRUTAS,27.8700,27.8700,AMARELO,,Nao,Nao
SP,,2026-06,Romã,FRUTAS,27.8200,27.8200,AMARELO,,Nao,Nao
SP,,2026-06,Roncador,PESCADOS,3.9000,3.9000,AMARELO,,Nao,Nao
SP,,2026-07,Rúcula Hidropônica,VERDURAS,28.2900,28.2900,AMARELO,,Nao,Nao
SP,,2026-06,Rúcula Hidropônica,VERDURAS,25.4200,25.4200,AMARELO,,Nao,Nao
SP,,2025-08,SAL - NÃO INFORMADO,ALIMENTO_VAREJO,2.8000,2.7967,AMARELO,,Sim,Nao
SP,,2025-07,SAL - NÃO INFORMADO,ALIMENTO_VAREJO,2.8500,2.7967,AMARELO,,Sim,Nao
SP,,2025-06,SAL - NÃO INFORMADO,ALIMENTO_VAREJO,2.7400,2.7967,AMARELO,,Sim,Nao
SP,SÃO PAULO-SP,2025-06,SAL - NÃO INFORMADO,ALIMENTO_VAREJO,2.7400,2.7967,AMARELO,,Sim,Nao
SP,SÃO PAULO-SP,2025-07,SAL - NÃO INFORMADO,ALIMENTO_VAREJO,2.8500,2.7967,AMARELO,,Sim,Nao
SP,SÃO PAULO-SP,2025-08,SAL - NÃO INFORMADO,ALIMENTO_VAREJO,2.8000,2.7967,AMARELO,,Sim,Nao
SP,,2026-07,Salmão Importado Chile,PESCADOS,53.0900,53.0900,AMARELO,,Nao,Nao
SP,,2026-06,Salmão Importado Chile,PESCADOS,60.7100,60.7100,AMARELO,,Nao,Nao
SP,,2026-04,Salsa,VERDURAS,71.9444,71.9444,AMARELO,,Nao,Nao
SP,,2025-10,Salsa,VERDURAS,71.9444,71.9444,AMARELO,,Nao,Nao
SP,,2025-11,Salsa,VERDURAS,71.9444,71.9444,AMARELO,,Nao,Nao
SP,,2025-07,Salsa,VERDURAS,71.9444,71.9444,AMARELO,,Nao,Nao
SP,,2026-03,Salsa,VERDURAS,71.9444,71.9444,AMARELO,,Nao,Nao
SP,,2026-02,Salsa,VERDURAS,71.9444,71.9444,AMARELO,,Nao,Nao
SP,,2025-08,Salsa,VERDURAS,71.9444,71.9444,AMARELO,,Nao,Nao
SP,,2026-01,Salsa,VERDURAS,71.9444,71.9444,AMARELO,,Nao,Nao
SP,,2025-12,Salsa,VERDURAS,71.9444,71.9444,AMARELO,,Nao,Nao
SP,,2026-05,Salsa,VERDURAS,71.9444,71.9444,AMARELO,,Nao,Nao
SP,,2025-09,Salsa,VERDURAS,71.9444,71.9444,AMARELO,,Nao,Nao
SP,,2026-06,Salsa,VERDURAS,65.7400,71.9444,AMARELO,,Nao,Nao
SP,,2025-03,Salsa,VERDURAS,71.9444,71.9444,AMARELO,,Nao,Nao
SP,,2025-04,Salsa,VERDURAS,71.9444,71.9444,AMARELO,,Nao,Nao
SP,,2025-05,Salsa,VERDURAS,71.9444,71.9444,AMARELO,,Nao,Nao
SP,,2025-06,Salsa,VERDURAS,71.9444,71.9444,AMARELO,,Nao,Nao
SP,,2025-02,Salsa,VERDURAS,71.9444,71.9444,AMARELO,,Nao,Nao
SP,,2025-01,Salsa,VERDURAS,71.9444,71.9444,AMARELO,,Nao,Nao
SP,,2026-06,Salsão Branco/Verde,VERDURAS,50.9000,50.9000,AMARELO,,Nao,Nao
SP,,2026-07,Salsão Branco/Verde,VERDURAS,51.4150,51.4150,AMARELO,,Nao,Nao
SP,,2026-06,Sálvia,VERDURAS,4.9500,4.9500,AMARELO,,Nao,Nao
SP,,2026-07,Sálvia,VERDURAS,5.4100,5.4100,AMARELO,,Nao,Nao
SP,,2026-06,Sardinha Congelada,PESCADOS,3.5400,3.5400,AMARELO,,Nao,Nao
SP,,2026-07,Sardinha Fresca,PESCADOS,4.6300,4.6300,AMARELO,,Nao,Nao
SP,,2026-06,Sardinha Fresca,PESCADOS,4.8000,4.8000,AMARELO,,Nao,Nao
SP,,2026-07,Siri,PESCADOS,19.0000,19.0000,AMARELO,,Nao,Nao
SP,,2026-06,Siri,PESCADOS,19.0000,19.0000,AMARELO,,Nao,Nao
SP,ASSIS-SP,2025-06,SOJA - EM GRÃOS,CEREAIS_GRAOS,2.0200,2.0471,AMARELO,,Nao,Nao
SP,ASSIS-SP,2025-07,SOJA - EM GRÃOS,CEREAIS_GRAOS,2.0200,2.0471,AMARELO,,Nao,Nao
SP,ASSIS-SP,2025-08,SOJA - EM GRÃOS,CEREAIS_GRAOS,2.0700,2.0471,AMARELO,,Nao,Nao
SP,ASSIS-SP,2025-09,SOJA - EM GRÃOS,CEREAIS_GRAOS,2.0200,2.0471,AMARELO,,Nao,Nao
SP,ASSIS-SP,2025-10,SOJA - EM GRÃOS,CEREAIS_GRAOS,2.0300,2.0471,AMARELO,,Nao,Nao
SP,ASSIS-SP,2025-11,SOJA - EM GRÃOS,CEREAIS_GRAOS,2.0700,2.0471,AMARELO,,Nao,Nao
SP,ASSIS-SP,2025-12,SOJA - EM GRÃOS,CEREAIS_GRAOS,2.1000,2.0471,AMARELO,,Nao,Nao
SP,ORLÂNDIA-SP,2025-06,SOJA - EM GRÃOS,CEREAIS_GRAOS,2.0400,2.0986,AMARELO,,Nao,Nao
SP,ORLÂNDIA-SP,2025-07,SOJA - EM GRÃOS,CEREAIS_GRAOS,1.9700,2.0986,AMARELO,,Nao,Nao
SP,ORLÂNDIA-SP,2025-08,SOJA - EM GRÃOS,CEREAIS_GRAOS,2.0400,2.0986,AMARELO,,Nao,Nao
SP,,2025-06,SOJA - EM GRÃOS,CEREAIS_GRAOS,2.0300,2.0586,AMARELO,,Nao,Nao
SP,,2025-07,SOJA - EM GRÃOS,CEREAIS_GRAOS,2.0000,2.0586,AMARELO,,Nao,Nao
SP,,2025-08,SOJA - EM GRÃOS,CEREAIS_GRAOS,2.0600,2.0586,AMARELO,,Nao,Nao
SP,,2025-09,SOJA - EM GRÃOS,CEREAIS_GRAOS,2.0700,2.0586,AMARELO,,Nao,Nao
SP,,2025-10,SOJA - EM GRÃOS,CEREAIS_GRAOS,2.0600,2.0586,AMARELO,,Nao,Nao
SP,,2025-11,SOJA - EM GRÃOS,CEREAIS_GRAOS,2.0800,2.0586,AMARELO,,Nao,Nao
SP,,2025-12,SOJA - EM GRÃOS,CEREAIS_GRAOS,2.1100,2.0586,AMARELO,,Nao,Nao
SP,,2026-01,SOJA - EM GRÃOS,CEREAIS_GRAOS,2.0200,2.0586,AMARELO,,Nao,Nao
SP,,2026-02,SOJA - EM GRÃOS,CEREAIS_GRAOS,1.8900,2.0586,AMARELO,,Nao,Nao
SP,,2026-03,SOJA - EM GRÃOS,CEREAIS_GRAOS,1.9100,2.0586,AMARELO,,Nao,Nao
SP,,2026-04,SOJA - EM GRÃOS,CEREAIS_GRAOS,1.9100,2.0586,AMARELO,,Nao,Nao
SP,ORLÂNDIA-SP,2025-09,SOJA - EM GRÃOS,CEREAIS_GRAOS,2.1900,2.0986,AMARELO,,Nao,Nao
SP,ORLÂNDIA-SP,2025-10,SOJA - EM GRÃOS,CEREAIS_GRAOS,2.1200,2.0986,AMARELO,,Nao,Nao
SP,ORLÂNDIA-SP,2025-11,SOJA - EM GRÃOS,CEREAIS_GRAOS,2.1500,2.0986,AMARELO,,Nao,Nao
SP,ORLÂNDIA-SP,2025-12,SOJA - EM GRÃOS,CEREAIS_GRAOS,2.1800,2.0986,AMARELO,,Nao,Nao
SP,ARAÇATUBA-SP,2025-06,SOJA - EM GRÃOS,CEREAIS_GRAOS,2.0200,2.0214,AMARELO,,Nao,Nao
SP,ARAÇATUBA-SP,2025-07,SOJA - EM GRÃOS,CEREAIS_GRAOS,2.0100,2.0214,AMARELO,,Nao,Nao
SP,ARAÇATUBA-SP,2025-08,SOJA - EM GRÃOS,CEREAIS_GRAOS,2.0400,2.0214,AMARELO,,Nao,Nao
SP,ARAÇATUBA-SP,2025-09,SOJA - EM GRÃOS,CEREAIS_GRAOS,2.0500,2.0214,AMARELO,,Nao,Nao
SP,ARAÇATUBA-SP,2025-10,SOJA - EM GRÃOS,CEREAIS_GRAOS,2.0300,2.0214,AMARELO,,Nao,Nao
SP,ARAÇATUBA-SP,2025-11,SOJA - EM GRÃOS,CEREAIS_GRAOS,2.0000,2.0214,AMARELO,,Nao,Nao
SP,ARAÇATUBA-SP,2025-12,SOJA - EM GRÃOS,CEREAIS_GRAOS,2.0000,2.0214,AMARELO,,Nao,Nao
SP,,2026-07,Sororoca,PESCADOS,14.5000,14.5000,AMARELO,,Nao,Nao
SP,,2026-06,Tainha,PESCADOS,5.8200,5.8200,AMARELO,,Nao,Nao
SP,,2026-07,Tainha,PESCADOS,5.1500,5.1500,AMARELO,,Nao,Nao
SP,,2026-06,Tâmara Seca Importada,FRUTAS,26.5000,26.5000,AMARELO,,Nao,Nao
SP,,2026-07,Tâmara Seca Importada,FRUTAS,30.3150,30.3150,AMARELO,,Nao,Nao
SP,,2026-06,Tambaqui,PESCADOS,14.5000,14.5000,AMARELO,,Nao,Nao
SP,,2026-06,Tangerina Cravo,FRUTAS,2.1467,2.1467,AMARELO,,Nao,Nao
SP,,2026-07,Tangerina Cravo,FRUTAS,2.2000,2.2000,AMARELO,,Nao,Nao
SP,,2026-07,Tangerina Decopom,FRUTAS,8.1633,8.1633,AMARELO,,Nao,Nao
SP,,2026-06,Tangerina Decopom,FRUTAS,8.2867,8.2867,AMARELO,,Nao,Nao
SP,,2026-07,Tangerina Importada,FRUTAS,6.5000,6.5000,AMARELO,,Nao,Nao
SP,,2026-06,Tangerina Importada,FRUTAS,5.5000,5.5000,AMARELO,,Nao,Nao
SP,,2026-07,Tangerina Murcote,FRUTAS,2.8833,2.8833,AMARELO,,Nao,Nao
SP,,2026-06,Tangerina Murcote,FRUTAS,2.2533,2.2533,AMARELO,,Nao,Nao
SP,,2026-07,Tangerina Ole,FRUTAS,2.0600,2.0600,AMARELO,,Nao,Nao
SP,,2026-06,Tangerina Ole,FRUTAS,2.6933,2.6933,AMARELO,,Nao,Nao
SP,,2026-06,Tangerina Poncã,FRUTAS,1.8500,1.8500,AMARELO,,Nao,Nao
SP,,2026-07,Tangerina Poncã,FRUTAS,1.9567,1.9567,AMARELO,,Nao,Nao
SP,,2026-06,Tilapia,PESCADOS,12.3600,12.3600,AMARELO,,Nao,Nao
SP,,2026-07,Tilapia,PESCADOS,12.5600,12.5600,AMARELO,,Nao,Nao
SP,SÃO PAULO-SP,2026-02,TOMATE - NÃO INFORMADO,LEGUMES,8.5000,9.5856,AMARELO,,Sim,Nao
SP,,2025-06,TOMATE - NÃO INFORMADO,LEGUMES,3.9000,3.4671,AMARELO,,Nao,Nao
SP,,2025-07,TOMATE - NÃO INFORMADO,LEGUMES,3.3300,3.4671,AMARELO,,Nao,Nao
SP,SÃO PAULO-SP,2026-01,TOMATE - NÃO INFORMADO,LEGUMES,9.0500,9.5856,AMARELO,,Sim,Nao
SP,SÃO PAULO-SP,2025-10,TOMATE - NÃO INFORMADO,LEGUMES,9.0900,9.5856,AMARELO,,Sim,Nao
SP,SÃO PAULO-SP,2025-09,TOMATE - NÃO INFORMADO,LEGUMES,8.8800,9.5856,AMARELO,,Sim,Nao
SP,SÃO PAULO-SP,2026-03,TOMATE - NÃO INFORMADO,LEGUMES,10.2500,9.5856,AMARELO,,Sim,Nao
SP,RIBEIRÃO BRANCO-SP,2025-09,TOMATE - NÃO INFORMADO,LEGUMES,2.2200,2.5257,AMARELO,,Nao,Nao
SP,RIBEIRÃO BRANCO-SP,2025-08,TOMATE - NÃO INFORMADO,LEGUMES,2.3000,2.5257,AMARELO,,Nao,Nao
SP,,2026-05,Tomate Caqui,LEGUMES,94.0210,94.1199,AMARELO,,Nao,Nao
SP,,2026-04,Tomate Caqui,LEGUMES,94.0210,94.1199,AMARELO,,Nao,Nao
SP,,2026-03,Tomate Caqui,LEGUMES,94.0210,94.1199,AMARELO,,Nao,Nao
SP,,2026-02,Tomate Caqui,LEGUMES,94.0210,94.1199,AMARELO,,Nao,Nao
SP,,2026-01,Tomate Caqui,LEGUMES,94.0210,94.1199,AMARELO,,Nao,Nao
SP,,2025-12,Tomate Caqui,LEGUMES,94.0210,94.1199,AMARELO,,Nao,Nao
SP,,2025-11,Tomate Caqui,LEGUMES,94.0210,94.1199,AMARELO,,Nao,Nao
SP,,2025-10,Tomate Caqui,LEGUMES,94.0210,94.1199,AMARELO,,Nao,Nao
SP,,2025-09,Tomate Caqui,LEGUMES,94.0210,94.1199,AMARELO,,Nao,Nao
SP,,2025-08,Tomate Caqui,LEGUMES,94.0210,94.1199,AMARELO,,Nao,Nao
SP,,2025-07,Tomate Caqui,LEGUMES,94.0210,94.1199,AMARELO,,Nao,Nao
SP,,2025-06,Tomate Caqui,LEGUMES,94.0210,94.1199,AMARELO,,Nao,Nao
SP,,2025-05,Tomate Caqui,LEGUMES,94.0210,94.1199,AMARELO,,Nao,Nao
SP,,2025-04,Tomate Caqui,LEGUMES,94.0210,94.1199,AMARELO,,Nao,Nao
SP,,2025-03,Tomate Caqui,LEGUMES,95.2075,94.1199,AMARELO,,Nao,Nao
SP,,2025-02,Tomate Caqui,LEGUMES,94.0210,94.1199,AMARELO,,Nao,Nao
SP,,2025-01,Tomate Caqui,LEGUMES,94.0210,94.1199,AMARELO,,Nao,Nao
SP,,2026-06,Tomate Carmem,LEGUMES,4.0900,4.0900,AMARELO,,Nao,Nao
SP,,2026-06,Tomate Debora,LEGUMES,3.7767,3.7767,AMARELO,,Nao,Nao
SP,,2026-07,Tomate Holandês,LEGUMES,10.9267,10.9267,AMARELO,,Nao,Nao
SP,,2026-06,Tomate Holandês,LEGUMES,12.7267,12.7267,AMARELO,,Nao,Nao
SP,,2025-09,Tomate Italiano - Pizzadoro,LEGUMES,97.5000,97.5000,AMARELO,,Nao,Nao
SP,,2025-01,Tomate Italiano - Pizzadoro,LEGUMES,97.5000,97.5000,AMARELO,,Nao,Nao
SP,,2026-02,Tomate Italiano - Pizzadoro,LEGUMES,97.5000,97.5000,AMARELO,,Nao,Nao
SP,,2026-01,Tomate Italiano - Pizzadoro,LEGUMES,97.5000,97.5000,AMARELO,,Nao,Nao
SP,,2025-03,Tomate Italiano - Pizzadoro,LEGUMES,97.5000,97.5000,AMARELO,,Nao,Nao
SP,,2025-04,Tomate Italiano - Pizzadoro,LEGUMES,97.5000,97.5000,AMARELO,,Nao,Nao
SP,,2025-05,Tomate Italiano - Pizzadoro,LEGUMES,97.5000,97.5000,AMARELO,,Nao,Nao
SP,,2025-06,Tomate Italiano - Pizzadoro,LEGUMES,97.5000,97.5000,AMARELO,,Nao,Nao
SP,,2025-07,Tomate Italiano - Pizzadoro,LEGUMES,97.5000,97.5000,AMARELO,,Nao,Nao
SP,,2025-08,Tomate Italiano - Pizzadoro,LEGUMES,97.5000,97.5000,AMARELO,,Nao,Nao
SP,,2026-05,Tomate Italiano - Pizzadoro,LEGUMES,97.5000,97.5000,AMARELO,,Nao,Nao
SP,,2026-04,Tomate Italiano - Pizzadoro,LEGUMES,97.5000,97.5000,AMARELO,,Nao,Nao
SP,,2026-03,Tomate Italiano - Pizzadoro,LEGUMES,97.5000,97.5000,AMARELO,,Nao,Nao
SP,,2025-10,Tomate Italiano - Pizzadoro,LEGUMES,97.5000,97.5000,AMARELO,,Nao,Nao
SP,,2025-11,Tomate Italiano - Pizzadoro,LEGUMES,97.5000,97.5000,AMARELO,,Nao,Nao
SP,,2025-02,Tomate Italiano - Pizzadoro,LEGUMES,97.5000,97.5000,AMARELO,,Nao,Nao
SP,,2025-12,Tomate Italiano - Pizzadoro,LEGUMES,97.5000,97.5000,AMARELO,,Nao,Nao
SP,,2026-07,Tomate Rasteiro,LEGUMES,3.3267,3.3267,AMARELO,,Nao,Nao
SP,,2026-06,Tomate Rasteiro,LEGUMES,4.7667,4.7667,AMARELO,,Nao,Nao
SP,,2026-06,Tomate Sweet Grape,LEGUMES,7.6500,7.6500,AMARELO,,Nao,Nao
SP,,2026-07,Tomate Sweet Grape,LEGUMES,7.3700,7.3700,AMARELO,,Nao,Nao
SP,,2026-07,Tomilho,VERDURAS,6.5500,6.5500,AMARELO,,Nao,Nao
SP,,2026-06,Tomilho,VERDURAS,6.3400,6.3400,AMARELO,,Nao,Nao
SP,,2026-06,Traira,PESCADOS,10.5200,10.5200,AMARELO,,Nao,Nao
SP,,2025-11,"TRIGO - MELHORADOR, PH 78, T",CEREAIS_GRAOS,1.0800,1.2057,AMARELO,,Nao,Nao
SP,,2025-12,"TRIGO - MELHORADOR, PH 78, T",CEREAIS_GRAOS,1.0900,1.2057,AMARELO,,Nao,Nao
SP,,2026-01,"TRIGO - MELHORADOR, PH 78, T",CEREAIS_GRAOS,1.0700,1.2057,AMARELO,,Nao,Nao
SP,,2026-02,"TRIGO - MELHORADOR, PH 78, T",CEREAIS_GRAOS,1.0500,1.2057,AMARELO,,Nao,Nao
SP,,2026-03,"TRIGO - MELHORADOR, PH 78, T",CEREAIS_GRAOS,1.0500,1.2057,AMARELO,,Nao,Nao
SP,ITAPEVA-SP,2025-06,"TRIGO - MELHORADOR, PH 78, T",CEREAIS_GRAOS,1.3800,1.2057,AMARELO,,Nao,Nao
SP,ITAPEVA-SP,2025-08,"TRIGO - MELHORADOR, PH 78, T",CEREAIS_GRAOS,1.2700,1.2057,AMARELO,,Nao,Nao
SP,ITAPEVA-SP,2025-09,"TRIGO - MELHORADOR, PH 78, T",CEREAIS_GRAOS,1.2200,1.2057,AMARELO,,Nao,Nao
SP,ITAPEVA-SP,2025-10,"TRIGO - MELHORADOR, PH 78, T",CEREAIS_GRAOS,1.0800,1.2057,AMARELO,,Nao,Nao
SP,ITAPEVA-SP,2025-11,"TRIGO - MELHORADOR, PH 78, T",CEREAIS_GRAOS,1.0800,1.2057,AMARELO,,Nao,Nao
SP,ITAPEVA-SP,2025-12,"TRIGO - MELHORADOR, PH 78, T",CEREAIS_GRAOS,1.0900,1.2057,AMARELO,,Nao,Nao
SP,,2026-04,"TRIGO - MELHORADOR, PH 78, T",CEREAIS_GRAOS,1.0700,1.2057,AMARELO,,Nao,Nao
SP,,2025-06,"TRIGO - MELHORADOR, PH 78, T",CEREAIS_GRAOS,1.3800,1.2057,AMARELO,,Nao,Nao
SP,,2025-07,"TRIGO - MELHORADOR, PH 78, T",CEREAIS_GRAOS,1.3200,1.2057,AMARELO,,Nao,Nao
SP,,2025-08,"TRIGO - MELHORADOR, PH 78, T",CEREAIS_GRAOS,1.2700,1.2057,AMARELO,,Nao,Nao
SP,,2025-09,"TRIGO - MELHORADOR, PH 78, T",CEREAIS_GRAOS,1.2200,1.2057,AMARELO,,Nao,Nao
SP,,2025-10,"TRIGO - MELHORADOR, PH 78, T",CEREAIS_GRAOS,1.0800,1.2057,AMARELO,,Nao,Nao
SP,ITAPEVA-SP,2025-07,"TRIGO - MELHORADOR, PH 78, T",CEREAIS_GRAOS,1.3200,1.2057,AMARELO,,Nao,Nao
SP,,2026-06,Trilha,PESCADOS,5.9300,5.9300,AMARELO,,Nao,Nao
SP,,2026-07,Trilha,PESCADOS,10.7300,10.7300,AMARELO,,Nao,Nao
SP,,2026-07,Truta,PESCADOS,38.4400,38.4400,AMARELO,,Nao,Nao
SP,,2026-06,Truta,PESCADOS,37.9000,37.9000,AMARELO,,Nao,Nao
SP,,2026-07,Ume,LEGUMES,26.0000,26.0000,AMARELO,,Nao,Nao
SP,CAMPINAS-SP,2025-06,UVA - INDÚSTRIA NIÁGARA,FRUTAS,6.5200,5.7567,AMARELO,,Sim,Nao
SP,CAMPINAS-SP,2025-07,UVA - INDÚSTRIA NIÁGARA,FRUTAS,5.8900,5.7567,AMARELO,,Sim,Nao
SP,JALES-SP,2025-07,UVA - INDÚSTRIA NIÁGARA,FRUTAS,6.1300,7.0333,AMARELO,,Nao,Nao
SP,JALES-SP,2025-09,UVA - INDÚSTRIA NIÁGARA,FRUTAS,6.5000,7.0333,AMARELO,,Nao,Nao
SP,JALES-SP,2025-10,UVA - INDÚSTRIA NIÁGARA,FRUTAS,7.4800,7.0333,AMARELO,,Nao,Nao
SP,,2025-06,UVA - INDÚSTRIA NIÁGARA,FRUTAS,6.5300,7.2471,AMARELO,,Nao,Nao
SP,,2025-09,UVA - INDÚSTRIA NIÁGARA,FRUTAS,6.5000,7.2471,AMARELO,,Nao,Nao
SP,,2025-10,UVA - INDÚSTRIA NIÁGARA,FRUTAS,7.4800,7.2471,AMARELO,,Nao,Nao
SP,,2025-11,UVA - INDÚSTRIA NIÁGARA,FRUTAS,8.2100,7.2471,AMARELO,,Nao,Nao
SP,PORTO FELIZ-SP,2025-06,UVA - INDÚSTRIA NIÁGARA,FRUTAS,6.5400,7.5150,AMARELO,,Sim,Nao
SP,,2026-02,Uva Arra 15,FRUTAS,44.8700,39.1279,AMARELO,,Sim,Nao
SP,,2026-05,Uva Arra 15,FRUTAS,44.8700,39.1279,AMARELO,,Sim,Nao
SP,,2026-04,Uva Arra 15,FRUTAS,44.8700,39.1279,AMARELO,,Sim,Nao
SP,,2026-03,Uva Arra 15,FRUTAS,44.8700,39.1279,AMARELO,,Sim,Nao
SP,,2026-01,Uva Arra 15,FRUTAS,44.8700,39.1279,AMARELO,,Sim,Nao
SP,,2025-12,Uva Arra 15,FRUTAS,44.8700,39.1279,AMARELO,,Sim,Nao
SP,,2025-11,Uva Arra 15,FRUTAS,44.8700,39.1279,AMARELO,,Sim,Nao
SP,,2025-10,Uva Arra 15,FRUTAS,44.8700,39.1279,AMARELO,,Sim,Nao
SP,,2025-09,Uva Arra 15,FRUTAS,44.8700,39.1279,AMARELO,,Sim,Nao
SP,,2026-07,Uva Benitaka,FRUTAS,9.0650,9.0650,AMARELO,,Nao,Nao
SP,,2026-06,Uva Benitaka,FRUTAS,9.8350,9.8350,AMARELO,,Nao,Nao
SP,,2026-06,Uva Brasil,FRUTAS,10.0000,10.0000,AMARELO,,Nao,Nao
SP,,2026-06,Uva Centenial,FRUTAS,17.2067,17.2067,AMARELO,,Nao,Nao
SP,,2026-06,Uva Crimson Importada,FRUTAS,16.0000,16.0000,AMARELO,,Nao,Nao
SP,,2026-06,Uva Isabel,FRUTAS,17.2067,17.2067,AMARELO,,Nao,Nao
SP,,2026-06,Uva Isis,FRUTAS,10.0000,10.0000,AMARELO,,Nao,Nao
SP,,2026-07,Uva Isis,FRUTAS,13.3900,13.3900,AMARELO,,Nao,Nao
SP,,2026-06,Uva Italia,FRUTAS,17.2067,17.2067,AMARELO,,Nao,Nao
SP,,2026-07,Uva Italia,FRUTAS,15.0760,15.0760,AMARELO,,Nao,Nao
SP,,2026-06,Uva Melodia,FRUTAS,17.2067,17.2067,AMARELO,,Nao,Nao
SP,,2026-07,Uva Melodia,FRUTAS,10.6300,10.6300,AMARELO,,Nao,Nao
SP,,2026-06,Uva Niagara,FRUTAS,9.6100,9.6100,AMARELO,,Nao,Nao
SP,,2026-07,Uva Niagara,FRUTAS,15.0760,15.0760,AMARELO,,Nao,Nao
SP,,2026-07,Uva Passa Importada,FRUTAS,13.5100,13.5100,AMARELO,,Nao,Nao
SP,,2026-07,Uva Red Globe,FRUTAS,24.3400,24.3400,AMARELO,,Nao,Nao
SP,,2026-06,Uva Red Globe,FRUTAS,18.3950,18.3950,AMARELO,,Nao,Nao
SP,,2026-06,Uva Rubi,FRUTAS,17.2067,17.2067,AMARELO,,Nao,Nao
SP,,2026-07,Uva Rubi,FRUTAS,17.5033,17.5033,AMARELO,,Nao,Nao
SP,,2026-07,Uva Thompson,FRUTAS,16.1875,16.1875,AMARELO,,Nao,Nao
SP,,2026-06,Uva Thompson,FRUTAS,15.7000,15.7000,AMARELO,,Nao,Nao
SP,,2026-06,Uva Vitoria,FRUTAS,10.5550,10.5550,AMARELO,,Nao,Nao
SP,,2026-07,Uva Vitoria,FRUTAS,9.9950,9.9950,AMARELO,,Nao,Nao
SP,,2026-07,Vagem Macarrão,LEGUMES,7.3860,7.3860,AMARELO,,Nao,Nao
SP,,2026-06,Vagem Macarrão,LEGUMES,8.7100,8.7100,AMARELO,,Nao,Nao
SP,,2026-06,Xaréu,PESCADOS,9.9000,9.9000,AMARELO,,Nao,Nao
SP,,2026-06,Abacaxi Havai,FRUTAS,4.5800,10.0827,VERDE,,Nao,Nao
SP,,2026-01,ARROZ - LONGO FINO TIPO 1 58,CEREAIS_GRAOS,1.0900,1.2943,VERDE,,Nao,Nao
SP,GUARATINGUETÁ-SP,2025-12,ARROZ - LONGO FINO TIPO 1 58,CEREAIS_GRAOS,1.1000,1.2943,VERDE,,Nao,Nao
SP,,2025-12,ARROZ - LONGO FINO TIPO 1 58,CEREAIS_GRAOS,1.1000,1.2943,VERDE,,Nao,Nao
SP,,2026-02,ARROZ - LONGO FINO TIPO 1 58,CEREAIS_GRAOS,1.0800,1.2943,VERDE,,Nao,Nao
SP,SÃO PAULO-SP,2025-11,ARROZ - LONGO FINO TIPO 1 BE,CEREAIS_GRAOS,3.5700,4.2414,VERDE,,Nao,Nao
SP,,2025-11,ARROZ - LONGO FINO TIPO 1 BE,CEREAIS_GRAOS,3.5700,4.4229,VERDE,,Nao,Nao
SP,,2025-10,ARROZ - LONGO FINO TIPO 1 BE,CEREAIS_GRAOS,3.7500,4.4229,VERDE,,Nao,Nao
SP,SÃO PAULO-SP,2026-05,BANANA - NANICA,FRUTAS,0.5500,0.9800,VERDE,,Sim,Nao
SP,,2026-05,BANANA - NANICA,FRUTAS,0.5500,0.9800,VERDE,,Sim,Nao
SP,,2025-09,BANANA - PRATA,FRUTAS,1.0500,2.3000,VERDE,,Nao,Nao
SP,,2025-12,BANANA - PRATA,FRUTAS,1.0800,2.3000,VERDE,,Nao,Nao
SP,,2026-01,BANANA - PRATA,FRUTAS,1.1000,2.3000,VERDE,,Nao,Nao
SP,,2026-03,BANANA - PRATA,FRUTAS,1.0500,2.3000,VERDE,,Nao,Nao
SP,,2026-04,BANANA - PRATA,FRUTAS,1.0700,2.3000,VERDE,,Nao,Nao
SP,REGISTRO-SP,2025-11,BANANA - PRATA,FRUTAS,2.6000,3.0643,VERDE,,Nao,Nao
SP,,2026-06,Banana Prata MG,FRUTAS,6.0000,36.2800,VERDE,,Nao,Nao
SP,,2026-06,Banana Prata SP,FRUTAS,4.2400,23.0220,VERDE,,Nao,Nao
SP,,2025-08,BATATA-DOCE - NÃO INFORMADO,LEGUMES,0.1800,0.2786,VERDE,,Nao,Nao
SP,,2025-07,BATATA-DOCE - NÃO INFORMADO,LEGUMES,0.1200,0.2786,VERDE,,Nao,Nao
SP,,2025-06,BATATA-DOCE - NÃO INFORMADO,LEGUMES,0.1500,0.2786,VERDE,,Nao,Nao
SP,ANHUMAS-SP,2025-07,BATATA-DOCE - NÃO INFORMADO,LEGUMES,0.1200,0.2786,VERDE,,Nao,Nao
SP,ANHUMAS-SP,2025-08,BATATA-DOCE - NÃO INFORMADO,LEGUMES,0.1800,0.2786,VERDE,,Nao,Nao
SP,ANHUMAS-SP,2025-06,BATATA-DOCE - NÃO INFORMADO,LEGUMES,0.1500,0.2786,VERDE,,Nao,Nao
SP,,2025-09,BATATA - NÃO INFORMADO,LEGUMES,5.4500,6.6267,VERDE,,Sim,Nao
SP,SÃO PAULO-SP,2025-09,BATATA - NÃO INFORMADO,LEGUMES,5.4500,6.6267,VERDE,,Sim,Nao
SP,,2026-06,Batata Doce Amarela,LEGUMES,2.1417,55.1353,VERDE,,Nao,Nao
SP,,2026-06,Batata Doce Roxa,LEGUMES,2.3467,94.3750,VERDE,,Nao,Nao
SP,,2026-06,Batata Lavada,ALIMENTO_VAREJO,4.3386,22.0944,VERDE,,Nao,Nao
SP,,2025-07,"CAFE - ARÁBICA TIPO 6, BEBI",ALIMENTO_VAREJO,30.1400,35.6557,VERDE,,Nao,Nao
SP,ESPÍRITO SANTO DO PINHAL-SP,2025-07,"CAFE - ARÁBICA TIPO 6, BEBI",ALIMENTO_VAREJO,30.2800,36.8500,VERDE,,Nao,Nao
SP,PIEDADE-SP,2025-10,CEBOLA - AMARELA,ALIMENTO_VAREJO,0.5600,0.9414,VERDE,,Nao,Nao
SP,,2025-09,CEBOLA - AMARELA,ALIMENTO_VAREJO,0.3800,0.9414,VERDE,,Nao,Nao
SP,PIEDADE-SP,2025-09,CEBOLA - AMARELA,ALIMENTO_VAREJO,0.3800,0.9414,VERDE,,Nao,Nao
SP,,2025-10,CEBOLA - AMARELA,ALIMENTO_VAREJO,0.5600,0.9414,VERDE,,Nao,Nao
SP,,2025-11,CEBOLA - AMARELA,ALIMENTO_VAREJO,0.7400,0.9414,VERDE,,Nao,Nao
SP,PIEDADE-SP,2025-08,CEBOLA - AMARELA,ALIMENTO_VAREJO,0.6800,0.9414,VERDE,,Nao,Nao
SP,,2025-08,CEBOLA - AMARELA,ALIMENTO_VAREJO,0.6800,0.9414,VERDE,,Nao,Nao
SP,PIEDADE-SP,2025-11,CEBOLA - AMARELA,ALIMENTO_VAREJO,0.7400,0.9414,VERDE,,Nao,Nao
SP,,2026-06,Cebola Roxa,ALIMENTO_VAREJO,5.0000,94.3750,VERDE,,Nao,Nao
SP,PRESIDENTE PRUDENTE-SP,2025-07,FARINHA DE MANDIOCA - CRUA FINA,CEREAIS_GRAOS,2.1200,2.6129,VERDE,,Nao,Nao
SP,CÂNDIDO MOTA-SP,2025-08,FARINHA DE MANDIOCA - CRUA FINA,CEREAIS_GRAOS,1.9500,2.2943,VERDE,,Nao,Nao
SP,PRESIDENTE PRUDENTE-SP,2025-08,FARINHA DE MANDIOCA - TORRADA,CEREAIS_GRAOS,2.4300,2.8771,VERDE,,Nao,Nao
SP,,2025-07,FARINHA DE MANDIOCA - TORRADA,CEREAIS_GRAOS,2.2400,2.6957,VERDE,,Nao,Nao
SP,PRESIDENTE PRUDENTE-SP,2025-07,FARINHA DE MANDIOCA - TORRADA,CEREAIS_GRAOS,2.2800,2.8771,VERDE,,Nao,Nao
SP,,2025-09,FARINHA DE TRIGO - SEM FERMENTO,CEREAIS_GRAOS,3.4300,4.5657,VERDE,,Nao,Nao
SP,SÃO PAULO-SP,2025-12,FARINHA DE TRIGO - SEM FERMENTO,CEREAIS_GRAOS,3.5600,4.2157,VERDE,,Nao,Nao
SP,SÃO PAULO-SP,2025-10,FARINHA DE TRIGO - SEM FERMENTO,CEREAIS_GRAOS,3.4700,4.2157,VERDE,,Nao,Nao
SP,SÃO PAULO-SP,2025-08,FEIJAO - COMUM CORES TIPO 1,ALIMENTO_VAREJO,5.4000,6.4557,VERDE,,Nao,Nao
SP,SANTA SALETE-SP,2025-09,LARANJA - INDÚSTRIA PERA,FRUTAS,1.0800,1.2714,VERDE,,Nao,Nao
SP,MOJI MIRIM-SP,2025-12,LARANJA - INDÚSTRIA PERA,FRUTAS,0.8800,1.0414,VERDE,,Nao,Nao
SP,,2026-04,LARANJA - INDÚSTRIA PERA,FRUTAS,0.7600,1.1243,VERDE,,Nao,Nao
SP,,2026-03,LARANJA - INDÚSTRIA PERA,FRUTAS,0.8000,1.1243,VERDE,,Nao,Nao
SP,,2026-02,LARANJA - INDÚSTRIA PERA,FRUTAS,0.7400,1.1243,VERDE,,Nao,Nao
SP,,2026-01,LARANJA - INDÚSTRIA PERA,FRUTAS,0.8300,1.1243,VERDE,,Nao,Nao
SP,,2025-12,LARANJA - INDÚSTRIA PERA,FRUTAS,0.9300,1.1243,VERDE,,Nao,Nao
SP,BEBEDOURO-SP,2025-12,LARANJA - INDÚSTRIA PERA,FRUTAS,0.8600,1.1386,VERDE,,Nao,Nao
SP,ITÁPOLIS-SP,2025-12,LARANJA - INDÚSTRIA PERA,FRUTAS,0.7400,1.0871,VERDE,,Nao,Nao
SP,,2025-12,LEITE DE VACA - IN NATURA,PROTEINAS,1.9900,2.3457,VERDE,,Nao,Nao
SP,,2026-01,LEITE DE VACA - IN NATURA,PROTEINAS,1.9500,2.3457,VERDE,,Nao,Nao
SP,,2026-02,LEITE DE VACA - IN NATURA,PROTEINAS,1.9600,2.3457,VERDE,,Nao,Nao
SP,PINDAMONHANGABA-SP,2025-12,LEITE DE VACA - IN NATURA,PROTEINAS,1.8500,2.2386,VERDE,,Nao,Nao
SP,CACHOEIRA PAULISTA-SP,2025-12,LEITE DE VACA - IN NATURA,PROTEINAS,1.7500,2.1857,VERDE,,Nao,Nao
SP,,2025-12,LEITE DE VACA - LONGA VIDA INTEGRAL,PROTEINAS,4.4500,5.5343,VERDE,,Nao,Nao
SP,,2026-06,Maçã Fuji,FRUTAS,5.4500,73.5000,VERDE,,Nao,Nao
SP,,2026-06,Maça Fuji Importada,FRUTAS,9.5400,104.3400,VERDE,,Nao,Nao
SP,,2026-06,Maçã Gala,FRUTAS,9.7825,77.4167,VERDE,,Nao,Nao
SP,,2026-06,Maça Gala Importada,FRUTAS,57.5250,105.5100,VERDE,,Nao,Nao
SP,,2026-06,Mamão Formosa,FRUTAS,4.1500,11.9960,VERDE,,Nao,Nao
SP,,2026-06,Mamão Havaí,FRUTAS,4.1300,11.9136,VERDE,,Nao,Nao
SP,,2026-03,OVOS DE GALINHA - GRANDE BRANCO,PROTEINAS,0.4200,0.5286,VERDE,,Nao,Nao
SP,,2026-02,OVOS DE GALINHA - GRANDE BRANCO,PROTEINAS,0.4100,0.5286,VERDE,,Nao,Nao
SP,,2026-01,OVOS DE GALINHA - GRANDE BRANCO,PROTEINAS,0.3100,0.5286,VERDE,,Nao,Nao
SP,,2025-10,OVOS DE GALINHA - GRANDE BRANCO,PROTEINAS,0.3900,0.5286,VERDE,,Nao,Nao
SP,,2025-08,OVOS DE GALINHA - GRANDE BRANCO,PROTEINAS,0.4200,0.5286,VERDE,,Nao,Nao
SP,TUPÃ-SP,2025-12,OVOS DE GALINHA - GRANDE BRANCO,PROTEINAS,0.3300,0.3929,VERDE,,Nao,Nao
SP,,2026-04,OVOS DE GALINHA - GRANDE BRANCO,PROTEINAS,0.4400,0.5286,VERDE,,Nao,Nao
SP,SÃO PAULO-SP,2025-07,PAO - FRANCÊS,ALIMENTO_VAREJO,14.6500,17.5486,VERDE,,Nao,Nao
SP,,2025-07,PAO - FRANCÊS,ALIMENTO_VAREJO,14.6500,17.5486,VERDE,,Nao,Nao
SP,,2026-06,Pescada Amarela,PESCADOS,36.0500,44.0551,VERDE,,Sim,Nao
SP,,2026-02,TOMATE - NÃO INFORMADO,LEGUMES,1.9900,3.4671,VERDE,,Nao,Nao
SP,,2025-12,TOMATE - NÃO INFORMADO,LEGUMES,1.5000,3.4671,VERDE,,Nao,Nao
SP,,2025-10,TOMATE - NÃO INFORMADO,LEGUMES,2.9100,3.4671,VERDE,,Nao,Nao
SP,SÃO PAULO-SP,2025-11,TOMATE - NÃO INFORMADO,LEGUMES,8.1100,9.5856,VERDE,,Sim,Nao
SP,SÃO PAULO-SP,2025-12,TOMATE - NÃO INFORMADO,LEGUMES,7.6600,9.5856,VERDE,,Sim,Nao
SP,,2025-09,TOMATE - NÃO INFORMADO,LEGUMES,2.2200,3.4671,VERDE,,Nao,Nao
SP,RIBEIRÃO BRANCO-SP,2025-11,TOMATE - NÃO INFORMADO,LEGUMES,1.5200,2.5257,VERDE,,Nao,Nao
SP,RIBEIRÃO BRANCO-SP,2025-12,TOMATE - NÃO INFORMADO,LEGUMES,1.5000,2.5257,VERDE,,Nao,Nao
SP,,2025-08,TOMATE - NÃO INFORMADO,LEGUMES,2.3000,3.4671,VERDE,,Nao,Nao
SP,,2026-06,Tomate Caqui,LEGUMES,7.2211,94.1199,VERDE,,Nao,Nao
SP,,2026-06,Tomate Italiano - Pizzadoro,LEGUMES,4.7467,97.5000,VERDE,,Nao,Nao
SP,,2025-07,UVA - INDÚSTRIA NIÁGARA,FRUTAS,6.1200,7.2471,VERDE,,Nao,Nao
SP,PORTO FELIZ-SP,2025-08,UVA - INDÚSTRIA NIÁGARA,FRUTAS,5.9000,7.5150,VERDE,,Sim,Nao
SP,JALES-SP,2025-08,UVA - INDÚSTRIA NIÁGARA,FRUTAS,5.6300,7.0333,VERDE,,Nao,Nao
SP,PORTO FELIZ-SP,2025-07,UVA - INDÚSTRIA NIÁGARA,FRUTAS,6.3700,7.5150,VERDE,,Sim,Nao
SP,CAMPINAS-SP,2025-08,UVA - INDÚSTRIA NIÁGARA,FRUTAS,4.8600,5.7567,VERDE,,Sim,Nao
SP,,2025-08,UVA - INDÚSTRIA NIÁGARA,FRUTAS,5.3900,7.2471,VERDE,,Nao,Nao
SP,,2026-06,Uva Arra 15,FRUTAS,12.9960,39.1279,VERDE,,Sim,Nao
SP,,2026-07,Uva Arra 15,FRUTAS,13.5812,39.1279,VERDE,,Sim,Nao
SP,,2025-04,Abacaxi Havai,FRUTAS,11.9136,10.0827,VERMELHO,,Nao,Nao
SP,,2025-05,Abacaxi Havai,FRUTAS,11.9136,10.0827,VERMELHO,,Nao,Nao
SP,,2025-06,Abacaxi Havai,FRUTAS,11.9136,10.0827,VERMELHO,,Nao,Nao
SP,GUARATINGUETÁ-SP,2025-08,ARROZ - LONGO FINO TIPO 1 58,CEREAIS_GRAOS,1.5000,1.2943,VERMELHO,,Nao,Nao
SP,,2025-08,ARROZ - LONGO FINO TIPO 1 58,CEREAIS_GRAOS,1.5000,1.2943,VERMELHO,,Nao,Nao
SP,SÃO PAULO-SP,2025-06,ARROZ - LONGO FINO TIPO 1 BE,CEREAIS_GRAOS,5.2000,4.2414,VERMELHO,,Nao,Nao
SP,,2025-07,BANANA - PRATA,FRUTAS,2.9600,2.3000,VERMELHO,,Nao,Nao
SP,,2025-08,BANANA - PRATA,FRUTAS,2.9900,2.3000,VERMELHO,,Nao,Nao
SP,,2025-10,BANANA - PRATA,FRUTAS,2.7800,2.3000,VERMELHO,,Nao,Nao
SP,,2026-02,BANANA - PRATA,FRUTAS,3.9800,2.3000,VERMELHO,,Nao,Nao
SP,REGISTRO-SP,2025-12,BANANA - PRATA,FRUTAS,4.2800,3.0643,VERMELHO,,Nao,Nao
SP,ANHUMAS-SP,2025-11,BATATA-DOCE - NÃO INFORMADO,LEGUMES,0.4000,0.2786,VERMELHO,,Nao,Nao
SP,ANHUMAS-SP,2025-10,BATATA-DOCE - NÃO INFORMADO,LEGUMES,0.4900,0.2786,VERMELHO,,Nao,Nao
SP,,2026-04,BATATA-DOCE - NÃO INFORMADO,LEGUMES,0.3400,0.2786,VERMELHO,,Nao,Nao
SP,,2026-03,BATATA-DOCE - NÃO INFORMADO,LEGUMES,0.4900,0.2786,VERMELHO,,Nao,Nao
SP,,2026-02,BATATA-DOCE - NÃO INFORMADO,LEGUMES,0.4300,0.2786,VERMELHO,,Nao,Nao
SP,,2026-01,BATATA-DOCE - NÃO INFORMADO,LEGUMES,0.3500,0.2786,VERMELHO,,Nao,Nao
SP,,2025-11,BATATA-DOCE - NÃO INFORMADO,LEGUMES,0.4000,0.2786,VERMELHO,,Nao,Nao
SP,,2025-10,BATATA-DOCE - NÃO INFORMADO,LEGUMES,0.4900,0.2786,VERMELHO,,Nao,Nao
SP,,2026-05,BATATA - NÃO INFORMADO,LEGUMES,9.9700,6.6267,VERMELHO,,Sim,Nao
SP,SÃO PAULO-SP,2026-05,BATATA - NÃO INFORMADO,LEGUMES,9.9700,6.6267,VERMELHO,,Sim,Nao
SP,,2026-06,Batata Asterix,ALIMENTO_VAREJO,5.6000,4.0000,VERMELHO,,Nao,Nao
SP,,2026-01,CEBOLA - AMARELA,ALIMENTO_VAREJO,1.5000,0.9414,VERMELHO,,Nao,Nao
SP,,2026-04,CEBOLA - AMARELA,ALIMENTO_VAREJO,2.2800,0.9414,VERMELHO,,Nao,Nao
SP,,2026-03,CEBOLA - AMARELA,ALIMENTO_VAREJO,1.7100,0.9414,VERMELHO,,Nao,Nao
SP,,2025-06,CEBOLA - AMARELA,ALIMENTO_VAREJO,1.9000,0.9414,VERMELHO,,Nao,Nao
SP,,2026-02,CEBOLA - AMARELA,ALIMENTO_VAREJO,1.8700,0.9414,VERMELHO,,Nao,Nao
SP,,2025-12,CEBOLA - AMARELA,ALIMENTO_VAREJO,1.3000,0.9414,VERMELHO,,Nao,Nao
SP,PIEDADE-SP,2025-12,CEBOLA - AMARELA,ALIMENTO_VAREJO,1.3000,0.9414,VERMELHO,,Nao,Nao
SP,PIEDADE-SP,2025-06,CEBOLA - AMARELA,ALIMENTO_VAREJO,1.9000,0.9414,VERMELHO,,Nao,Nao
SP,SÃO PAULO-SP,2025-07,FARINHA DE TRIGO - SEM FERMENTO,CEREAIS_GRAOS,5.0300,4.2157,VERMELHO,,Nao,Nao
SP,,2026-04,FEIJAO - COMUM CORES,ALIMENTO_VAREJO,5.1400,3.8614,VERMELHO,,Nao,Nao
SP,,2026-03,FEIJAO - COMUM CORES,ALIMENTO_VAREJO,5.3200,3.8614,VERMELHO,,Nao,Nao
SP,,2026-02,FEIJAO - COMUM CORES,ALIMENTO_VAREJO,4.9500,3.8614,VERMELHO,,Nao,Nao
SP,,2025-12,FEIJAO - COMUM CORES TIPO 1,ALIMENTO_VAREJO,6.9100,5.9629,VERMELHO,,Nao,Nao
SP,,2026-01,FEIJAO - COMUM CORES TIPO 1,ALIMENTO_VAREJO,6.8800,5.9629,VERMELHO,,Nao,Nao
SP,,2026-02,FEIJAO - COMUM CORES TIPO 1,ALIMENTO_VAREJO,7.3600,5.9629,VERMELHO,,Nao,Nao
SP,,2026-03,FEIJAO - COMUM CORES TIPO 1,ALIMENTO_VAREJO,8.5300,5.9629,VERMELHO,,Nao,Nao
SP,,2026-04,FEIJAO - COMUM CORES TIPO 1,ALIMENTO_VAREJO,8.8400,5.9629,VERMELHO,,Nao,Nao
SP,SÃO PAULO-SP,2026-03,FEIJAO - COMUM CORES TIPO 1,ALIMENTO_VAREJO,8.5300,6.4557,VERMELHO,,Nao,Nao
SP,SÃO PAULO-SP,2026-04,FEIJAO - COMUM CORES TIPO 1,ALIMENTO_VAREJO,8.8400,6.4557,VERMELHO,,Nao,Nao
SP,BEBEDOURO-SP,2025-06,LARANJA - INDÚSTRIA PERA,FRUTAS,1.4000,1.1386,VERMELHO,,Nao,Nao
SP,MOJI MIRIM-SP,2025-11,LARANJA - INDÚSTRIA PERA,FRUTAS,1.2300,1.0414,VERMELHO,,Nao,Nao
SP,SANTA SALETE-SP,2025-06,LARANJA - INDÚSTRIA PERA,FRUTAS,1.5600,1.2714,VERMELHO,,Nao,Nao
SP,,2026-04,LEITE DE VACA - LONGA VIDA INTEGRAL,PROTEINAS,7.1000,5.5343,VERMELHO,,Nao,Nao
SP,,2026-03,LEITE DE VACA - LONGA VIDA INTEGRAL,PROTEINAS,6.4900,5.5343,VERMELHO,,Nao,Nao
SP,,2025-11,LEITE DE VACA - LONGA VIDA INTEGRAL,PROTEINAS,6.5900,5.5343,VERMELHO,,Nao,Nao
SP,,2025-10,LEITE DE VACA - LONGA VIDA INTEGRAL,PROTEINAS,6.7900,5.5343,VERMELHO,,Nao,Nao
SP,SÃO PAULO-SP,2026-04,LEITE DE VACA - LONGA VIDA INTEGRAL,PROTEINAS,7.1000,6.0529,VERMELHO,,Nao,Nao
SP,,2026-06,Manga Palmer,FRUTAS,7.2200,3.2433,VERMELHO,,Nao,Nao
SP,,2026-06,Manga Tommy,FRUTAS,8.0825,5.8500,VERMELHO,,Nao,Nao
SP,,2026-06,Melancia,FRUTAS,1.9800,1.5875,VERMELHO,,Nao,Nao
SP,PRESIDENTE PRUDENTE-SP,2025-12,MILHO - EM GRÃOS,LEGUMES,1.1900,1.0214,VERMELHO,,Nao,Nao
SP,,2026-06,Ovo Vermelho,ALIMENTO_VAREJO,210.1800,90.0000,VERMELHO,,Nao,Nao
SP,,2025-11,OVOS DE GALINHA - GRANDE BRANCO,PROTEINAS,0.6100,0.5286,VERMELHO,,Nao,Nao
SP,,2025-09,OVOS DE GALINHA - GRANDE BRANCO,PROTEINAS,0.6300,0.5286,VERMELHO,,Nao,Nao
SP,,2025-07,OVOS DE GALINHA - GRANDE BRANCO,PROTEINAS,0.6200,0.5286,VERMELHO,,Nao,Nao
SP,,2025-07,Pescada Amarela,PESCADOS,55.1353,44.0551,VERMELHO,,Sim,Nao
SP,,2025-08,Pescada Amarela,PESCADOS,55.1353,44.0551,VERMELHO,,Sim,Nao
SP,RIBEIRÃO BRANCO-SP,2025-10,TOMATE - NÃO INFORMADO,LEGUMES,2.9100,2.5257,VERMELHO,,Nao,Nao
SP,RIBEIRÃO BRANCO-SP,2025-07,TOMATE - NÃO INFORMADO,LEGUMES,3.3300,2.5257,VERMELHO,,Nao,Nao
SP,RIBEIRÃO BRANCO-SP,2025-06,TOMATE - NÃO INFORMADO,LEGUMES,3.9000,2.5257,VERMELHO,,Nao,Nao
SP,SÃO PAULO-SP,2026-04,TOMATE - NÃO INFORMADO,LEGUMES,11.1800,9.5856,VERMELHO,,Sim,Nao
SP,SÃO PAULO-SP,2026-05,TOMATE - NÃO INFORMADO,LEGUMES,13.5500,9.5856,VERMELHO,,Sim,Nao
SP,,2026-04,TOMATE - NÃO INFORMADO,LEGUMES,11.1800,3.4671,VERMELHO,,Nao,Nao
SP,,2026-03,TOMATE - NÃO INFORMADO,LEGUMES,4.0900,3.4671,VERMELHO,,Nao,Nao
SP,,2025-11,TOMATE - NÃO INFORMADO,LEGUMES,8.1100,3.4671,VERMELHO,,Nao,Nao
SP,,2026-01,TOMATE - NÃO INFORMADO,LEGUMES,9.0500,3.4671,VERMELHO,,Nao,Nao
SP,JALES-SP,2025-11,UVA - INDÚSTRIA NIÁGARA,FRUTAS,8.2100,7.0333,VERMELHO,,Nao,Nao
SP,JALES-SP,2025-12,UVA - INDÚSTRIA NIÁGARA,FRUTAS,8.2500,7.0333,VERMELHO,,Nao,Nao
SP,,2025-12,UVA - INDÚSTRIA NIÁGARA,FRUTAS,10.5000,7.2471,VERMELHO,,Nao,Nao
SP,PORTO FELIZ-SP,2025-12,UVA - INDÚSTRIA NIÁGARA,FRUTAS,11.2500,7.5150,VERMELHO,,Sim,Nao
SP,SÃO PAULO-SP,2026-05,FEIJAO - COMUM CORES TIPO 1,ALIMENTO_VAREJO,9.3800,6.4557,VERMELHO,ESTAVEL,Nao,Nao
SP,,2026-05,FEIJAO - COMUM CORES,ALIMENTO_VAREJO,6.6700,3.8614,VERMELHO,QUEDA,Nao,Nao
SP,,2026-05,CEBOLA - AMARELA,ALIMENTO_VAREJO,3.9400,0.9414,VERMELHO,ALTA,Nao,Nao
SP,,2026-07,Tomate Italiano - Pizzadoro,LEGUMES,54.3700,97.5000,VERDE,ALTA,Nao,Nao
SP,,2026-07,Tomate Caqui,LEGUMES,51.2716,94.1199,VERDE,ALTA,Nao,Nao
SP,,2026-05,OVOS DE GALINHA - GRANDE BRANCO,PROTEINAS,0.4200,0.5286,VERDE,QUEDA,Nao,Nao
SP,,2026-07,Mamão Havaí,FRUTAS,9.8067,11.9136,VERDE,ALTA,Nao,Nao
SP,,2026-07,Mamão Formosa,FRUTAS,9.9843,11.9960,VERDE,ALTA,Nao,Nao
SP,,2026-07,Maça Gala Importada,FRUTAS,56.6950,105.5100,VERDE,ESTAVEL,Nao,Nao
SP,,2026-07,Maçã Gala,FRUTAS,40.4215,77.4167,VERDE,ALTA,Nao,Nao
SP,,2026-07,Maçã Fuji,FRUTAS,57.0475,73.5000,VERDE,ALTA,Nao,Nao
SP,,2026-05,LARANJA - INDÚSTRIA PERA,FRUTAS,0.7400,1.1243,VERDE,QUEDA,Nao,Nao
SP,,2026-07,Cebola Roxa,ALIMENTO_VAREJO,40.6660,94.3750,VERDE,ALTA,Nao,Nao
SP,,2026-07,Batata Lavada,ALIMENTO_VAREJO,17.1717,22.0944,VERDE,ALTA,Nao,Nao
SP,,2026-07,Batata Doce Roxa,LEGUMES,2.5833,94.3750,VERDE,ALTA,Nao,Nao
SP,,2026-07,Batata Doce Amarela,LEGUMES,40.0195,55.1353,VERDE,ALTA,Nao,Nao
SP,,2026-07,Banana Prata SP,FRUTAS,4.1900,23.0220,VERDE,ESTAVEL,Nao,Nao
SP,,2026-07,Banana Prata MG,FRUTAS,21.9878,36.2800,VERDE,ALTA,Nao,Nao
SP,,2026-05,BANANA - PRATA,FRUTAS,0.9000,2.3000,VERDE,QUEDA,Nao,Nao
SP,,2026-07,Abacaxi Havai,FRUTAS,6.0440,10.0827,VERDE,ESTAVEL,Nao,Nao
SP,,2026-05,"TRIGO - MELHORADOR, PH 78, T",CEREAIS_GRAOS,1.1200,1.2057,AMARELO,QUEDA,Nao,Nao
SP,,2026-05,SOJA - EM GRÃOS,CEREAIS_GRAOS,1.9100,2.0586,AMARELO,ESTAVEL,Nao,Nao
SP,,2026-07,Salsa,VERDURAS,61.3422,71.9444,AMARELO,QUEDA,Nao,Nao
SP,SÃO PAULO-SP,2026-05,PAO - FRANCÊS,ALIMENTO_VAREJO,19.7800,17.5486,AMARELO,ALTA,Nao,Nao
SP,,2026-05,PAO - FRANCÊS,ALIMENTO_VAREJO,19.7800,17.5486,AMARELO,ALTA,Nao,Nao
SP,SÃO PAULO-SP,2026-05,OLEO DE SOJA - REFINADO,ALIMENTO_VAREJO,8.9700,8.7800,AMARELO,ALTA,Nao,Nao
SP,,2026-05,OLEO DE SOJA - REFINADO,ALIMENTO_VAREJO,8.9700,8.7571,AMARELO,ALTA,Nao,Nao
SP,,2026-05,LEITE DE VACA - IN NATURA,PROTEINAS,2.4100,2.3457,AMARELO,QUEDA,Nao,Nao
SP,,2026-05,FRANGO - VIVO,PROTEINAS,5.3300,5.8514,AMARELO,ESTAVEL,Nao,Nao
SP,,2026-05,FARINHA DE MANDIOCA - TORRADA,CEREAIS_GRAOS,2.7000,2.6957,AMARELO,ALTA,Nao,Nao
SP,,2026-05,FARINHA DE MANDIOCA - CRUA FINA,CEREAIS_GRAOS,2.3800,2.4529,AMARELO,ALTA,Nao,Nao
SP,,2026-05,CAFE - MOÍDO E TORRADO,ALIMENTO_VAREJO,62.6800,65.9171,AMARELO,ESTAVEL,Nao,Nao
SP,SÃO PAULO-SP,2026-05,CAFE - MOÍDO E TORRADO,ALIMENTO_VAREJO,62.6800,64.5886,AMARELO,ALTA,Nao,Nao
SP,,2026-07,Batata Asterix,ALIMENTO_VAREJO,3.8983,4.0000,AMARELO,ALTA,Nao,Nao
SP,,2026-05,BATATA-DOCE - NÃO INFORMADO,LEGUMES,0.2800,0.2786,AMARELO,ALTA,Nao,Nao
SP,SÃO PAULO-SP,2026-05,ARROZ - LONGO FINO TIPO 1 BE,CEREAIS_GRAOS,4.4600,4.2414,AMARELO,ESTAVEL,Nao,Nao
SP,,2026-05,ARROZ - LONGO FINO TIPO 1 BE,CEREAIS_GRAOS,4.4600,4.4229,AMARELO,ESTAVEL,Nao,Nao
SP,,2026-05,LEITE DE VACA - LONGA VIDA INTEGRAL,PROTEINAS,7.1000,5.5343,VERMELHO,QUEDA,Nao,Nao
SP,,2026-05,ARROZ - LONGO FINO TIPO 1 58,CEREAIS_GRAOS,1.3300,1.2943,AMARELO,QUEDA,Nao,Nao
SP,SÃO PAULO-SP,2026-05,LEITE DE VACA - LONGA VIDA INTEGRAL,PROTEINAS,7.1000,6.0529,VERMELHO,QUEDA,Nao,Nao
SP,,2026-07,Manga Tommy,FRUTAS,7.2486,5.8500,VERMELHO,QUEDA,Nao,Nao
SP,,2026-07,Ovo Vermelho,ALIMENTO_VAREJO,201.7100,90.0000,VERMELHO,QUEDA,Nao,Nao
SP,,2026-05,TOMATE - NÃO INFORMADO,LEGUMES,13.5500,3.4671,VERMELHO,QUEDA,Nao,Nao
