ID Produto,Categoria,Nome do Produto,UF,Municipio,Mes/Ano Referencia,Preco Atual (R$),Preco Referencia (Baseline - R$),Divergencia Matematica (%),Status do Semafaro (Cor no DB),Previsao IA (Tendencia Futura),Usa Dado Fallback?,Usa Dado Interpolado?
1080,FRUTAS,Abacate Avocado,SP,,2026-07,4.9700,4.9700,0.00,AMARELO,,Nao,Nao
1080,FRUTAS,Abacate Avocado,SP,,2026-06,3.2500,3.2500,0.00,AMARELO,,Nao,Nao
1184,FRUTAS,Abacate Breda,SP,,2026-07,2.9600,2.9600,0.00,AMARELO,,Nao,Nao
1184,FRUTAS,Abacate Breda,SP,,2026-06,2.7850,2.7850,0.00,AMARELO,,Nao,Nao
1063,FRUTAS,Abacate Fortuna,SP,,2026-06,3.2500,3.2500,0.00,AMARELO,,Nao,Nao
1063,FRUTAS,Abacate Fortuna,SP,,2026-07,3.0600,3.0600,0.00,AMARELO,,Nao,Nao
1119,FRUTAS,Abacate Geada,SP,,2026-06,3.2500,3.2500,0.00,AMARELO,,Nao,Nao
1198,FRUTAS,Abacate Margarida,SP,,2026-06,3.2500,3.2500,0.00,AMARELO,,Nao,Nao
1198,FRUTAS,Abacate Margarida,SP,,2026-07,2.8600,2.8600,0.00,AMARELO,,Nao,Nao
1000,FRUTAS,Abacate Quintal,SP,,2026-07,2.8600,2.8600,0.00,AMARELO,,Nao,Nao
1000,FRUTAS,Abacate Quintal,SP,,2026-06,3.2500,3.2500,0.00,AMARELO,,Nao,Nao
944,FRUTAS,Abacaxi Havai,SP,,2026-05,8.6180,10.0827,-14.53,AMARELO,,Nao,Nao
944,FRUTAS,Abacaxi Havai,SP,,2026-04,8.6180,10.0827,-14.53,AMARELO,,Nao,Nao
944,FRUTAS,Abacaxi Havai,SP,,2026-03,8.6180,10.0827,-14.53,AMARELO,,Nao,Nao
944,FRUTAS,Abacaxi Havai,SP,,2026-02,8.6180,10.0827,-14.53,AMARELO,,Nao,Nao
944,FRUTAS,Abacaxi Havai,SP,,2026-01,8.6180,10.0827,-14.53,AMARELO,,Nao,Nao
944,FRUTAS,Abacaxi Havai,SP,,2025-12,8.6180,10.0827,-14.53,AMARELO,,Nao,Nao
944,FRUTAS,Abacaxi Havai,SP,,2025-11,8.6180,10.0827,-14.53,AMARELO,,Nao,Nao
944,FRUTAS,Abacaxi Havai,SP,,2025-10,8.6180,10.0827,-14.53,AMARELO,,Nao,Nao
944,FRUTAS,Abacaxi Havai,SP,,2025-09,8.6180,10.0827,-14.53,AMARELO,,Nao,Nao
944,FRUTAS,Abacaxi Havai,SP,,2025-08,9.7165,10.0827,-3.63,AMARELO,,Nao,Nao
944,FRUTAS,Abacaxi Havai,SP,,2025-07,10.8151,10.0827,7.26,AMARELO,,Nao,Nao
1127,FRUTAS,Abacaxi Pérola,SP,,2026-06,4.5800,4.5800,0.00,AMARELO,,Nao,Nao
2189,LEGUMES,Abóbora D´Agua,SP,,2026-06,2.3500,2.3500,0.00,AMARELO,,Nao,Nao
933,LEGUMES,Abóbora Japonesa,SP,,2026-06,3.0300,3.0300,0.00,AMARELO,,Nao,Nao
933,LEGUMES,Abóbora Japonesa,SP,,2026-07,3.1000,3.1000,0.00,AMARELO,,Nao,Nao
1214,LEGUMES,Abóbora Moranga,SP,,2026-06,2.3500,2.3500,0.00,AMARELO,,Nao,Nao
1214,LEGUMES,Abóbora Moranga,SP,,2026-07,2.2100,2.2100,0.00,AMARELO,,Nao,Nao
1165,LEGUMES,Abóbora Paulista,SP,,2026-06,2.3500,2.3500,0.00,AMARELO,,Nao,Nao
1165,LEGUMES,Abóbora Paulista,SP,,2026-07,2.4100,2.4100,0.00,AMARELO,,Nao,Nao
922,LEGUMES,Abóbora Seca,SP,,2026-07,4.0000,4.0000,0.00,AMARELO,,Nao,Nao
922,LEGUMES,Abóbora Seca,SP,,2026-06,2.3500,2.3500,0.00,AMARELO,,Nao,Nao
1067,LEGUMES,Abobrinha Brasileira,SP,,2026-07,2.1567,2.1567,0.00,AMARELO,,Nao,Nao
1067,LEGUMES,Abobrinha Brasileira,SP,,2026-06,5.5600,5.5600,0.00,AMARELO,,Nao,Nao
1136,LEGUMES,Abobrinha Italiana,SP,,2026-06,5.5600,5.5600,0.00,AMARELO,,Nao,Nao
1029,PESCADOS,Abrótea,SP,,2026-06,8.2533,8.2533,0.00,AMARELO,,Nao,Nao
1029,PESCADOS,Abrótea,SP,,2026-07,8.2133,8.2133,0.00,AMARELO,,Nao,Nao
1033,VERDURAS,Acelga,SP,,2026-07,25.7600,25.7600,0.00,AMARELO,,Nao,Nao
1033,VERDURAS,Acelga,SP,,2026-06,25.4200,25.4200,0.00,AMARELO,,Nao,Nao
958,VERDURAS,Acelga Chinesa,SP,,2026-07,30.9000,30.9000,0.00,AMARELO,,Nao,Nao
958,VERDURAS,Acelga Chinesa,SP,,2026-06,38.0000,38.0000,0.00,AMARELO,,Nao,Nao
1121,FRUTAS,Acerola,SP,,2026-07,22.5000,22.5000,0.00,AMARELO,,Nao,Nao
1121,FRUTAS,Acerola,SP,,2026-06,23.6200,23.6200,0.00,AMARELO,,Nao,Nao
763,ALIMENTO_VAREJO,ACUCAR - CRISTAL,SP,,2025-06,4.0600,3.7671,7.78,AMARELO,,Nao,Nao
763,ALIMENTO_VAREJO,ACUCAR - CRISTAL,SP,,2025-07,3.9700,3.7671,5.39,AMARELO,,Nao,Nao
763,ALIMENTO_VAREJO,ACUCAR - CRISTAL,SP,,2025-08,4.0000,3.7671,6.18,AMARELO,,Nao,Nao
763,ALIMENTO_VAREJO,ACUCAR - CRISTAL,SP,,2025-09,3.5700,3.7671,-5.23,AMARELO,,Nao,Nao
763,ALIMENTO_VAREJO,ACUCAR - CRISTAL,SP,,2025-10,3.6400,3.7671,-3.37,AMARELO,,Nao,Nao
763,ALIMENTO_VAREJO,ACUCAR - CRISTAL,SP,,2025-11,3.5800,3.7671,-4.97,AMARELO,,Nao,Nao
763,ALIMENTO_VAREJO,ACUCAR - CRISTAL,SP,,2025-12,3.5500,3.7671,-5.76,AMARELO,,Nao,Nao
907,ALIMENTO_VAREJO,ACUCAR - REFINADO,SP,,2026-04,4.0700,4.5543,-10.63,AMARELO,,Nao,Nao
907,ALIMENTO_VAREJO,ACUCAR - REFINADO,SP,,2026-03,4.2000,4.5543,-7.78,AMARELO,,Nao,Nao
907,ALIMENTO_VAREJO,ACUCAR - REFINADO,SP,,2026-02,4.3800,4.5543,-3.83,AMARELO,,Nao,Nao
907,ALIMENTO_VAREJO,ACUCAR - REFINADO,SP,,2026-01,4.5400,4.5543,-0.31,AMARELO,,Nao,Nao
907,ALIMENTO_VAREJO,ACUCAR - REFINADO,SP,,2025-12,4.5600,4.5543,0.13,AMARELO,,Nao,Nao
907,ALIMENTO_VAREJO,ACUCAR - REFINADO,SP,,2025-11,4.6300,4.5543,1.66,AMARELO,,Nao,Nao
907,ALIMENTO_VAREJO,ACUCAR - REFINADO,SP,,2025-10,4.7000,4.5543,3.20,AMARELO,,Nao,Nao
907,ALIMENTO_VAREJO,ACUCAR - REFINADO,SP,,2025-09,4.7600,4.5543,4.52,AMARELO,,Nao,Nao
907,ALIMENTO_VAREJO,ACUCAR - REFINADO,SP,,2025-08,4.4700,4.5543,-1.85,AMARELO,,Nao,Nao
907,ALIMENTO_VAREJO,ACUCAR - REFINADO,SP,,2025-07,4.4000,4.5543,-3.39,AMARELO,,Nao,Nao
907,ALIMENTO_VAREJO,ACUCAR - REFINADO,SP,,2025-06,4.3600,4.5543,-4.27,AMARELO,,Nao,Nao
1124,VERDURAS,Agrião,SP,,2026-07,66.0100,66.0100,0.00,AMARELO,,Nao,Nao
1124,VERDURAS,Agrião,SP,,2026-06,65.0500,65.0500,0.00,AMARELO,,Nao,Nao
993,VERDURAS,Agrião Hidropônico,SP,,2026-07,35.3100,35.3100,0.00,AMARELO,,Nao,Nao
993,VERDURAS,Agrião Hidropônico,SP,,2026-06,37.3800,37.3800,0.00,AMARELO,,Nao,Nao
1076,LEGUMES,Alcachofra,SP,,2026-07,32.7900,32.7900,0.00,AMARELO,,Nao,Nao
1076,LEGUMES,Alcachofra,SP,,2026-06,24.4000,24.4000,0.00,AMARELO,,Nao,Nao
930,VERDURAS,Alecrim,SP,,2026-06,5.3000,5.3000,0.00,AMARELO,,Nao,Nao
930,VERDURAS,Alecrim,SP,,2026-07,5.8200,5.8200,0.00,AMARELO,,Nao,Nao
1161,VERDURAS,Alface Americana,SP,,2026-06,30.0000,30.0000,0.00,AMARELO,,Nao,Nao
1161,VERDURAS,Alface Americana,SP,,2026-07,36.2860,36.2860,0.00,AMARELO,,Nao,Nao
2395,VERDURAS,Alface Crespa,SP,,2026-06,30.0000,30.0000,0.00,AMARELO,,Nao,Nao
1148,VERDURAS,Alface Crespa Hidropônica,SP,,2026-07,38.0200,38.0200,0.00,AMARELO,,Nao,Nao
1148,VERDURAS,Alface Crespa Hidropônica,SP,,2026-06,39.8400,39.8400,0.00,AMARELO,,Nao,Nao
2509,VERDURAS,Alface Lisa,SP,,2026-06,30.0000,30.0000,0.00,AMARELO,,Nao,Nao
967,VERDURAS,Alface Lisa Hidropônica,SP,,2026-06,40.3100,40.3100,0.00,AMARELO,,Nao,Nao
967,VERDURAS,Alface Lisa Hidropônica,SP,,2026-07,41.0800,41.0800,0.00,AMARELO,,Nao,Nao
1117,VERDURAS,Alface Mimosa,SP,,2026-06,30.6700,30.6700,0.00,AMARELO,,Nao,Nao
979,VERDURAS,Alface Mimosa Hidropônica,SP,,2026-06,38.9100,38.9100,0.00,AMARELO,,Nao,Nao
979,VERDURAS,Alface Mimosa Hidropônica,SP,,2026-07,38.8200,38.8200,0.00,AMARELO,,Nao,Nao
934,VERDURAS,Alface Romana,SP,,2026-06,30.0000,30.0000,0.00,AMARELO,,Nao,Nao
934,VERDURAS,Alface Romana,SP,,2026-07,40.5500,40.5500,0.00,AMARELO,,Nao,Nao
1749,VERDURAS,Alface Romana Hidropônica,SP,,2026-06,30.0000,30.0000,0.00,AMARELO,,Nao,Nao
1194,VERDURAS,Alfavaca,SP,,2026-06,5.3200,5.3200,0.00,AMARELO,,Nao,Nao
1194,VERDURAS,Alfavaca,SP,,2026-07,6.0000,6.0000,0.00,AMARELO,,Nao,Nao
2250,ALIMENTO_VAREJO,Alho Importado,SP,,2026-06,18.0000,18.0000,0.00,AMARELO,,Nao,Nao
1037,ALIMENTO_VAREJO,Alho Importado Argentina,SP,,2026-06,18.0000,18.0000,0.00,AMARELO,,Nao,Nao
1037,ALIMENTO_VAREJO,Alho Importado Argentina,SP,,2026-07,16.5000,16.5000,0.00,AMARELO,,Nao,Nao
1338,ALIMENTO_VAREJO,Alho Importado China,SP,,2026-06,18.0000,18.0000,0.00,AMARELO,,Nao,Nao
2104,ALIMENTO_VAREJO,Alho Importado Estados Unidos,SP,,2026-07,16.5000,16.5000,0.00,AMARELO,,Nao,Nao
2104,ALIMENTO_VAREJO,Alho Importado Estados Unidos,SP,,2026-06,15.8300,15.8300,0.00,AMARELO,,Nao,Nao
999,ALIMENTO_VAREJO,Alho Nacional,SP,,2026-06,18.0000,18.0000,0.00,AMARELO,,Nao,Nao
999,ALIMENTO_VAREJO,Alho Nacional,SP,,2026-07,20.5825,20.5825,0.00,AMARELO,,Nao,Nao
1098,VERDURAS,Alho Porro,SP,,2026-06,51.7400,51.7400,0.00,AMARELO,,Nao,Nao
1098,VERDURAS,Alho Porro,SP,,2026-07,70.8700,70.8700,0.00,AMARELO,,Nao,Nao
1005,VERDURAS,Almeirão,SP,,2026-07,28.9900,28.9900,0.00,AMARELO,,Nao,Nao
1005,VERDURAS,Almeirão,SP,,2026-06,29.8700,29.8700,0.00,AMARELO,,Nao,Nao
1142,VERDURAS,Almeirão Hidropônico,SP,,2026-06,33.0000,33.0000,0.00,AMARELO,,Nao,Nao
1142,VERDURAS,Almeirão Hidropônico,SP,,2026-07,33.0000,33.0000,0.00,AMARELO,,Nao,Nao
1058,VERDURAS,Almeirão Pão de Açucar,SP,,2026-06,25.2000,25.2000,0.00,AMARELO,,Nao,Nao
1058,VERDURAS,Almeirão Pão de Açucar,SP,,2026-07,21.0600,21.0600,0.00,AMARELO,,Nao,Nao
2425,FRUTAS,Ameixa Imp. Americana,SP,,2026-07,26.2500,26.2500,0.00,AMARELO,,Nao,Nao
1158,FRUTAS,Ameixa Imp. Argentina,SP,,2025-09,72.8150,72.8150,0.00,AMARELO,,Nao,Nao
1158,FRUTAS,Ameixa Imp. Argentina,SP,,2025-11,72.8150,72.8150,0.00,AMARELO,,Nao,Nao
1158,FRUTAS,Ameixa Imp. Argentina,SP,,2025-12,72.8150,72.8150,0.00,AMARELO,,Nao,Nao
1158,FRUTAS,Ameixa Imp. Argentina,SP,,2026-01,72.8150,72.8150,0.00,AMARELO,,Nao,Nao
1158,FRUTAS,Ameixa Imp. Argentina,SP,,2026-02,72.8150,72.8150,0.00,AMARELO,,Nao,Nao
1158,FRUTAS,Ameixa Imp. Argentina,SP,,2026-03,72.8150,72.8150,0.00,AMARELO,,Nao,Nao
1158,FRUTAS,Ameixa Imp. Argentina,SP,,2026-04,72.8150,72.8150,0.00,AMARELO,,Nao,Nao
1158,FRUTAS,Ameixa Imp. Argentina,SP,,2026-05,72.8150,72.8150,0.00,AMARELO,,Nao,Nao
1158,FRUTAS,Ameixa Imp. Argentina,SP,,2025-01,72.8150,72.8150,0.00,AMARELO,,Nao,Nao
1158,FRUTAS,Ameixa Imp. Argentina,SP,,2026-07,72.8150,72.8150,0.00,AMARELO,,Nao,Nao
1158,FRUTAS,Ameixa Imp. Argentina,SP,,2026-06,72.8150,72.8150,0.00,AMARELO,,Nao,Nao
1158,FRUTAS,Ameixa Imp. Argentina,SP,,2025-06,72.8150,72.8150,0.00,AMARELO,,Nao,Nao
1158,FRUTAS,Ameixa Imp. Argentina,SP,,2025-07,72.8150,72.8150,0.00,AMARELO,,Nao,Nao
1158,FRUTAS,Ameixa Imp. Argentina,SP,,2025-08,72.8150,72.8150,0.00,AMARELO,,Nao,Nao
1158,FRUTAS,Ameixa Imp. Argentina,SP,,2025-10,72.8150,72.8150,0.00,AMARELO,,Nao,Nao
1158,FRUTAS,Ameixa Imp. Argentina,SP,,2025-02,72.8150,72.8150,0.00,AMARELO,,Nao,Nao
1158,FRUTAS,Ameixa Imp. Argentina,SP,,2025-03,72.8150,72.8150,0.00,AMARELO,,Nao,Nao
1158,FRUTAS,Ameixa Imp. Argentina,SP,,2025-04,72.8150,72.8150,0.00,AMARELO,,Nao,Nao
1158,FRUTAS,Ameixa Imp. Argentina,SP,,2025-05,72.8150,72.8150,0.00,AMARELO,,Nao,Nao
2426,FRUTAS,Ameixa Imp. Chilena,SP,,2026-07,26.2500,26.2500,0.00,AMARELO,,Nao,Nao
2427,FRUTAS,Ameixa Imp. Espanhola,SP,,2026-07,26.2500,26.2500,0.00,AMARELO,,Nao,Nao
1990,FRUTAS,Ameixa Nacional,SP,,2026-06,3.5400,3.5400,0.00,AMARELO,,Nao,Nao
2428,FRUTAS,Ameixa Seca Importada,SP,,2026-07,29.0000,29.0000,0.00,AMARELO,,Nao,Nao
1858,ALIMENTO_VAREJO,Amendoim com Casca,SP,,2026-06,7.3800,7.3800,0.00,AMARELO,,Nao,Nao
1858,ALIMENTO_VAREJO,Amendoim com Casca,SP,,2026-07,7.7800,7.7800,0.00,AMARELO,,Nao,Nao
1077,ALIMENTO_VAREJO,Amendoim sem Casca,SP,,2026-06,7.3400,7.3400,0.00,AMARELO,,Nao,Nao
1077,ALIMENTO_VAREJO,Amendoim sem Casca,SP,,2026-07,7.7800,7.7800,0.00,AMARELO,,Nao,Nao
2430,FRUTAS,Amora,SP,,2026-07,28.0000,28.0000,0.00,AMARELO,,Nao,Nao
1046,PESCADOS,Anchova,SP,,2026-07,22.0000,22.0000,0.00,AMARELO,,Nao,Nao
1046,PESCADOS,Anchova,SP,,2026-06,19.5000,19.5000,0.00,AMARELO,,Nao,Nao
907,ALIMENTO_VAREJO,ACUCAR - REFINADO,SP,,2026-05,3.9300,4.5543,-13.71,AMARELO,ESTAVEL,Nao,Nao
768,ALIMENTO_VAREJO,FEIJAO - COMUM CORES TIPO 1,SP,,2026-05,9.3800,5.9629,57.31,VERMELHO,ALTA,Nao,Nao
787,CEREAIS_GRAOS,ARROZ - LONGO FINO TIPO 1 58,SP,,2025-09,1.3500,1.2943,4.30,AMARELO,,Nao,Nao
787,CEREAIS_GRAOS,ARROZ - LONGO FINO TIPO 1 58,SP,,2025-10,1.2300,1.2943,-4.97,AMARELO,,Nao,Nao
787,CEREAIS_GRAOS,ARROZ - LONGO FINO TIPO 1 58,SP,,2025-11,1.1400,1.2943,-11.92,AMARELO,,Nao,Nao
787,CEREAIS_GRAOS,ARROZ - LONGO FINO TIPO 1 58,SP,,2026-03,1.2700,1.2943,-1.88,AMARELO,,Nao,Nao
787,CEREAIS_GRAOS,ARROZ - LONGO FINO TIPO 1 58,SP,,2026-04,1.3700,1.2943,5.85,AMARELO,,Nao,Nao
787,CEREAIS_GRAOS,ARROZ - LONGO FINO TIPO 1 58,SP,GUARATINGUETÁ-SP,2025-06,1.3600,1.2943,5.08,AMARELO,,Nao,Nao
787,CEREAIS_GRAOS,ARROZ - LONGO FINO TIPO 1 58,SP,GUARATINGUETÁ-SP,2025-07,1.3800,1.2943,6.62,AMARELO,,Nao,Nao
787,CEREAIS_GRAOS,ARROZ - LONGO FINO TIPO 1 58,SP,GUARATINGUETÁ-SP,2025-09,1.3500,1.2943,4.30,AMARELO,,Nao,Nao
787,CEREAIS_GRAOS,ARROZ - LONGO FINO TIPO 1 58,SP,GUARATINGUETÁ-SP,2025-10,1.2300,1.2943,-4.97,AMARELO,,Nao,Nao
787,CEREAIS_GRAOS,ARROZ - LONGO FINO TIPO 1 58,SP,GUARATINGUETÁ-SP,2025-11,1.1400,1.2943,-11.92,AMARELO,,Nao,Nao
787,CEREAIS_GRAOS,ARROZ - LONGO FINO TIPO 1 58,SP,,2025-06,1.3600,1.2943,5.08,AMARELO,,Nao,Nao
787,CEREAIS_GRAOS,ARROZ - LONGO FINO TIPO 1 58,SP,,2025-07,1.3800,1.2943,6.62,AMARELO,,Nao,Nao
867,LEGUMES,MILHO - EM GRÃOS,SP,,2026-05,0.9900,1.0043,-1.42,AMARELO,ALTA,Nao,Nao
902,CEREAIS_GRAOS,ARROZ - LONGO FINO TIPO 1 BE,SP,,2026-04,4.5000,4.4229,1.74,AMARELO,,Nao,Nao
902,CEREAIS_GRAOS,ARROZ - LONGO FINO TIPO 1 BE,SP,,2026-03,4.3700,4.4229,-1.20,AMARELO,,Nao,Nao
902,CEREAIS_GRAOS,ARROZ - LONGO FINO TIPO 1 BE,SP,,2026-02,4.3800,4.4229,-0.97,AMARELO,,Nao,Nao
902,CEREAIS_GRAOS,ARROZ - LONGO FINO TIPO 1 BE,SP,,2026-01,4.4500,4.4229,0.61,AMARELO,,Nao,Nao
902,CEREAIS_GRAOS,ARROZ - LONGO FINO TIPO 1 BE,SP,,2025-12,4.5500,4.4229,2.87,AMARELO,,Nao,Nao
902,CEREAIS_GRAOS,ARROZ - LONGO FINO TIPO 1 BE,SP,,2025-09,4.9500,4.4229,11.92,AMARELO,,Nao,Nao
902,CEREAIS_GRAOS,ARROZ - LONGO FINO TIPO 1 BE,SP,,2025-08,4.7100,4.4229,6.49,AMARELO,,Nao,Nao
902,CEREAIS_GRAOS,ARROZ - LONGO FINO TIPO 1 BE,SP,,2025-07,4.8600,4.4229,9.88,AMARELO,,Nao,Nao
902,CEREAIS_GRAOS,ARROZ - LONGO FINO TIPO 1 BE,SP,,2025-06,4.5700,4.4229,3.33,AMARELO,,Nao,Nao
902,CEREAIS_GRAOS,ARROZ - LONGO FINO TIPO 1 BE,SP,SÃO PAULO-SP,2026-04,4.5000,4.2414,6.10,AMARELO,,Nao,Nao
902,CEREAIS_GRAOS,ARROZ - LONGO FINO TIPO 1 BE,SP,SÃO PAULO-SP,2026-03,4.3700,4.2414,3.03,AMARELO,,Nao,Nao
902,CEREAIS_GRAOS,ARROZ - LONGO FINO TIPO 1 BE,SP,SÃO PAULO-SP,2026-02,4.3800,4.2414,3.27,AMARELO,,Nao,Nao
902,CEREAIS_GRAOS,ARROZ - LONGO FINO TIPO 1 BE,SP,SÃO PAULO-SP,2026-01,4.4500,4.2414,4.92,AMARELO,,Nao,Nao
902,CEREAIS_GRAOS,ARROZ - LONGO FINO TIPO 1 BE,SP,SÃO PAULO-SP,2025-12,3.6200,4.2414,-14.65,AMARELO,,Nao,Nao
902,CEREAIS_GRAOS,ARROZ - LONGO FINO TIPO 1 BE,SP,SÃO PAULO-SP,2025-10,3.7500,4.2414,-11.59,AMARELO,,Nao,Nao
902,CEREAIS_GRAOS,ARROZ - LONGO FINO TIPO 1 BE,SP,SÃO PAULO-SP,2025-09,3.9800,4.2414,-6.16,AMARELO,,Nao,Nao
902,CEREAIS_GRAOS,ARROZ - LONGO FINO TIPO 1 BE,SP,SÃO PAULO-SP,2025-08,4.7100,4.2414,11.05,AMARELO,,Nao,Nao
902,CEREAIS_GRAOS,ARROZ - LONGO FINO TIPO 1 BE,SP,SÃO PAULO-SP,2025-07,4.8600,4.2414,14.58,AMARELO,,Nao,Nao
867,LEGUMES,MILHO - EM GRÃOS,SP,OURINHOS-SP,2026-05,0.9800,1.0957,-10.56,AMARELO,ALTA,Nao,Nao
809,CEREAIS_GRAOS,ARROZ - PARBOILIZADO LONGO F,SP,SÃO PAULO-SP,2025-11,3.9500,4.3671,-9.55,AMARELO,,Nao,Nao
809,CEREAIS_GRAOS,ARROZ - PARBOILIZADO LONGO F,SP,SÃO PAULO-SP,2025-10,4.2300,4.3671,-3.14,AMARELO,,Nao,Nao
809,CEREAIS_GRAOS,ARROZ - PARBOILIZADO LONGO F,SP,SÃO PAULO-SP,2025-09,4.5300,4.3671,3.73,AMARELO,,Nao,Nao
809,CEREAIS_GRAOS,ARROZ - PARBOILIZADO LONGO F,SP,SÃO PAULO-SP,2025-08,4.3200,4.3671,-1.08,AMARELO,,Nao,Nao
809,CEREAIS_GRAOS,ARROZ - PARBOILIZADO LONGO F,SP,SÃO PAULO-SP,2025-07,4.9000,4.3671,12.20,AMARELO,,Nao,Nao
809,CEREAIS_GRAOS,ARROZ - PARBOILIZADO LONGO F,SP,SÃO PAULO-SP,2025-06,4.9200,4.3671,12.66,AMARELO,,Nao,Nao
809,CEREAIS_GRAOS,ARROZ - PARBOILIZADO LONGO F,SP,,2025-10,4.2300,4.3671,-3.14,AMARELO,,Nao,Nao
809,CEREAIS_GRAOS,ARROZ - PARBOILIZADO LONGO F,SP,,2025-12,3.7200,4.3671,-14.82,AMARELO,,Nao,Nao
809,CEREAIS_GRAOS,ARROZ - PARBOILIZADO LONGO F,SP,,2025-11,3.9500,4.3671,-9.55,AMARELO,,Nao,Nao
809,CEREAIS_GRAOS,ARROZ - PARBOILIZADO LONGO F,SP,,2025-09,4.5300,4.3671,3.73,AMARELO,,Nao,Nao
809,CEREAIS_GRAOS,ARROZ - PARBOILIZADO LONGO F,SP,,2025-08,4.3200,4.3671,-1.08,AMARELO,,Nao,Nao
809,CEREAIS_GRAOS,ARROZ - PARBOILIZADO LONGO F,SP,,2025-07,4.9000,4.3671,12.20,AMARELO,,Nao,Nao
809,CEREAIS_GRAOS,ARROZ - PARBOILIZADO LONGO F,SP,,2025-06,4.9200,4.3671,12.66,AMARELO,,Nao,Nao
809,CEREAIS_GRAOS,ARROZ - PARBOILIZADO LONGO F,SP,SÃO PAULO-SP,2025-12,3.7200,4.3671,-14.82,AMARELO,,Nao,Nao
1082,VERDURAS,Aspargo,SP,,2026-07,33.0000,33.0000,0.00,AMARELO,,Nao,Nao
1082,VERDURAS,Aspargo,SP,,2026-06,33.0000,33.0000,0.00,AMARELO,,Nao,Nao
952,FRUTAS,Atemoia,SP,,2026-07,8.8767,8.8767,0.00,AMARELO,,Nao,Nao
952,FRUTAS,Atemoia,SP,,2026-06,8.0767,8.0767,0.00,AMARELO,,Nao,Nao
985,PESCADOS,Atum,SP,,2026-06,26.4833,26.4833,0.00,AMARELO,,Nao,Nao
985,PESCADOS,Atum,SP,,2026-07,20.4750,20.4750,0.00,AMARELO,,Nao,Nao
1204,PESCADOS,Bagre Água Salgada,SP,,2026-06,10.3800,10.3800,0.00,AMARELO,,Nao,Nao
1204,PESCADOS,Bagre Água Salgada,SP,,2026-07,11.7900,11.7900,0.00,AMARELO,,Nao,Nao
794,FRUTAS,BANANA - NANICA,SP,SÃO PAULO-SP,2026-04,1.0400,0.9800,6.12,AMARELO,,Sim,Nao
794,FRUTAS,BANANA - NANICA,SP,SÃO PAULO-SP,2026-03,1.0200,0.9800,4.08,AMARELO,,Sim,Nao
794,FRUTAS,BANANA - NANICA,SP,SÃO PAULO-SP,2026-02,1.0000,0.9800,2.04,AMARELO,,Sim,Nao
794,FRUTAS,BANANA - NANICA,SP,SÃO PAULO-SP,2026-01,1.0200,0.9800,4.08,AMARELO,,Sim,Nao
794,FRUTAS,BANANA - NANICA,SP,SÃO PAULO-SP,2025-12,1.0800,0.9800,10.20,AMARELO,,Sim,Nao
794,FRUTAS,BANANA - NANICA,SP,SÃO PAULO-SP,2025-11,1.0600,0.9800,8.16,AMARELO,,Sim,Nao
794,FRUTAS,BANANA - NANICA,SP,SÃO PAULO-SP,2025-10,1.0500,0.9800,7.14,AMARELO,,Sim,Nao
794,FRUTAS,BANANA - NANICA,SP,SÃO PAULO-SP,2025-09,1.0000,0.9800,2.04,AMARELO,,Sim,Nao
794,FRUTAS,BANANA - NANICA,SP,,2026-01,1.0200,0.9800,4.08,AMARELO,,Sim,Nao
794,FRUTAS,BANANA - NANICA,SP,,2025-12,1.0800,0.9800,10.20,AMARELO,,Sim,Nao
794,FRUTAS,BANANA - NANICA,SP,,2025-11,1.0600,0.9800,8.16,AMARELO,,Sim,Nao
794,FRUTAS,BANANA - NANICA,SP,,2025-10,1.0500,0.9800,7.14,AMARELO,,Sim,Nao
794,FRUTAS,BANANA - NANICA,SP,,2025-09,1.0000,0.9800,2.04,AMARELO,,Sim,Nao
794,FRUTAS,BANANA - NANICA,SP,,2026-03,1.0200,0.9800,4.08,AMARELO,,Sim,Nao
794,FRUTAS,BANANA - NANICA,SP,,2026-02,1.0000,0.9800,2.04,AMARELO,,Sim,Nao
794,FRUTAS,BANANA - NANICA,SP,,2026-04,1.0400,0.9800,6.12,AMARELO,,Sim,Nao
866,FRUTAS,BANANA - PRATA,SP,SÃO PAULO-SP,2026-05,0.9000,1.0511,-14.38,AMARELO,,Sim,Nao
866,FRUTAS,BANANA - PRATA,SP,SÃO PAULO-SP,2026-04,1.0700,1.0511,1.80,AMARELO,,Sim,Nao
866,FRUTAS,BANANA - PRATA,SP,SÃO PAULO-SP,2026-03,1.0500,1.0511,-0.10,AMARELO,,Sim,Nao
866,FRUTAS,BANANA - PRATA,SP,SÃO PAULO-SP,2026-02,1.1000,1.0511,4.65,AMARELO,,Sim,Nao
866,FRUTAS,BANANA - PRATA,SP,SÃO PAULO-SP,2026-01,1.1000,1.0511,4.65,AMARELO,,Sim,Nao
866,FRUTAS,BANANA - PRATA,SP,SÃO PAULO-SP,2025-12,1.0800,1.0511,2.75,AMARELO,,Sim,Nao
866,FRUTAS,BANANA - PRATA,SP,SÃO PAULO-SP,2025-11,1.0400,1.0511,-1.06,AMARELO,,Sim,Nao
866,FRUTAS,BANANA - PRATA,SP,SÃO PAULO-SP,2025-10,1.0700,1.0511,1.80,AMARELO,,Sim,Nao
866,FRUTAS,BANANA - PRATA,SP,SÃO PAULO-SP,2025-09,1.0500,1.0511,-0.10,AMARELO,,Sim,Nao
866,FRUTAS,BANANA - PRATA,SP,REGISTRO-SP,2025-10,2.7800,3.0643,-9.28,AMARELO,,Nao,Nao
866,FRUTAS,BANANA - PRATA,SP,REGISTRO-SP,2025-09,3.2000,3.0643,4.43,AMARELO,,Nao,Nao
866,FRUTAS,BANANA - PRATA,SP,REGISTRO-SP,2025-08,2.9900,3.0643,-2.42,AMARELO,,Nao,Nao
866,FRUTAS,BANANA - PRATA,SP,REGISTRO-SP,2025-07,2.9600,3.0643,-3.40,AMARELO,,Nao,Nao
866,FRUTAS,BANANA - PRATA,SP,REGISTRO-SP,2025-06,2.6400,3.0643,-13.85,AMARELO,,Nao,Nao
866,FRUTAS,BANANA - PRATA,SP,,2025-11,2.6000,2.3000,13.04,AMARELO,,Nao,Nao
866,FRUTAS,BANANA - PRATA,SP,,2025-06,2.6400,2.3000,14.78,AMARELO,,Nao,Nao
1012,FRUTAS,Banana Maçã,SP,,2026-06,3.7500,3.7500,0.00,AMARELO,,Nao,Nao
1012,FRUTAS,Banana Maçã,SP,,2026-07,5.5667,5.5667,0.00,AMARELO,,Nao,Nao
994,FRUTAS,Banana Nanica,SP,,2026-05,17.4125,17.4125,0.00,AMARELO,,Nao,Nao
994,FRUTAS,Banana Nanica,SP,,2025-01,17.4125,17.4125,0.00,AMARELO,,Nao,Nao
994,FRUTAS,Banana Nanica,SP,,2025-02,17.4125,17.4125,0.00,AMARELO,,Nao,Nao
994,FRUTAS,Banana Nanica,SP,,2025-03,17.4125,17.4125,0.00,AMARELO,,Nao,Nao
994,FRUTAS,Banana Nanica,SP,,2025-04,17.4125,17.4125,0.00,AMARELO,,Nao,Nao
994,FRUTAS,Banana Nanica,SP,,2025-05,17.4125,17.4125,0.00,AMARELO,,Nao,Nao
994,FRUTAS,Banana Nanica,SP,,2025-06,17.4125,17.4125,0.00,AMARELO,,Nao,Nao
994,FRUTAS,Banana Nanica,SP,,2025-07,17.4125,17.4125,0.00,AMARELO,,Nao,Nao
994,FRUTAS,Banana Nanica,SP,,2025-08,17.4125,17.4125,0.00,AMARELO,,Nao,Nao
994,FRUTAS,Banana Nanica,SP,,2025-09,17.4125,17.4125,0.00,AMARELO,,Nao,Nao
994,FRUTAS,Banana Nanica,SP,,2025-10,17.4125,17.4125,0.00,AMARELO,,Nao,Nao
994,FRUTAS,Banana Nanica,SP,,2025-11,17.4125,17.4125,0.00,AMARELO,,Nao,Nao
994,FRUTAS,Banana Nanica,SP,,2025-12,17.4125,17.4125,0.00,AMARELO,,Nao,Nao
994,FRUTAS,Banana Nanica,SP,,2026-01,17.4125,17.4125,0.00,AMARELO,,Nao,Nao
994,FRUTAS,Banana Nanica,SP,,2026-02,17.4125,17.4125,0.00,AMARELO,,Nao,Nao
994,FRUTAS,Banana Nanica,SP,,2026-03,17.4125,17.4125,0.00,AMARELO,,Nao,Nao
994,FRUTAS,Banana Nanica,SP,,2026-04,17.4125,17.4125,0.00,AMARELO,,Nao,Nao
994,FRUTAS,Banana Nanica,SP,,2026-06,17.4125,17.4125,0.00,AMARELO,,Nao,Nao
994,FRUTAS,Banana Nanica,SP,,2026-07,17.4125,17.4125,0.00,AMARELO,,Nao,Nao
1103,FRUTAS,Banana Ouro,SP,,2026-06,8.0000,8.0000,0.00,AMARELO,,Nao,Nao
1103,FRUTAS,Banana Ouro,SP,,2026-07,8.0000,8.0000,0.00,AMARELO,,Nao,Nao
1002,FRUTAS,Banana Prata MG,SP,,2025-01,36.2800,36.2800,0.00,AMARELO,,Nao,Nao
1002,FRUTAS,Banana Prata MG,SP,,2025-02,36.2800,36.2800,0.00,AMARELO,,Nao,Nao
1002,FRUTAS,Banana Prata MG,SP,,2025-03,36.2800,36.2800,0.00,AMARELO,,Nao,Nao
1002,FRUTAS,Banana Prata MG,SP,,2025-04,36.2800,36.2800,0.00,AMARELO,,Nao,Nao
1002,FRUTAS,Banana Prata MG,SP,,2025-05,36.2800,36.2800,0.00,AMARELO,,Nao,Nao
1002,FRUTAS,Banana Prata MG,SP,,2025-06,36.2800,36.2800,0.00,AMARELO,,Nao,Nao
1002,FRUTAS,Banana Prata MG,SP,,2025-07,36.2800,36.2800,0.00,AMARELO,,Nao,Nao
1002,FRUTAS,Banana Prata MG,SP,,2025-08,36.2800,36.2800,0.00,AMARELO,,Nao,Nao
1002,FRUTAS,Banana Prata MG,SP,,2025-09,36.2800,36.2800,0.00,AMARELO,,Nao,Nao
1002,FRUTAS,Banana Prata MG,SP,,2025-10,36.2800,36.2800,0.00,AMARELO,,Nao,Nao
1002,FRUTAS,Banana Prata MG,SP,,2025-11,36.2800,36.2800,0.00,AMARELO,,Nao,Nao
1002,FRUTAS,Banana Prata MG,SP,,2025-12,36.2800,36.2800,0.00,AMARELO,,Nao,Nao
1002,FRUTAS,Banana Prata MG,SP,,2026-01,36.2800,36.2800,0.00,AMARELO,,Nao,Nao
1002,FRUTAS,Banana Prata MG,SP,,2026-02,36.2800,36.2800,0.00,AMARELO,,Nao,Nao
1002,FRUTAS,Banana Prata MG,SP,,2026-03,36.2800,36.2800,0.00,AMARELO,,Nao,Nao
1002,FRUTAS,Banana Prata MG,SP,,2026-04,36.2800,36.2800,0.00,AMARELO,,Nao,Nao
1002,FRUTAS,Banana Prata MG,SP,,2026-05,36.2800,36.2800,0.00,AMARELO,,Nao,Nao
976,FRUTAS,Banana Prata SP,SP,,2025-03,23.0220,23.0220,0.00,AMARELO,,Nao,Nao
976,FRUTAS,Banana Prata SP,SP,,2026-05,23.0220,23.0220,0.00,AMARELO,,Nao,Nao
976,FRUTAS,Banana Prata SP,SP,,2026-04,23.0220,23.0220,0.00,AMARELO,,Nao,Nao
976,FRUTAS,Banana Prata SP,SP,,2026-03,23.0220,23.0220,0.00,AMARELO,,Nao,Nao
976,FRUTAS,Banana Prata SP,SP,,2026-02,23.0220,23.0220,0.00,AMARELO,,Nao,Nao
976,FRUTAS,Banana Prata SP,SP,,2026-01,23.0220,23.0220,0.00,AMARELO,,Nao,Nao
976,FRUTAS,Banana Prata SP,SP,,2025-12,23.0220,23.0220,0.00,AMARELO,,Nao,Nao
976,FRUTAS,Banana Prata SP,SP,,2025-11,23.0220,23.0220,0.00,AMARELO,,Nao,Nao
976,FRUTAS,Banana Prata SP,SP,,2025-10,23.0220,23.0220,0.00,AMARELO,,Nao,Nao
976,FRUTAS,Banana Prata SP,SP,,2025-09,23.0220,23.0220,0.00,AMARELO,,Nao,Nao
976,FRUTAS,Banana Prata SP,SP,,2025-08,23.0220,23.0220,0.00,AMARELO,,Nao,Nao
976,FRUTAS,Banana Prata SP,SP,,2025-07,23.0220,23.0220,0.00,AMARELO,,Nao,Nao
976,FRUTAS,Banana Prata SP,SP,,2025-06,23.0220,23.0220,0.00,AMARELO,,Nao,Nao
976,FRUTAS,Banana Prata SP,SP,,2025-05,23.0220,23.0220,0.00,AMARELO,,Nao,Nao
976,FRUTAS,Banana Prata SP,SP,,2025-04,23.0220,23.0220,0.00,AMARELO,,Nao,Nao
976,FRUTAS,Banana Prata SP,SP,,2025-02,23.0220,23.0220,0.00,AMARELO,,Nao,Nao
976,FRUTAS,Banana Prata SP,SP,,2025-01,23.0220,23.0220,0.00,AMARELO,,Nao,Nao
845,LEGUMES,BATATA-DOCE - NÃO INFORMADO,SP,ANHUMAS-SP,2025-12,0.2900,0.2786,4.09,AMARELO,,Nao,Nao
845,LEGUMES,BATATA-DOCE - NÃO INFORMADO,SP,ANHUMAS-SP,2025-09,0.3200,0.2786,14.86,AMARELO,,Nao,Nao
845,LEGUMES,BATATA-DOCE - NÃO INFORMADO,SP,,2025-12,0.2900,0.2786,4.09,AMARELO,,Nao,Nao
845,LEGUMES,BATATA-DOCE - NÃO INFORMADO,SP,,2025-09,0.3200,0.2786,14.86,AMARELO,,Nao,Nao
846,LEGUMES,BATATA - NÃO INFORMADO,SP,,2025-10,5.7800,6.6267,-12.78,AMARELO,,Sim,Nao
846,LEGUMES,BATATA - NÃO INFORMADO,SP,SÃO PAULO-SP,2025-10,5.7800,6.6267,-12.78,AMARELO,,Sim,Nao
846,LEGUMES,BATATA - NÃO INFORMADO,SP,SÃO PAULO-SP,2026-04,7.1700,6.6267,8.20,AMARELO,,Sim,Nao
846,LEGUMES,BATATA - NÃO INFORMADO,SP,SÃO PAULO-SP,2026-03,6.7000,6.6267,1.11,AMARELO,,Sim,Nao
846,LEGUMES,BATATA - NÃO INFORMADO,SP,SÃO PAULO-SP,2026-02,6.2300,6.6267,-5.99,AMARELO,,Sim,Nao
846,LEGUMES,BATATA - NÃO INFORMADO,SP,SÃO PAULO-SP,2026-01,6.2400,6.6267,-5.84,AMARELO,,Sim,Nao
846,LEGUMES,BATATA - NÃO INFORMADO,SP,SÃO PAULO-SP,2025-12,6.2600,6.6267,-5.53,AMARELO,,Sim,Nao
846,LEGUMES,BATATA - NÃO INFORMADO,SP,,2026-02,6.2300,6.6267,-5.99,AMARELO,,Sim,Nao
846,LEGUMES,BATATA - NÃO INFORMADO,SP,,2026-03,6.7000,6.6267,1.11,AMARELO,,Sim,Nao
846,LEGUMES,BATATA - NÃO INFORMADO,SP,,2026-04,7.1700,6.6267,8.20,AMARELO,,Sim,Nao
846,LEGUMES,BATATA - NÃO INFORMADO,SP,,2026-01,6.2400,6.6267,-5.84,AMARELO,,Sim,Nao
846,LEGUMES,BATATA - NÃO INFORMADO,SP,,2025-12,6.2600,6.6267,-5.53,AMARELO,,Sim,Nao
846,LEGUMES,BATATA - NÃO INFORMADO,SP,,2025-11,5.8400,6.6267,-11.87,AMARELO,,Sim,Nao
846,LEGUMES,BATATA - NÃO INFORMADO,SP,SÃO PAULO-SP,2025-11,5.8400,6.6267,-11.87,AMARELO,,Sim,Nao
1140,ALIMENTO_VAREJO,Batata Asterix,SP,,2026-05,4.0000,4.0000,0.00,AMARELO,,Nao,Nao
1140,ALIMENTO_VAREJO,Batata Asterix,SP,,2026-04,4.0000,4.0000,0.00,AMARELO,,Nao,Nao
1140,ALIMENTO_VAREJO,Batata Asterix,SP,,2026-03,4.0000,4.0000,0.00,AMARELO,,Nao,Nao
1140,ALIMENTO_VAREJO,Batata Asterix,SP,,2026-02,4.0000,4.0000,0.00,AMARELO,,Nao,Nao
1140,ALIMENTO_VAREJO,Batata Asterix,SP,,2026-01,4.0000,4.0000,0.00,AMARELO,,Nao,Nao
1140,ALIMENTO_VAREJO,Batata Asterix,SP,,2025-12,4.0000,4.0000,0.00,AMARELO,,Nao,Nao
1140,ALIMENTO_VAREJO,Batata Asterix,SP,,2025-04,4.0000,4.0000,0.00,AMARELO,,Nao,Nao
1140,ALIMENTO_VAREJO,Batata Asterix,SP,,2025-03,4.0000,4.0000,0.00,AMARELO,,Nao,Nao
1140,ALIMENTO_VAREJO,Batata Asterix,SP,,2025-02,4.0000,4.0000,0.00,AMARELO,,Nao,Nao
1140,ALIMENTO_VAREJO,Batata Asterix,SP,,2025-01,4.0000,4.0000,0.00,AMARELO,,Nao,Nao
1140,ALIMENTO_VAREJO,Batata Asterix,SP,,2025-05,4.0000,4.0000,0.00,AMARELO,,Nao,Nao
1140,ALIMENTO_VAREJO,Batata Asterix,SP,,2025-06,4.0000,4.0000,0.00,AMARELO,,Nao,Nao
1140,ALIMENTO_VAREJO,Batata Asterix,SP,,2025-07,4.0000,4.0000,0.00,AMARELO,,Nao,Nao
1140,ALIMENTO_VAREJO,Batata Asterix,SP,,2025-08,4.0000,4.0000,0.00,AMARELO,,Nao,Nao
1140,ALIMENTO_VAREJO,Batata Asterix,SP,,2025-09,4.0000,4.0000,0.00,AMARELO,,Nao,Nao
1140,ALIMENTO_VAREJO,Batata Asterix,SP,,2025-10,4.0000,4.0000,0.00,AMARELO,,Nao,Nao
1140,ALIMENTO_VAREJO,Batata Asterix,SP,,2025-11,4.0000,4.0000,0.00,AMARELO,,Nao,Nao
1152,LEGUMES,Batata Doce Amarela,SP,,2025-01,55.1353,55.1353,0.00,AMARELO,,Nao,Nao
1152,LEGUMES,Batata Doce Amarela,SP,,2025-02,55.1353,55.1353,0.00,AMARELO,,Nao,Nao
1152,LEGUMES,Batata Doce Amarela,SP,,2025-03,55.1353,55.1353,0.00,AMARELO,,Nao,Nao
1152,LEGUMES,Batata Doce Amarela,SP,,2025-04,55.1353,55.1353,0.00,AMARELO,,Nao,Nao
1152,LEGUMES,Batata Doce Amarela,SP,,2025-05,55.1353,55.1353,0.00,AMARELO,,Nao,Nao
1152,LEGUMES,Batata Doce Amarela,SP,,2025-06,55.1353,55.1353,0.00,AMARELO,,Nao,Nao
1152,LEGUMES,Batata Doce Amarela,SP,,2025-07,55.1353,55.1353,0.00,AMARELO,,Nao,Nao
1152,LEGUMES,Batata Doce Amarela,SP,,2025-08,55.1353,55.1353,0.00,AMARELO,,Nao,Nao
1152,LEGUMES,Batata Doce Amarela,SP,,2025-09,55.1353,55.1353,0.00,AMARELO,,Nao,Nao
1152,LEGUMES,Batata Doce Amarela,SP,,2025-10,55.1353,55.1353,0.00,AMARELO,,Nao,Nao
1152,LEGUMES,Batata Doce Amarela,SP,,2026-05,55.1353,55.1353,0.00,AMARELO,,Nao,Nao
1152,LEGUMES,Batata Doce Amarela,SP,,2026-04,55.1353,55.1353,0.00,AMARELO,,Nao,Nao
1152,LEGUMES,Batata Doce Amarela,SP,,2026-03,55.1353,55.1353,0.00,AMARELO,,Nao,Nao
1152,LEGUMES,Batata Doce Amarela,SP,,2026-02,55.1353,55.1353,0.00,AMARELO,,Nao,Nao
1152,LEGUMES,Batata Doce Amarela,SP,,2026-01,55.1353,55.1353,0.00,AMARELO,,Nao,Nao
1152,LEGUMES,Batata Doce Amarela,SP,,2025-12,55.1353,55.1353,0.00,AMARELO,,Nao,Nao
1152,LEGUMES,Batata Doce Amarela,SP,,2025-11,55.1353,55.1353,0.00,AMARELO,,Nao,Nao
929,LEGUMES,Batata Doce Branca,SP,,2026-06,2.9167,2.9167,0.00,AMARELO,,Nao,Nao
929,LEGUMES,Batata Doce Branca,SP,,2026-07,2.9133,2.9133,0.00,AMARELO,,Nao,Nao
1009,LEGUMES,Batata Doce Rosada,SP,,2026-06,2.4300,2.4300,0.00,AMARELO,,Nao,Nao
1079,LEGUMES,Batata Doce Roxa,SP,,2025-09,94.3750,94.3750,0.00,AMARELO,,Nao,Nao
1079,LEGUMES,Batata Doce Roxa,SP,,2025-10,94.3750,94.3750,0.00,AMARELO,,Nao,Nao
1079,LEGUMES,Batata Doce Roxa,SP,,2025-11,94.3750,94.3750,0.00,AMARELO,,Nao,Nao
1079,LEGUMES,Batata Doce Roxa,SP,,2025-12,94.3750,94.3750,0.00,AMARELO,,Nao,Nao
1079,LEGUMES,Batata Doce Roxa,SP,,2026-01,94.3750,94.3750,0.00,AMARELO,,Nao,Nao
1079,LEGUMES,Batata Doce Roxa,SP,,2026-02,94.3750,94.3750,0.00,AMARELO,,Nao,Nao
1079,LEGUMES,Batata Doce Roxa,SP,,2026-05,94.3750,94.3750,0.00,AMARELO,,Nao,Nao
1079,LEGUMES,Batata Doce Roxa,SP,,2026-04,94.3750,94.3750,0.00,AMARELO,,Nao,Nao
1079,LEGUMES,Batata Doce Roxa,SP,,2026-03,94.3750,94.3750,0.00,AMARELO,,Nao,Nao
1079,LEGUMES,Batata Doce Roxa,SP,,2025-01,94.3750,94.3750,0.00,AMARELO,,Nao,Nao
1079,LEGUMES,Batata Doce Roxa,SP,,2025-02,94.3750,94.3750,0.00,AMARELO,,Nao,Nao
1079,LEGUMES,Batata Doce Roxa,SP,,2025-03,94.3750,94.3750,0.00,AMARELO,,Nao,Nao
1079,LEGUMES,Batata Doce Roxa,SP,,2025-05,94.3750,94.3750,0.00,AMARELO,,Nao,Nao
1079,LEGUMES,Batata Doce Roxa,SP,,2025-04,94.3750,94.3750,0.00,AMARELO,,Nao,Nao
1079,LEGUMES,Batata Doce Roxa,SP,,2025-06,94.3750,94.3750,0.00,AMARELO,,Nao,Nao
1079,LEGUMES,Batata Doce Roxa,SP,,2025-07,94.3750,94.3750,0.00,AMARELO,,Nao,Nao
1079,LEGUMES,Batata Doce Roxa,SP,,2025-08,94.3750,94.3750,0.00,AMARELO,,Nao,Nao
932,ALIMENTO_VAREJO,Batata Lavada,SP,,2025-09,22.0944,22.0944,0.00,AMARELO,,Nao,Nao
932,ALIMENTO_VAREJO,Batata Lavada,SP,,2025-10,22.0944,22.0944,0.00,AMARELO,,Nao,Nao
932,ALIMENTO_VAREJO,Batata Lavada,SP,,2026-02,22.0944,22.0944,0.00,AMARELO,,Nao,Nao
932,ALIMENTO_VAREJO,Batata Lavada,SP,,2026-03,22.0944,22.0944,0.00,AMARELO,,Nao,Nao
932,ALIMENTO_VAREJO,Batata Lavada,SP,,2026-04,22.0944,22.0944,0.00,AMARELO,,Nao,Nao
932,ALIMENTO_VAREJO,Batata Lavada,SP,,2026-05,22.0944,22.0944,0.00,AMARELO,,Nao,Nao
932,ALIMENTO_VAREJO,Batata Lavada,SP,,2025-11,22.0944,22.0944,0.00,AMARELO,,Nao,Nao
932,ALIMENTO_VAREJO,Batata Lavada,SP,,2025-12,22.0944,22.0944,0.00,AMARELO,,Nao,Nao
932,ALIMENTO_VAREJO,Batata Lavada,SP,,2026-01,22.0944,22.0944,0.00,AMARELO,,Nao,Nao
932,ALIMENTO_VAREJO,Batata Lavada,SP,,2025-01,22.0944,22.0944,0.00,AMARELO,,Nao,Nao
932,ALIMENTO_VAREJO,Batata Lavada,SP,,2025-02,22.0944,22.0944,0.00,AMARELO,,Nao,Nao
932,ALIMENTO_VAREJO,Batata Lavada,SP,,2025-03,22.0944,22.0944,0.00,AMARELO,,Nao,Nao
932,ALIMENTO_VAREJO,Batata Lavada,SP,,2025-04,22.0944,22.0944,0.00,AMARELO,,Nao,Nao
932,ALIMENTO_VAREJO,Batata Lavada,SP,,2025-05,22.0944,22.0944,0.00,AMARELO,,Nao,Nao
932,ALIMENTO_VAREJO,Batata Lavada,SP,,2025-06,22.0944,22.0944,0.00,AMARELO,,Nao,Nao
932,ALIMENTO_VAREJO,Batata Lavada,SP,,2025-07,22.0944,22.0944,0.00,AMARELO,,Nao,Nao
932,ALIMENTO_VAREJO,Batata Lavada,SP,,2025-08,22.0944,22.0944,0.00,AMARELO,,Nao,Nao
1233,LEGUMES,Batata Yakon,SP,,2026-06,3.5400,3.5400,0.00,AMARELO,,Nao,Nao
1233,LEGUMES,Batata Yakon,SP,,2026-07,3.5250,3.5250,0.00,AMARELO,,Nao,Nao
928,LEGUMES,Berinjela Comum,SP,,2026-07,3.2833,3.2833,0.00,AMARELO,,Nao,Nao
928,LEGUMES,Berinjela Comum,SP,,2026-06,4.0900,4.0900,0.00,AMARELO,,Nao,Nao
1030,LEGUMES,Berinjela Japonesa,SP,,2026-06,4.0900,4.0900,0.00,AMARELO,,Nao,Nao
1030,LEGUMES,Berinjela Japonesa,SP,,2026-07,10.4575,10.4575,0.00,AMARELO,,Nao,Nao
1107,PESCADOS,Betara,SP,,2026-06,3.9000,3.9000,0.00,AMARELO,,Nao,Nao
1160,LEGUMES,Beterraba,SP,,2026-06,2.4000,2.4000,0.00,AMARELO,,Nao,Nao
1160,LEGUMES,Beterraba,SP,,2026-07,2.0000,2.0000,0.00,AMARELO,,Nao,Nao
1137,VERDURAS,Beterraba com Folhas,SP,,2026-06,45.0000,45.0000,0.00,AMARELO,,Nao,Nao
1137,VERDURAS,Beterraba com Folhas,SP,,2026-07,38.1000,38.1000,0.00,AMARELO,,Nao,Nao
1205,PESCADOS,Bonito,SP,,2026-06,4.9000,4.9000,0.00,AMARELO,,Nao,Nao
1205,PESCADOS,Bonito,SP,,2026-07,5.5100,5.5100,0.00,AMARELO,,Nao,Nao
926,VERDURAS,Brócolos Ninja,SP,,2026-06,6.0700,6.0700,0.00,AMARELO,,Nao,Nao
1102,VERDURAS,Brócolos Ramoso,SP,,2026-06,6.0700,6.0700,0.00,AMARELO,,Nao,Nao
1172,PESCADOS,Cação Azul,SP,,2026-06,34.1350,34.1350,0.00,AMARELO,,Nao,Nao
1172,PESCADOS,Cação Azul,SP,,2026-07,18.8400,18.8400,0.00,AMARELO,,Nao,Nao
957,FRUTAS,Cacau,SP,,2026-06,6.4400,6.4400,0.00,AMARELO,,Nao,Nao
957,FRUTAS,Cacau,SP,,2026-07,8.3300,8.3300,0.00,AMARELO,,Nao,Nao
895,ALIMENTO_VAREJO,"CAFE - ARÁBICA TIPO 6, BEBI",SP,ESPÍRITO SANTO DO PINHAL-SP,2025-12,37.9500,36.8500,2.99,AMARELO,,Nao,Nao
895,ALIMENTO_VAREJO,"CAFE - ARÁBICA TIPO 6, BEBI",SP,MARÍLIA-SP,2025-12,35.4000,34.7600,1.84,AMARELO,,Nao,Nao
895,ALIMENTO_VAREJO,"CAFE - ARÁBICA TIPO 6, BEBI",SP,MARÍLIA-SP,2025-11,36.1000,34.7600,3.86,AMARELO,,Nao,Nao
895,ALIMENTO_VAREJO,"CAFE - ARÁBICA TIPO 6, BEBI",SP,MARÍLIA-SP,2025-10,36.0900,34.7600,3.83,AMARELO,,Nao,Nao
895,ALIMENTO_VAREJO,"CAFE - ARÁBICA TIPO 6, BEBI",SP,MARÍLIA-SP,2025-09,37.3100,34.7600,7.34,AMARELO,,Nao,Nao
895,ALIMENTO_VAREJO,"CAFE - ARÁBICA TIPO 6, BEBI",SP,MARÍLIA-SP,2025-08,33.5100,34.7600,-3.60,AMARELO,,Nao,Nao
895,ALIMENTO_VAREJO,"CAFE - ARÁBICA TIPO 6, BEBI",SP,MARÍLIA-SP,2025-07,29.5800,34.7600,-14.90,AMARELO,,Nao,Nao
895,ALIMENTO_VAREJO,"CAFE - ARÁBICA TIPO 6, BEBI",SP,MARÍLIA-SP,2025-06,35.3300,34.7600,1.64,AMARELO,,Nao,Nao
867,LEGUMES,MILHO - EM GRÃOS,SP,AVARÉ-SP,2026-05,1.0600,1.0400,1.92,AMARELO,ALTA,Nao,Nao
895,ALIMENTO_VAREJO,"CAFE - ARÁBICA TIPO 6, BEBI",SP,ESPÍRITO SANTO DO PINHAL-SP,2025-06,36.6300,36.8500,-0.60,AMARELO,,Nao,Nao
895,ALIMENTO_VAREJO,"CAFE - ARÁBICA TIPO 6, BEBI",SP,ESPÍRITO SANTO DO PINHAL-SP,2025-08,35.1600,36.8500,-4.59,AMARELO,,Nao,Nao
895,ALIMENTO_VAREJO,"CAFE - ARÁBICA TIPO 6, BEBI",SP,ESPÍRITO SANTO DO PINHAL-SP,2025-09,39.1400,36.8500,6.21,AMARELO,,Nao,Nao
895,ALIMENTO_VAREJO,"CAFE - ARÁBICA TIPO 6, BEBI",SP,ESPÍRITO SANTO DO PINHAL-SP,2025-10,38.8700,36.8500,5.48,AMARELO,,Nao,Nao
895,ALIMENTO_VAREJO,"CAFE - ARÁBICA TIPO 6, BEBI",SP,ESPÍRITO SANTO DO PINHAL-SP,2025-11,39.9200,36.8500,8.33,AMARELO,,Nao,Nao
895,ALIMENTO_VAREJO,"CAFE - ARÁBICA TIPO 6, BEBI",SP,,2026-02,31.5700,35.6557,-11.46,AMARELO,,Nao,Nao
895,ALIMENTO_VAREJO,"CAFE - ARÁBICA TIPO 6, BEBI",SP,,2026-01,37.1400,35.6557,4.16,AMARELO,,Nao,Nao
895,ALIMENTO_VAREJO,"CAFE - ARÁBICA TIPO 6, BEBI",SP,,2025-12,37.3000,35.6557,4.61,AMARELO,,Nao,Nao
895,ALIMENTO_VAREJO,"CAFE - ARÁBICA TIPO 6, BEBI",SP,,2025-11,37.9700,35.6557,6.49,AMARELO,,Nao,Nao
895,ALIMENTO_VAREJO,"CAFE - ARÁBICA TIPO 6, BEBI",SP,,2025-10,36.6000,35.6557,2.65,AMARELO,,Nao,Nao
895,ALIMENTO_VAREJO,"CAFE - ARÁBICA TIPO 6, BEBI",SP,,2025-09,37.6600,35.6557,5.62,AMARELO,,Nao,Nao
895,ALIMENTO_VAREJO,"CAFE - ARÁBICA TIPO 6, BEBI",SP,,2025-08,33.3800,35.6557,-6.38,AMARELO,,Nao,Nao
895,ALIMENTO_VAREJO,"CAFE - ARÁBICA TIPO 6, BEBI",SP,,2025-06,36.5400,35.6557,2.48,AMARELO,,Nao,Nao
895,ALIMENTO_VAREJO,"CAFE - ARÁBICA TIPO 6, BEBI",SP,FRANCA-SP,2025-12,37.6200,35.1943,6.89,AMARELO,,Nao,Nao
895,ALIMENTO_VAREJO,"CAFE - ARÁBICA TIPO 6, BEBI",SP,FRANCA-SP,2025-11,37.3800,35.1943,6.21,AMARELO,,Nao,Nao
895,ALIMENTO_VAREJO,"CAFE - ARÁBICA TIPO 6, BEBI",SP,FRANCA-SP,2025-10,35.2500,35.1943,0.16,AMARELO,,Nao,Nao
895,ALIMENTO_VAREJO,"CAFE - ARÁBICA TIPO 6, BEBI",SP,FRANCA-SP,2025-09,36.7800,35.1943,4.51,AMARELO,,Nao,Nao
895,ALIMENTO_VAREJO,"CAFE - ARÁBICA TIPO 6, BEBI",SP,FRANCA-SP,2025-08,32.1100,35.1943,-8.76,AMARELO,,Nao,Nao
895,ALIMENTO_VAREJO,"CAFE - ARÁBICA TIPO 6, BEBI",SP,FRANCA-SP,2025-07,30.2600,35.1943,-14.02,AMARELO,,Nao,Nao
895,ALIMENTO_VAREJO,"CAFE - ARÁBICA TIPO 6, BEBI",SP,FRANCA-SP,2025-06,36.9600,35.1943,5.02,AMARELO,,Nao,Nao
769,ALIMENTO_VAREJO,CAFE - MOÍDO E TORRADO,SP,,2026-04,65.0400,65.9171,-1.33,AMARELO,,Nao,Nao
769,ALIMENTO_VAREJO,CAFE - MOÍDO E TORRADO,SP,,2026-03,67.3000,65.9171,2.10,AMARELO,,Nao,Nao
769,ALIMENTO_VAREJO,CAFE - MOÍDO E TORRADO,SP,,2026-02,66.3600,65.9171,0.67,AMARELO,,Nao,Nao
769,ALIMENTO_VAREJO,CAFE - MOÍDO E TORRADO,SP,,2026-01,68.4000,65.9171,3.77,AMARELO,,Nao,Nao
769,ALIMENTO_VAREJO,CAFE - MOÍDO E TORRADO,SP,,2025-12,63.1300,65.9171,-4.23,AMARELO,,Nao,Nao
769,ALIMENTO_VAREJO,CAFE - MOÍDO E TORRADO,SP,,2025-11,61.0800,65.9171,-7.34,AMARELO,,Nao,Nao
769,ALIMENTO_VAREJO,CAFE - MOÍDO E TORRADO,SP,,2025-10,64.5400,65.9171,-2.09,AMARELO,,Nao,Nao
769,ALIMENTO_VAREJO,CAFE - MOÍDO E TORRADO,SP,,2025-09,70.3400,65.9171,6.71,AMARELO,,Nao,Nao
769,ALIMENTO_VAREJO,CAFE - MOÍDO E TORRADO,SP,,2025-08,64.9000,65.9171,-1.54,AMARELO,,Nao,Nao
769,ALIMENTO_VAREJO,CAFE - MOÍDO E TORRADO,SP,,2025-07,66.8700,65.9171,1.45,AMARELO,,Nao,Nao
769,ALIMENTO_VAREJO,CAFE - MOÍDO E TORRADO,SP,,2025-06,70.5600,65.9171,7.04,AMARELO,,Nao,Nao
769,ALIMENTO_VAREJO,CAFE - MOÍDO E TORRADO,SP,SÃO PAULO-SP,2025-06,68.7700,64.5886,6.47,AMARELO,,Nao,Nao
769,ALIMENTO_VAREJO,CAFE - MOÍDO E TORRADO,SP,SÃO PAULO-SP,2025-07,66.8700,64.5886,3.53,AMARELO,,Nao,Nao
769,ALIMENTO_VAREJO,CAFE - MOÍDO E TORRADO,SP,SÃO PAULO-SP,2025-08,64.9000,64.5886,0.48,AMARELO,,Nao,Nao
769,ALIMENTO_VAREJO,CAFE - MOÍDO E TORRADO,SP,SÃO PAULO-SP,2025-09,62.8300,64.5886,-2.72,AMARELO,,Nao,Nao
769,ALIMENTO_VAREJO,CAFE - MOÍDO E TORRADO,SP,SÃO PAULO-SP,2025-10,64.5400,64.5886,-0.08,AMARELO,,Nao,Nao
769,ALIMENTO_VAREJO,CAFE - MOÍDO E TORRADO,SP,SÃO PAULO-SP,2025-11,61.0800,64.5886,-5.43,AMARELO,,Nao,Nao
769,ALIMENTO_VAREJO,CAFE - MOÍDO E TORRADO,SP,SÃO PAULO-SP,2025-12,63.1300,64.5886,-2.26,AMARELO,,Nao,Nao
769,ALIMENTO_VAREJO,CAFE - MOÍDO E TORRADO,SP,SÃO PAULO-SP,2026-01,68.4000,64.5886,5.90,AMARELO,,Nao,Nao
769,ALIMENTO_VAREJO,CAFE - MOÍDO E TORRADO,SP,SÃO PAULO-SP,2026-02,66.3600,64.5886,2.74,AMARELO,,Nao,Nao
769,ALIMENTO_VAREJO,CAFE - MOÍDO E TORRADO,SP,SÃO PAULO-SP,2026-03,67.3000,64.5886,4.20,AMARELO,,Nao,Nao
769,ALIMENTO_VAREJO,CAFE - MOÍDO E TORRADO,SP,SÃO PAULO-SP,2026-04,65.0400,64.5886,0.70,AMARELO,,Nao,Nao
1096,FRUTAS,Caju,SP,,2026-07,20.5350,20.5350,0.00,AMARELO,,Nao,Nao
1096,FRUTAS,Caju,SP,,2026-06,19.6150,19.6150,0.00,AMARELO,,Nao,Nao
1085,PESCADOS,Camarão Cativeiro,SP,,2026-06,27.6467,27.6467,0.00,AMARELO,,Nao,Nao
1085,PESCADOS,Camarão Cativeiro,SP,,2026-07,29.8233,29.8233,0.00,AMARELO,,Nao,Nao
1035,PESCADOS,Camarão Pitu,SP,,2026-06,30.0000,30.0000,0.00,AMARELO,,Nao,Nao
1072,PESCADOS,Camarão Rosa,SP,,2026-06,45.6667,45.6667,0.00,AMARELO,,Nao,Nao
1135,VERDURAS,Capim Cidreira,SP,,2026-07,5.9900,5.9900,0.00,AMARELO,,Nao,Nao
1135,VERDURAS,Capim Cidreira,SP,,2026-06,6.0000,6.0000,0.00,AMARELO,,Nao,Nao
1034,FRUTAS,Caqui Chocolate - Kyoto,SP,,2026-06,6.8050,6.8050,0.00,AMARELO,,Nao,Nao
1034,FRUTAS,Caqui Chocolate - Kyoto,SP,,2026-07,4.6867,4.6867,0.00,AMARELO,,Nao,Nao
1171,FRUTAS,Caqui Fuyu,SP,,2026-07,7.2433,7.2433,0.00,AMARELO,,Nao,Nao
1171,FRUTAS,Caqui Fuyu,SP,,2026-06,5.1400,5.1400,0.00,AMARELO,,Nao,Nao
1187,FRUTAS,Caqui Giombo,SP,,2026-06,5.7100,5.7100,0.00,AMARELO,,Nao,Nao
1187,FRUTAS,Caqui Giombo,SP,,2026-07,5.5033,5.5033,0.00,AMARELO,,Nao,Nao
1168,FRUTAS,Caqui Rama Forte,SP,,2026-07,4.3475,4.3475,0.00,AMARELO,,Nao,Nao
1168,FRUTAS,Caqui Rama Forte,SP,,2026-06,4.1775,4.1775,0.00,AMARELO,,Nao,Nao
1016,LEGUMES,Cará,SP,,2026-07,3.2650,3.2650,0.00,AMARELO,,Nao,Nao
1016,LEGUMES,Cará,SP,,2026-06,3.2100,3.2100,0.00,AMARELO,,Nao,Nao
1011,FRUTAS,Carambola,SP,,2026-07,5.9800,5.9800,0.00,AMARELO,,Nao,Nao
1011,FRUTAS,Carambola,SP,,2026-06,4.6200,4.6200,0.00,AMARELO,,Nao,Nao
1219,PESCADOS,Caranguejo,SP,,2026-07,44.0000,44.0000,0.00,AMARELO,,Nao,Nao
1219,PESCADOS,Caranguejo,SP,,2026-06,44.0000,44.0000,0.00,AMARELO,,Nao,Nao
2549,PESCADOS,Carapau,SP,,2026-07,13.5100,13.5100,0.00,AMARELO,,Nao,Nao
867,LEGUMES,MILHO - EM GRÃOS,SP,ITAPEVA-SP,2026-05,1.0100,1.0143,-0.42,AMARELO,ALTA,Nao,Nao
1038,FRUTAS,Melancia,SP,,2026-07,1.5971,1.5875,0.60,AMARELO,ESTAVEL,Nao,Nao
858,PROTEINAS,CARNE BOVINA - COXÃO DURO S/OSSO,SP,,2026-05,53.4300,50.0033,6.85,AMARELO,,Sim,Nao
858,PROTEINAS,CARNE BOVINA - COXÃO DURO S/OSSO,SP,,2026-04,51.6700,50.0033,3.33,AMARELO,,Sim,Nao
858,PROTEINAS,CARNE BOVINA - COXÃO DURO S/OSSO,SP,,2026-03,51.3300,50.0033,2.65,AMARELO,,Sim,Nao
858,PROTEINAS,CARNE BOVINA - COXÃO DURO S/OSSO,SP,,2026-02,49.9300,50.0033,-0.15,AMARELO,,Sim,Nao
858,PROTEINAS,CARNE BOVINA - COXÃO DURO S/OSSO,SP,,2026-01,49.4600,50.0033,-1.09,AMARELO,,Sim,Nao
858,PROTEINAS,CARNE BOVINA - COXÃO DURO S/OSSO,SP,,2025-12,50.1000,50.0033,0.19,AMARELO,,Sim,Nao
858,PROTEINAS,CARNE BOVINA - COXÃO DURO S/OSSO,SP,,2025-11,48.7300,50.0033,-2.55,AMARELO,,Sim,Nao
858,PROTEINAS,CARNE BOVINA - COXÃO DURO S/OSSO,SP,,2025-10,47.2600,50.0033,-5.49,AMARELO,,Sim,Nao
858,PROTEINAS,CARNE BOVINA - COXÃO DURO S/OSSO,SP,,2025-09,48.1200,50.0033,-3.77,AMARELO,,Sim,Nao
1175,FRUTAS,Manga Palmer,SP,,2026-07,3.2433,3.2433,0.00,AMARELO,ALTA,Nao,Nao
858,PROTEINAS,CARNE BOVINA - COXÃO DURO S/OSSO,SP,SÃO PAULO-SP,2026-05,53.4300,50.0033,6.85,AMARELO,,Sim,Nao
858,PROTEINAS,CARNE BOVINA - COXÃO DURO S/OSSO,SP,SÃO PAULO-SP,2026-04,51.6700,50.0033,3.33,AMARELO,,Sim,Nao
858,PROTEINAS,CARNE BOVINA - COXÃO DURO S/OSSO,SP,SÃO PAULO-SP,2026-03,51.3300,50.0033,2.65,AMARELO,,Sim,Nao
858,PROTEINAS,CARNE BOVINA - COXÃO DURO S/OSSO,SP,SÃO PAULO-SP,2026-02,49.9300,50.0033,-0.15,AMARELO,,Sim,Nao
858,PROTEINAS,CARNE BOVINA - COXÃO DURO S/OSSO,SP,SÃO PAULO-SP,2026-01,49.4600,50.0033,-1.09,AMARELO,,Sim,Nao
858,PROTEINAS,CARNE BOVINA - COXÃO DURO S/OSSO,SP,SÃO PAULO-SP,2025-12,50.1000,50.0033,0.19,AMARELO,,Sim,Nao
858,PROTEINAS,CARNE BOVINA - COXÃO DURO S/OSSO,SP,SÃO PAULO-SP,2025-11,48.7300,50.0033,-2.55,AMARELO,,Sim,Nao
858,PROTEINAS,CARNE BOVINA - COXÃO DURO S/OSSO,SP,SÃO PAULO-SP,2025-10,47.2600,50.0033,-5.49,AMARELO,,Sim,Nao
858,PROTEINAS,CARNE BOVINA - COXÃO DURO S/OSSO,SP,SÃO PAULO-SP,2025-09,48.1200,50.0033,-3.77,AMARELO,,Sim,Nao
1215,FRUTAS,Maça Fuji Importada,SP,,2026-07,104.3400,104.3400,0.00,AMARELO,QUEDA,Nao,Nao
911,PROTEINAS,CARNE BOVINA - COXÃO MOLE S/OSSO,SP,,2025-09,50.8500,52.9422,-3.95,AMARELO,,Sim,Nao
911,PROTEINAS,CARNE BOVINA - COXÃO MOLE S/OSSO,SP,,2025-10,50.7900,52.9422,-4.07,AMARELO,,Sim,Nao
911,PROTEINAS,CARNE BOVINA - COXÃO MOLE S/OSSO,SP,,2025-11,51.2100,52.9422,-3.27,AMARELO,,Sim,Nao
911,PROTEINAS,CARNE BOVINA - COXÃO MOLE S/OSSO,SP,,2025-12,52.5100,52.9422,-0.82,AMARELO,,Sim,Nao
911,PROTEINAS,CARNE BOVINA - COXÃO MOLE S/OSSO,SP,,2026-01,52.6000,52.9422,-0.65,AMARELO,,Sim,Nao
911,PROTEINAS,CARNE BOVINA - COXÃO MOLE S/OSSO,SP,,2026-02,53.2300,52.9422,0.54,AMARELO,,Sim,Nao
911,PROTEINAS,CARNE BOVINA - COXÃO MOLE S/OSSO,SP,,2026-03,54.2100,52.9422,2.39,AMARELO,,Sim,Nao
911,PROTEINAS,CARNE BOVINA - COXÃO MOLE S/OSSO,SP,,2026-04,55.0100,52.9422,3.91,AMARELO,,Sim,Nao
911,PROTEINAS,CARNE BOVINA - COXÃO MOLE S/OSSO,SP,,2026-05,56.0700,52.9422,5.91,AMARELO,,Sim,Nao
911,PROTEINAS,CARNE BOVINA - COXÃO MOLE S/OSSO,SP,SÃO PAULO-SP,2026-05,56.0700,52.9422,5.91,AMARELO,,Sim,Nao
911,PROTEINAS,CARNE BOVINA - COXÃO MOLE S/OSSO,SP,SÃO PAULO-SP,2026-04,55.0100,52.9422,3.91,AMARELO,,Sim,Nao
911,PROTEINAS,CARNE BOVINA - COXÃO MOLE S/OSSO,SP,SÃO PAULO-SP,2026-03,54.2100,52.9422,2.39,AMARELO,,Sim,Nao
911,PROTEINAS,CARNE BOVINA - COXÃO MOLE S/OSSO,SP,SÃO PAULO-SP,2026-02,53.2300,52.9422,0.54,AMARELO,,Sim,Nao
911,PROTEINAS,CARNE BOVINA - COXÃO MOLE S/OSSO,SP,SÃO PAULO-SP,2026-01,52.6000,52.9422,-0.65,AMARELO,,Sim,Nao
911,PROTEINAS,CARNE BOVINA - COXÃO MOLE S/OSSO,SP,SÃO PAULO-SP,2025-12,52.5100,52.9422,-0.82,AMARELO,,Sim,Nao
911,PROTEINAS,CARNE BOVINA - COXÃO MOLE S/OSSO,SP,SÃO PAULO-SP,2025-11,51.2100,52.9422,-3.27,AMARELO,,Sim,Nao
911,PROTEINAS,CARNE BOVINA - COXÃO MOLE S/OSSO,SP,SÃO PAULO-SP,2025-10,50.7900,52.9422,-4.07,AMARELO,,Sim,Nao
911,PROTEINAS,CARNE BOVINA - COXÃO MOLE S/OSSO,SP,SÃO PAULO-SP,2025-09,50.8500,52.9422,-3.95,AMARELO,,Sim,Nao
896,PROTEINAS,CARNE BOVINA - JERKED BEEF,SP,SÃO PAULO-SP,2025-06,58.2000,60.1433,-3.23,AMARELO,,Sim,Nao
896,PROTEINAS,CARNE BOVINA - JERKED BEEF,SP,SÃO PAULO-SP,2025-07,60.5000,60.1433,0.59,AMARELO,,Sim,Nao
896,PROTEINAS,CARNE BOVINA - JERKED BEEF,SP,SÃO PAULO-SP,2025-08,61.7300,60.1433,2.64,AMARELO,,Sim,Nao
896,PROTEINAS,CARNE BOVINA - JERKED BEEF,SP,,2025-06,58.2000,60.1433,-3.23,AMARELO,,Sim,Nao
896,PROTEINAS,CARNE BOVINA - JERKED BEEF,SP,,2025-08,61.7300,60.1433,2.64,AMARELO,,Sim,Nao
896,PROTEINAS,CARNE BOVINA - JERKED BEEF,SP,,2025-07,60.5000,60.1433,0.59,AMARELO,,Sim,Nao
859,PROTEINAS,CARNE BOVINA - PATINHO S/OSSO,SP,,2026-05,56.2600,53.4522,5.25,AMARELO,,Sim,Nao
859,PROTEINAS,CARNE BOVINA - PATINHO S/OSSO,SP,,2026-04,55.3400,53.4522,3.53,AMARELO,,Sim,Nao
859,PROTEINAS,CARNE BOVINA - PATINHO S/OSSO,SP,,2026-03,54.0100,53.4522,1.04,AMARELO,,Sim,Nao
859,PROTEINAS,CARNE BOVINA - PATINHO S/OSSO,SP,,2026-02,53.8400,53.4522,0.73,AMARELO,,Sim,Nao
859,PROTEINAS,CARNE BOVINA - PATINHO S/OSSO,SP,,2026-01,53.4000,53.4522,-0.10,AMARELO,,Sim,Nao
859,PROTEINAS,CARNE BOVINA - PATINHO S/OSSO,SP,SÃO PAULO-SP,2026-05,56.2600,53.4522,5.25,AMARELO,,Sim,Nao
859,PROTEINAS,CARNE BOVINA - PATINHO S/OSSO,SP,,2025-12,53.1100,53.4522,-0.64,AMARELO,,Sim,Nao
859,PROTEINAS,CARNE BOVINA - PATINHO S/OSSO,SP,,2025-11,52.6300,53.4522,-1.54,AMARELO,,Sim,Nao
859,PROTEINAS,CARNE BOVINA - PATINHO S/OSSO,SP,,2025-10,51.0800,53.4522,-4.44,AMARELO,,Sim,Nao
859,PROTEINAS,CARNE BOVINA - PATINHO S/OSSO,SP,,2025-09,51.4000,53.4522,-3.84,AMARELO,,Sim,Nao
859,PROTEINAS,CARNE BOVINA - PATINHO S/OSSO,SP,SÃO PAULO-SP,2026-04,55.3400,53.4522,3.53,AMARELO,,Sim,Nao
859,PROTEINAS,CARNE BOVINA - PATINHO S/OSSO,SP,SÃO PAULO-SP,2026-03,54.0100,53.4522,1.04,AMARELO,,Sim,Nao
859,PROTEINAS,CARNE BOVINA - PATINHO S/OSSO,SP,SÃO PAULO-SP,2025-09,51.4000,53.4522,-3.84,AMARELO,,Sim,Nao
859,PROTEINAS,CARNE BOVINA - PATINHO S/OSSO,SP,SÃO PAULO-SP,2025-10,51.0800,53.4522,-4.44,AMARELO,,Sim,Nao
859,PROTEINAS,CARNE BOVINA - PATINHO S/OSSO,SP,SÃO PAULO-SP,2025-11,52.6300,53.4522,-1.54,AMARELO,,Sim,Nao
859,PROTEINAS,CARNE BOVINA - PATINHO S/OSSO,SP,SÃO PAULO-SP,2025-12,53.1100,53.4522,-0.64,AMARELO,,Sim,Nao
859,PROTEINAS,CARNE BOVINA - PATINHO S/OSSO,SP,SÃO PAULO-SP,2026-01,53.4000,53.4522,-0.10,AMARELO,,Sim,Nao
859,PROTEINAS,CARNE BOVINA - PATINHO S/OSSO,SP,SÃO PAULO-SP,2026-02,53.8400,53.4522,0.73,AMARELO,,Sim,Nao
850,PROTEINAS,CARNE DE FRANGO - CONGELADO,SP,SÃO PAULO-SP,2025-10,9.7300,9.7771,-0.48,AMARELO,,Nao,Nao
850,PROTEINAS,CARNE DE FRANGO - CONGELADO,SP,SÃO PAULO-SP,2025-11,9.4100,9.7771,-3.75,AMARELO,,Nao,Nao
850,PROTEINAS,CARNE DE FRANGO - CONGELADO,SP,,2025-06,10.3000,9.7771,5.35,AMARELO,,Nao,Nao
850,PROTEINAS,CARNE DE FRANGO - CONGELADO,SP,,2025-07,10.2000,9.7771,4.33,AMARELO,,Nao,Nao
850,PROTEINAS,CARNE DE FRANGO - CONGELADO,SP,,2025-08,9.9900,9.7771,2.18,AMARELO,,Nao,Nao
850,PROTEINAS,CARNE DE FRANGO - CONGELADO,SP,SÃO PAULO-SP,2025-07,10.2000,9.7771,4.33,AMARELO,,Nao,Nao
850,PROTEINAS,CARNE DE FRANGO - CONGELADO,SP,SÃO PAULO-SP,2025-12,9.8100,9.7771,0.34,AMARELO,,Nao,Nao
850,PROTEINAS,CARNE DE FRANGO - CONGELADO,SP,,2025-09,9.0000,9.7771,-7.95,AMARELO,,Nao,Nao
850,PROTEINAS,CARNE DE FRANGO - CONGELADO,SP,,2025-10,9.7300,9.7771,-0.48,AMARELO,,Nao,Nao
850,PROTEINAS,CARNE DE FRANGO - CONGELADO,SP,,2025-11,9.4100,9.7771,-3.75,AMARELO,,Nao,Nao
850,PROTEINAS,CARNE DE FRANGO - CONGELADO,SP,SÃO PAULO-SP,2025-06,10.3000,9.7771,5.35,AMARELO,,Nao,Nao
850,PROTEINAS,CARNE DE FRANGO - CONGELADO,SP,,2025-12,9.8100,9.7771,0.34,AMARELO,,Nao,Nao
850,PROTEINAS,CARNE DE FRANGO - CONGELADO,SP,SÃO PAULO-SP,2025-08,9.9900,9.7771,2.18,AMARELO,,Nao,Nao
850,PROTEINAS,CARNE DE FRANGO - CONGELADO,SP,SÃO PAULO-SP,2025-09,9.0000,9.7771,-7.95,AMARELO,,Nao,Nao
913,PROTEINAS,CARNE SUINA - PERNIL COM OSSO CONG,SP,SÃO PAULO-SP,2025-09,18.8600,19.2729,-2.14,AMARELO,,Nao,Nao
913,PROTEINAS,CARNE SUINA - PERNIL COM OSSO CONG,SP,SÃO PAULO-SP,2025-07,19.7900,19.2729,2.68,AMARELO,,Nao,Nao
913,PROTEINAS,CARNE SUINA - PERNIL COM OSSO CONG,SP,,2025-09,18.8600,19.2729,-2.14,AMARELO,,Nao,Nao
913,PROTEINAS,CARNE SUINA - PERNIL COM OSSO CONG,SP,,2025-08,19.7400,19.2729,2.42,AMARELO,,Nao,Nao
913,PROTEINAS,CARNE SUINA - PERNIL COM OSSO CONG,SP,,2025-07,19.7900,19.2729,2.68,AMARELO,,Nao,Nao
913,PROTEINAS,CARNE SUINA - PERNIL COM OSSO CONG,SP,,2025-10,19.0400,19.2729,-1.21,AMARELO,,Nao,Nao
913,PROTEINAS,CARNE SUINA - PERNIL COM OSSO CONG,SP,,2025-06,20.2700,19.2729,5.17,AMARELO,,Nao,Nao
913,PROTEINAS,CARNE SUINA - PERNIL COM OSSO CONG,SP,,2025-11,19.2100,19.2729,-0.33,AMARELO,,Nao,Nao
913,PROTEINAS,CARNE SUINA - PERNIL COM OSSO CONG,SP,,2025-12,18.0000,19.2729,-6.60,AMARELO,,Nao,Nao
913,PROTEINAS,CARNE SUINA - PERNIL COM OSSO CONG,SP,SÃO PAULO-SP,2025-10,19.0400,19.2729,-1.21,AMARELO,,Nao,Nao
913,PROTEINAS,CARNE SUINA - PERNIL COM OSSO CONG,SP,SÃO PAULO-SP,2025-08,19.7400,19.2729,2.42,AMARELO,,Nao,Nao
913,PROTEINAS,CARNE SUINA - PERNIL COM OSSO CONG,SP,SÃO PAULO-SP,2025-06,20.2700,19.2729,5.17,AMARELO,,Nao,Nao
913,PROTEINAS,CARNE SUINA - PERNIL COM OSSO CONG,SP,SÃO PAULO-SP,2025-12,18.0000,19.2729,-6.60,AMARELO,,Nao,Nao
913,PROTEINAS,CARNE SUINA - PERNIL COM OSSO CONG,SP,SÃO PAULO-SP,2025-11,19.2100,19.2729,-0.33,AMARELO,,Nao,Nao
2434,FRUTAS,Castanha Nacional,SP,,2026-06,3.5400,3.5400,0.00,AMARELO,,Nao,Nao
1027,VERDURAS,Catalonha,SP,,2026-06,31.3700,31.3700,0.00,AMARELO,,Nao,Nao
1027,VERDURAS,Catalonha,SP,,2026-07,29.0600,29.0600,0.00,AMARELO,,Nao,Nao
2552,PESCADOS,Cavala,SP,,2026-07,19.5000,19.5000,0.00,AMARELO,,Nao,Nao
1167,PESCADOS,Cavalinha,SP,,2026-07,17.9500,17.9500,0.00,AMARELO,,Nao,Nao
1167,PESCADOS,Cavalinha,SP,,2026-06,13.2000,13.2000,0.00,AMARELO,,Nao,Nao
881,ALIMENTO_VAREJO,CEBOLA - AMARELA,SP,PIEDADE-SP,2025-07,1.0300,0.9414,9.41,AMARELO,,Nao,Nao
881,ALIMENTO_VAREJO,CEBOLA - AMARELA,SP,,2025-07,1.0300,0.9414,9.41,AMARELO,,Nao,Nao
1066,ALIMENTO_VAREJO,Cebola Importada,SP,,2026-07,4.9167,4.9167,0.00,AMARELO,,Nao,Nao
1066,ALIMENTO_VAREJO,Cebola Importada,SP,,2026-06,5.0000,5.0000,0.00,AMARELO,,Nao,Nao
1154,ALIMENTO_VAREJO,Cebola Importada Argentina,SP,,2026-06,4.9300,4.9300,0.00,AMARELO,,Nao,Nao
1154,ALIMENTO_VAREJO,Cebola Importada Argentina,SP,,2026-07,4.9475,4.9475,0.00,AMARELO,,Nao,Nao
1812,ALIMENTO_VAREJO,Cebola Importada Espanha,SP,,2026-06,5.0000,5.0000,0.00,AMARELO,,Nao,Nao
1812,ALIMENTO_VAREJO,Cebola Importada Espanha,SP,,2026-07,4.9000,4.9000,0.00,AMARELO,,Nao,Nao
961,ALIMENTO_VAREJO,Cebola Importada Holanda,SP,,2026-07,4.9000,4.9000,0.00,AMARELO,,Nao,Nao
961,ALIMENTO_VAREJO,Cebola Importada Holanda,SP,,2026-06,5.0000,5.0000,0.00,AMARELO,,Nao,Nao
2516,ALIMENTO_VAREJO,Cebola Nacional,SP,,2026-06,5.0000,5.0000,0.00,AMARELO,,Nao,Nao
2516,ALIMENTO_VAREJO,Cebola Nacional,SP,,2026-07,3.5250,3.5250,0.00,AMARELO,,Nao,Nao
2517,ALIMENTO_VAREJO,Cebola Pérola,SP,,2026-06,5.0000,5.0000,0.00,AMARELO,,Nao,Nao
1118,ALIMENTO_VAREJO,Cebola Roxa,SP,,2026-05,94.3750,94.3750,0.00,AMARELO,,Nao,Nao
1118,ALIMENTO_VAREJO,Cebola Roxa,SP,,2026-03,94.3750,94.3750,0.00,AMARELO,,Nao,Nao
1118,ALIMENTO_VAREJO,Cebola Roxa,SP,,2025-01,94.3750,94.3750,0.00,AMARELO,,Nao,Nao
1118,ALIMENTO_VAREJO,Cebola Roxa,SP,,2025-03,94.3750,94.3750,0.00,AMARELO,,Nao,Nao
1118,ALIMENTO_VAREJO,Cebola Roxa,SP,,2025-02,94.3750,94.3750,0.00,AMARELO,,Nao,Nao
1118,ALIMENTO_VAREJO,Cebola Roxa,SP,,2026-04,94.3750,94.3750,0.00,AMARELO,,Nao,Nao
1118,ALIMENTO_VAREJO,Cebola Roxa,SP,,2026-02,94.3750,94.3750,0.00,AMARELO,,Nao,Nao
1118,ALIMENTO_VAREJO,Cebola Roxa,SP,,2025-11,94.3750,94.3750,0.00,AMARELO,,Nao,Nao
1118,ALIMENTO_VAREJO,Cebola Roxa,SP,,2025-10,94.3750,94.3750,0.00,AMARELO,,Nao,Nao
1118,ALIMENTO_VAREJO,Cebola Roxa,SP,,2025-09,94.3750,94.3750,0.00,AMARELO,,Nao,Nao
1118,ALIMENTO_VAREJO,Cebola Roxa,SP,,2025-12,94.3750,94.3750,0.00,AMARELO,,Nao,Nao
1118,ALIMENTO_VAREJO,Cebola Roxa,SP,,2026-01,94.3750,94.3750,0.00,AMARELO,,Nao,Nao
1211,VERDURAS,Cebolete,SP,,2026-07,7.0000,7.0000,0.00,AMARELO,,Nao,Nao
1211,VERDURAS,Cebolete,SP,,2026-06,7.0000,7.0000,0.00,AMARELO,,Nao,Nao
1139,VERDURAS,Cebolinha,SP,,2026-07,74.1900,74.1900,0.00,AMARELO,,Nao,Nao
1139,VERDURAS,Cebolinha,SP,,2026-06,72.7700,72.7700,0.00,AMARELO,,Nao,Nao
920,LEGUMES,Cenoura,SP,,2026-07,4.4675,4.4675,0.00,AMARELO,,Nao,Nao
920,LEGUMES,Cenoura,SP,,2026-06,5.7500,5.7500,0.00,AMARELO,,Nao,Nao
1014,FRUTAS,Cereja Importada,SP,,2026-06,82.4900,82.4900,0.00,AMARELO,,Nao,Nao
1014,FRUTAS,Cereja Importada,SP,,2026-07,78.4500,78.4500,0.00,AMARELO,,Nao,Nao
1021,VERDURAS,Chicória,SP,,2026-06,42.3900,42.3900,0.00,AMARELO,,Nao,Nao
1021,VERDURAS,Chicória,SP,,2026-07,46.4300,46.4300,0.00,AMARELO,,Nao,Nao
964,LEGUMES,Chuchu,SP,,2026-06,3.5000,3.5000,0.00,AMARELO,,Nao,Nao
964,LEGUMES,Chuchu,SP,,2026-07,2.0167,2.0167,0.00,AMARELO,,Nao,Nao
1042,ALIMENTO_VAREJO,Coco Seco,SP,,2026-06,4.0000,4.0000,0.00,AMARELO,,Nao,Nao
1019,VERDURAS,Coentro,SP,,2026-06,164.5850,164.5850,0.00,AMARELO,,Nao,Nao
1019,VERDURAS,Coentro,SP,,2026-07,159.2400,159.2400,0.00,AMARELO,,Nao,Nao
969,VERDURAS,Cogumelo Eryngui,SP,,2026-06,10.5300,10.5300,0.00,AMARELO,,Nao,Nao
969,VERDURAS,Cogumelo Eryngui,SP,,2026-07,10.6000,10.6000,0.00,AMARELO,,Nao,Nao
924,VERDURAS,Cogumelo Hiratake,SP,,2026-07,5.6000,5.6000,0.00,AMARELO,,Nao,Nao
924,VERDURAS,Cogumelo Hiratake,SP,,2026-06,5.7600,5.7600,0.00,AMARELO,,Nao,Nao
1197,VERDURAS,Cogumelo Paris,SP,,2026-06,8.7550,8.7550,0.00,AMARELO,,Nao,Nao
1197,VERDURAS,Cogumelo Paris,SP,,2026-07,8.7700,8.7700,0.00,AMARELO,,Nao,Nao
1192,VERDURAS,Cogumelo Porto Belo,SP,,2026-07,7.0000,7.0000,0.00,AMARELO,,Nao,Nao
1192,VERDURAS,Cogumelo Porto Belo,SP,,2026-06,7.0000,7.0000,0.00,AMARELO,,Nao,Nao
1120,VERDURAS,Cogumelo Shimeji,SP,,2026-07,7.6700,7.6700,0.00,AMARELO,,Nao,Nao
1120,VERDURAS,Cogumelo Shimeji,SP,,2026-06,7.5800,7.5800,0.00,AMARELO,,Nao,Nao
1208,VERDURAS,Cogumelo Shitake,SP,,2026-07,8.4700,8.4700,0.00,AMARELO,,Nao,Nao
1208,VERDURAS,Cogumelo Shitake,SP,,2026-06,8.5500,8.5500,0.00,AMARELO,,Nao,Nao
2554,PESCADOS,Côngrio Rosa,SP,,2026-07,24.5000,24.5000,0.00,AMARELO,,Nao,Nao
1075,PESCADOS,Corvina Água Doce,SP,,2026-06,6.3900,6.3900,0.00,AMARELO,,Nao,Nao
950,PESCADOS,Corvina Água Salgada,SP,,2026-06,7.6200,7.6200,0.00,AMARELO,,Nao,Nao
950,PESCADOS,Corvina Água Salgada,SP,,2026-07,8.4400,8.4400,0.00,AMARELO,,Nao,Nao
1078,VERDURAS,Couve-Flor,SP,,2026-06,7.5600,7.5600,0.00,AMARELO,,Nao,Nao
1006,VERDURAS,Couve de Bruxelas,SP,,2026-06,6.2500,6.2500,0.00,AMARELO,,Nao,Nao
1006,VERDURAS,Couve de Bruxelas,SP,,2026-07,15.9700,15.9700,0.00,AMARELO,,Nao,Nao
1017,VERDURAS,Couve Manteiga,SP,,2026-06,6.2500,6.2500,0.00,AMARELO,,Nao,Nao
1189,FRUTAS,Cupuaçu,SP,,2026-07,8.7500,8.7500,0.00,AMARELO,,Nao,Nao
1189,FRUTAS,Cupuaçu,SP,,2026-06,7.0800,7.0800,0.00,AMARELO,,Nao,Nao
1217,PESCADOS,Curimba,SP,,2026-06,9.9000,9.9000,0.00,AMARELO,,Nao,Nao
1217,PESCADOS,Curimba,SP,,2026-07,9.9000,9.9000,0.00,AMARELO,,Nao,Nao
2556,PESCADOS,Dourado Água Salgada,SP,,2026-07,19.5000,19.5000,0.00,AMARELO,,Nao,Nao
2437,FRUTAS,Embu,SP,,2026-07,9.0000,9.0000,0.00,AMARELO,,Nao,Nao
1128,VERDURAS,Endívia,SP,,2026-06,240.0000,240.0000,0.00,AMARELO,,Nao,Nao
1128,VERDURAS,Endívia,SP,,2026-07,240.0000,240.0000,0.00,AMARELO,,Nao,Nao
1039,VERDURAS,Endro,SP,,2026-06,11.4800,11.4800,0.00,AMARELO,,Nao,Nao
1039,VERDURAS,Endro,SP,,2026-07,8.0000,8.0000,0.00,AMARELO,,Nao,Nao
1150,VERDURAS,Erva Doce,SP,,2026-06,47.9000,47.9000,0.00,AMARELO,,Nao,Nao
1150,VERDURAS,Erva Doce,SP,,2026-07,49.6050,49.6050,0.00,AMARELO,,Nao,Nao
1104,LEGUMES,Ervilha Torta,SP,,2026-06,14.7900,14.7900,0.00,AMARELO,,Nao,Nao
1104,LEGUMES,Ervilha Torta,SP,,2026-07,13.1067,13.1067,0.00,AMARELO,,Nao,Nao
1092,VERDURAS,Escarola,SP,,2026-06,26.5500,26.5500,0.00,AMARELO,,Nao,Nao
1092,VERDURAS,Escarola,SP,,2026-07,33.0500,33.0500,0.00,AMARELO,,Nao,Nao
972,VERDURAS,Espinafre,SP,,2026-07,33.8200,33.8200,0.00,AMARELO,,Nao,Nao
972,VERDURAS,Espinafre,SP,,2026-06,31.8750,31.8750,0.00,AMARELO,,Nao,Nao
974,VERDURAS,Espinafre Hidropônico,SP,,2026-07,46.7500,46.7500,0.00,AMARELO,,Nao,Nao
974,VERDURAS,Espinafre Hidropônico,SP,,2026-06,48.1100,48.1100,0.00,AMARELO,,Nao,Nao
1173,VERDURAS,Estragão,SP,,2026-06,4.5000,4.5000,0.00,AMARELO,,Nao,Nao
1173,VERDURAS,Estragão,SP,,2026-07,5.5000,5.5000,0.00,AMARELO,,Nao,Nao
817,CEREAIS_GRAOS,FARINHA DE MANDIOCA - CRUA FINA,SP,CÂNDIDO MOTA-SP,2025-06,2.4300,2.2943,5.91,AMARELO,,Nao,Nao
817,CEREAIS_GRAOS,FARINHA DE MANDIOCA - CRUA FINA,SP,CÂNDIDO MOTA-SP,2025-07,2.0600,2.2943,-10.21,AMARELO,,Nao,Nao
817,CEREAIS_GRAOS,FARINHA DE MANDIOCA - CRUA FINA,SP,CÂNDIDO MOTA-SP,2025-09,2.3000,2.2943,0.25,AMARELO,,Nao,Nao
817,CEREAIS_GRAOS,FARINHA DE MANDIOCA - CRUA FINA,SP,CÂNDIDO MOTA-SP,2025-10,2.5700,2.2943,12.02,AMARELO,,Nao,Nao
817,CEREAIS_GRAOS,FARINHA DE MANDIOCA - CRUA FINA,SP,CÂNDIDO MOTA-SP,2025-11,2.4100,2.2943,5.04,AMARELO,,Nao,Nao
817,CEREAIS_GRAOS,FARINHA DE MANDIOCA - CRUA FINA,SP,CÂNDIDO MOTA-SP,2025-12,2.3400,2.2943,1.99,AMARELO,,Nao,Nao
817,CEREAIS_GRAOS,FARINHA DE MANDIOCA - CRUA FINA,SP,,2025-06,2.5600,2.4529,4.37,AMARELO,,Nao,Nao
817,CEREAIS_GRAOS,FARINHA DE MANDIOCA - CRUA FINA,SP,,2025-07,2.0900,2.4529,-14.79,AMARELO,,Nao,Nao
817,CEREAIS_GRAOS,FARINHA DE MANDIOCA - CRUA FINA,SP,,2025-08,2.1000,2.4529,-14.39,AMARELO,,Nao,Nao
817,CEREAIS_GRAOS,FARINHA DE MANDIOCA - CRUA FINA,SP,,2025-09,2.5100,2.4529,2.33,AMARELO,,Nao,Nao
817,CEREAIS_GRAOS,FARINHA DE MANDIOCA - CRUA FINA,SP,,2025-10,2.7800,2.4529,13.34,AMARELO,,Nao,Nao
817,CEREAIS_GRAOS,FARINHA DE MANDIOCA - CRUA FINA,SP,,2025-11,2.5700,2.4529,4.77,AMARELO,,Nao,Nao
817,CEREAIS_GRAOS,FARINHA DE MANDIOCA - CRUA FINA,SP,,2025-12,2.5600,2.4529,4.37,AMARELO,,Nao,Nao
817,CEREAIS_GRAOS,FARINHA DE MANDIOCA - CRUA FINA,SP,,2026-01,2.4300,2.4529,-0.93,AMARELO,,Nao,Nao
817,CEREAIS_GRAOS,FARINHA DE MANDIOCA - CRUA FINA,SP,,2026-02,2.2600,2.4529,-7.86,AMARELO,,Nao,Nao
817,CEREAIS_GRAOS,FARINHA DE MANDIOCA - CRUA FINA,SP,,2026-03,2.3900,2.4529,-2.56,AMARELO,,Nao,Nao
817,CEREAIS_GRAOS,FARINHA DE MANDIOCA - CRUA FINA,SP,,2026-04,2.6000,2.4529,6.00,AMARELO,,Nao,Nao
817,CEREAIS_GRAOS,FARINHA DE MANDIOCA - CRUA FINA,SP,PRESIDENTE PRUDENTE-SP,2025-06,2.7000,2.6129,3.33,AMARELO,,Nao,Nao
817,CEREAIS_GRAOS,FARINHA DE MANDIOCA - CRUA FINA,SP,PRESIDENTE PRUDENTE-SP,2025-08,2.2400,2.6129,-14.27,AMARELO,,Nao,Nao
817,CEREAIS_GRAOS,FARINHA DE MANDIOCA - CRUA FINA,SP,PRESIDENTE PRUDENTE-SP,2025-09,2.7300,2.6129,4.48,AMARELO,,Nao,Nao
817,CEREAIS_GRAOS,FARINHA DE MANDIOCA - CRUA FINA,SP,PRESIDENTE PRUDENTE-SP,2025-10,3.0000,2.6129,14.81,AMARELO,,Nao,Nao
817,CEREAIS_GRAOS,FARINHA DE MANDIOCA - CRUA FINA,SP,PRESIDENTE PRUDENTE-SP,2025-11,2.7300,2.6129,4.48,AMARELO,,Nao,Nao
817,CEREAIS_GRAOS,FARINHA DE MANDIOCA - CRUA FINA,SP,PRESIDENTE PRUDENTE-SP,2025-12,2.7700,2.6129,6.01,AMARELO,,Nao,Nao
777,CEREAIS_GRAOS,FARINHA DE MANDIOCA - FINA TIPO 1 SECA,SP,,2025-06,9.4500,8.9333,5.78,AMARELO,,Sim,Nao
777,CEREAIS_GRAOS,FARINHA DE MANDIOCA - FINA TIPO 1 SECA,SP,,2025-07,8.7000,8.9333,-2.61,AMARELO,,Sim,Nao
777,CEREAIS_GRAOS,FARINHA DE MANDIOCA - FINA TIPO 1 SECA,SP,,2025-08,8.6500,8.9333,-3.17,AMARELO,,Sim,Nao
777,CEREAIS_GRAOS,FARINHA DE MANDIOCA - FINA TIPO 1 SECA,SP,SÃO PAULO-SP,2025-08,8.6500,8.9333,-3.17,AMARELO,,Sim,Nao
777,CEREAIS_GRAOS,FARINHA DE MANDIOCA - FINA TIPO 1 SECA,SP,SÃO PAULO-SP,2025-07,8.7000,8.9333,-2.61,AMARELO,,Sim,Nao
777,CEREAIS_GRAOS,FARINHA DE MANDIOCA - FINA TIPO 1 SECA,SP,SÃO PAULO-SP,2025-06,9.4500,8.9333,5.78,AMARELO,,Sim,Nao
894,CEREAIS_GRAOS,FARINHA DE MANDIOCA - FINA TIPO 1 SECA BRA,SP,,2025-06,4.2800,3.7743,13.40,AMARELO,,Nao,Nao
894,CEREAIS_GRAOS,FARINHA DE MANDIOCA - FINA TIPO 1 SECA BRA,SP,SÃO PAULO-SP,2025-06,4.2800,3.7743,13.40,AMARELO,,Nao,Nao
894,CEREAIS_GRAOS,FARINHA DE MANDIOCA - FINA TIPO 1 SECA BRA,SP,SÃO PAULO-SP,2025-07,3.8900,3.7743,3.07,AMARELO,,Nao,Nao
894,CEREAIS_GRAOS,FARINHA DE MANDIOCA - FINA TIPO 1 SECA BRA,SP,SÃO PAULO-SP,2025-08,3.6100,3.7743,-4.35,AMARELO,,Nao,Nao
894,CEREAIS_GRAOS,FARINHA DE MANDIOCA - FINA TIPO 1 SECA BRA,SP,SÃO PAULO-SP,2025-09,3.7200,3.7743,-1.44,AMARELO,,Nao,Nao
894,CEREAIS_GRAOS,FARINHA DE MANDIOCA - FINA TIPO 1 SECA BRA,SP,SÃO PAULO-SP,2025-10,3.5400,3.7743,-6.21,AMARELO,,Nao,Nao
894,CEREAIS_GRAOS,FARINHA DE MANDIOCA - FINA TIPO 1 SECA BRA,SP,,2025-10,3.5400,3.7743,-6.21,AMARELO,,Nao,Nao
894,CEREAIS_GRAOS,FARINHA DE MANDIOCA - FINA TIPO 1 SECA BRA,SP,,2025-11,3.7600,3.7743,-0.38,AMARELO,,Nao,Nao
894,CEREAIS_GRAOS,FARINHA DE MANDIOCA - FINA TIPO 1 SECA BRA,SP,,2025-12,3.6200,3.7743,-4.09,AMARELO,,Nao,Nao
894,CEREAIS_GRAOS,FARINHA DE MANDIOCA - FINA TIPO 1 SECA BRA,SP,,2025-07,3.8900,3.7743,3.07,AMARELO,,Nao,Nao
894,CEREAIS_GRAOS,FARINHA DE MANDIOCA - FINA TIPO 1 SECA BRA,SP,SÃO PAULO-SP,2025-11,3.7600,3.7743,-0.38,AMARELO,,Nao,Nao
894,CEREAIS_GRAOS,FARINHA DE MANDIOCA - FINA TIPO 1 SECA BRA,SP,SÃO PAULO-SP,2025-12,3.6200,3.7743,-4.09,AMARELO,,Nao,Nao
894,CEREAIS_GRAOS,FARINHA DE MANDIOCA - FINA TIPO 1 SECA BRA,SP,,2025-08,3.6100,3.7743,-4.35,AMARELO,,Nao,Nao
894,CEREAIS_GRAOS,FARINHA DE MANDIOCA - FINA TIPO 1 SECA BRA,SP,,2025-09,3.7200,3.7743,-1.44,AMARELO,,Nao,Nao
840,CEREAIS_GRAOS,FARINHA DE MANDIOCA - TORRADA,SP,,2025-10,2.9700,2.6957,10.18,AMARELO,,Nao,Nao
840,CEREAIS_GRAOS,FARINHA DE MANDIOCA - TORRADA,SP,,2025-11,2.9100,2.6957,7.95,AMARELO,,Nao,Nao
840,CEREAIS_GRAOS,FARINHA DE MANDIOCA - TORRADA,SP,,2025-12,2.8700,2.6957,6.47,AMARELO,,Nao,Nao
840,CEREAIS_GRAOS,FARINHA DE MANDIOCA - TORRADA,SP,,2026-01,2.7900,2.6957,3.50,AMARELO,,Nao,Nao
840,CEREAIS_GRAOS,FARINHA DE MANDIOCA - TORRADA,SP,,2026-02,2.6900,2.6957,-0.21,AMARELO,,Nao,Nao
840,CEREAIS_GRAOS,FARINHA DE MANDIOCA - TORRADA,SP,,2026-03,2.7400,2.6957,1.64,AMARELO,,Nao,Nao
840,CEREAIS_GRAOS,FARINHA DE MANDIOCA - TORRADA,SP,,2026-04,2.7800,2.6957,3.13,AMARELO,,Nao,Nao
840,CEREAIS_GRAOS,FARINHA DE MANDIOCA - TORRADA,SP,PRESIDENTE PRUDENTE-SP,2025-06,2.9000,2.8771,0.80,AMARELO,,Nao,Nao
840,CEREAIS_GRAOS,FARINHA DE MANDIOCA - TORRADA,SP,PRESIDENTE PRUDENTE-SP,2025-09,3.0000,2.8771,4.27,AMARELO,,Nao,Nao
840,CEREAIS_GRAOS,FARINHA DE MANDIOCA - TORRADA,SP,PRESIDENTE PRUDENTE-SP,2025-10,3.3000,2.8771,14.70,AMARELO,,Nao,Nao
840,CEREAIS_GRAOS,FARINHA DE MANDIOCA - TORRADA,SP,PRESIDENTE PRUDENTE-SP,2025-11,3.1000,2.8771,7.75,AMARELO,,Nao,Nao
840,CEREAIS_GRAOS,FARINHA DE MANDIOCA - TORRADA,SP,PRESIDENTE PRUDENTE-SP,2025-12,3.1300,2.8771,8.79,AMARELO,,Nao,Nao
840,CEREAIS_GRAOS,FARINHA DE MANDIOCA - TORRADA,SP,CÂNDIDO MOTA-SP,2025-06,2.6300,2.5143,4.60,AMARELO,,Nao,Nao
840,CEREAIS_GRAOS,FARINHA DE MANDIOCA - TORRADA,SP,CÂNDIDO MOTA-SP,2025-07,2.2000,2.5143,-12.50,AMARELO,,Nao,Nao
840,CEREAIS_GRAOS,FARINHA DE MANDIOCA - TORRADA,SP,CÂNDIDO MOTA-SP,2025-08,2.2000,2.5143,-12.50,AMARELO,,Nao,Nao
840,CEREAIS_GRAOS,FARINHA DE MANDIOCA - TORRADA,SP,CÂNDIDO MOTA-SP,2025-10,2.6300,2.5143,4.60,AMARELO,,Nao,Nao
840,CEREAIS_GRAOS,FARINHA DE MANDIOCA - TORRADA,SP,CÂNDIDO MOTA-SP,2025-09,2.6100,2.5143,3.81,AMARELO,,Nao,Nao
840,CEREAIS_GRAOS,FARINHA DE MANDIOCA - TORRADA,SP,CÂNDIDO MOTA-SP,2025-11,2.7300,2.5143,8.58,AMARELO,,Nao,Nao
840,CEREAIS_GRAOS,FARINHA DE MANDIOCA - TORRADA,SP,CÂNDIDO MOTA-SP,2025-12,2.6000,2.5143,3.41,AMARELO,,Nao,Nao
840,CEREAIS_GRAOS,FARINHA DE MANDIOCA - TORRADA,SP,,2025-06,2.7600,2.6957,2.39,AMARELO,,Nao,Nao
840,CEREAIS_GRAOS,FARINHA DE MANDIOCA - TORRADA,SP,,2025-08,2.3200,2.6957,-13.94,AMARELO,,Nao,Nao
840,CEREAIS_GRAOS,FARINHA DE MANDIOCA - TORRADA,SP,,2025-09,2.8000,2.6957,3.87,AMARELO,,Nao,Nao
838,CEREAIS_GRAOS,FARINHA DE TRIGO - NÃO INFORMADO,SP,SÃO PAULO-SP,2026-05,5.2600,5.3356,-1.42,AMARELO,,Sim,Nao
838,CEREAIS_GRAOS,FARINHA DE TRIGO - NÃO INFORMADO,SP,SÃO PAULO-SP,2026-04,5.2800,5.3356,-1.04,AMARELO,,Sim,Nao
838,CEREAIS_GRAOS,FARINHA DE TRIGO - NÃO INFORMADO,SP,SÃO PAULO-SP,2026-03,5.2600,5.3356,-1.42,AMARELO,,Sim,Nao
838,CEREAIS_GRAOS,FARINHA DE TRIGO - NÃO INFORMADO,SP,SÃO PAULO-SP,2026-02,5.2600,5.3356,-1.42,AMARELO,,Sim,Nao
838,CEREAIS_GRAOS,FARINHA DE TRIGO - NÃO INFORMADO,SP,SÃO PAULO-SP,2026-01,5.2800,5.3356,-1.04,AMARELO,,Sim,Nao
838,CEREAIS_GRAOS,FARINHA DE TRIGO - NÃO INFORMADO,SP,SÃO PAULO-SP,2025-12,5.3500,5.3356,0.27,AMARELO,,Sim,Nao
838,CEREAIS_GRAOS,FARINHA DE TRIGO - NÃO INFORMADO,SP,SÃO PAULO-SP,2025-11,5.4100,5.3356,1.39,AMARELO,,Sim,Nao
838,CEREAIS_GRAOS,FARINHA DE TRIGO - NÃO INFORMADO,SP,SÃO PAULO-SP,2025-10,5.4700,5.3356,2.52,AMARELO,,Sim,Nao
838,CEREAIS_GRAOS,FARINHA DE TRIGO - NÃO INFORMADO,SP,SÃO PAULO-SP,2025-09,5.4500,5.3356,2.14,AMARELO,,Sim,Nao
838,CEREAIS_GRAOS,FARINHA DE TRIGO - NÃO INFORMADO,SP,,2025-09,5.4500,5.3356,2.14,AMARELO,,Sim,Nao
838,CEREAIS_GRAOS,FARINHA DE TRIGO - NÃO INFORMADO,SP,,2025-10,5.4700,5.3356,2.52,AMARELO,,Sim,Nao
838,CEREAIS_GRAOS,FARINHA DE TRIGO - NÃO INFORMADO,SP,,2025-11,5.4100,5.3356,1.39,AMARELO,,Sim,Nao
838,CEREAIS_GRAOS,FARINHA DE TRIGO - NÃO INFORMADO,SP,,2025-12,5.3500,5.3356,0.27,AMARELO,,Sim,Nao
838,CEREAIS_GRAOS,FARINHA DE TRIGO - NÃO INFORMADO,SP,,2026-01,5.2800,5.3356,-1.04,AMARELO,,Sim,Nao
838,CEREAIS_GRAOS,FARINHA DE TRIGO - NÃO INFORMADO,SP,,2026-02,5.2600,5.3356,-1.42,AMARELO,,Sim,Nao
838,CEREAIS_GRAOS,FARINHA DE TRIGO - NÃO INFORMADO,SP,,2026-03,5.2600,5.3356,-1.42,AMARELO,,Sim,Nao
838,CEREAIS_GRAOS,FARINHA DE TRIGO - NÃO INFORMADO,SP,,2026-04,5.2800,5.3356,-1.04,AMARELO,,Sim,Nao
838,CEREAIS_GRAOS,FARINHA DE TRIGO - NÃO INFORMADO,SP,,2026-05,5.2600,5.3356,-1.42,AMARELO,,Sim,Nao
857,CEREAIS_GRAOS,FARINHA DE TRIGO - SEM FERMENTO,SP,,2025-07,5.0300,4.5657,10.17,AMARELO,,Nao,Nao
857,CEREAIS_GRAOS,FARINHA DE TRIGO - SEM FERMENTO,SP,SÃO PAULO-SP,2025-06,4.7900,4.2157,13.62,AMARELO,,Nao,Nao
857,CEREAIS_GRAOS,FARINHA DE TRIGO - SEM FERMENTO,SP,SÃO PAULO-SP,2025-08,3.8900,4.2157,-7.73,AMARELO,,Nao,Nao
857,CEREAIS_GRAOS,FARINHA DE TRIGO - SEM FERMENTO,SP,SÃO PAULO-SP,2025-09,3.9700,4.2157,-5.83,AMARELO,,Nao,Nao
857,CEREAIS_GRAOS,FARINHA DE TRIGO - SEM FERMENTO,SP,SÃO PAULO-SP,2025-11,4.8000,4.2157,13.86,AMARELO,,Nao,Nao
857,CEREAIS_GRAOS,FARINHA DE TRIGO - SEM FERMENTO,SP,,2025-06,4.7900,4.5657,4.91,AMARELO,,Nao,Nao
857,CEREAIS_GRAOS,FARINHA DE TRIGO - SEM FERMENTO,SP,,2025-08,4.9300,4.5657,7.98,AMARELO,,Nao,Nao
857,CEREAIS_GRAOS,FARINHA DE TRIGO - SEM FERMENTO,SP,,2025-10,4.6300,4.5657,1.41,AMARELO,,Nao,Nao
857,CEREAIS_GRAOS,FARINHA DE TRIGO - SEM FERMENTO,SP,,2025-11,4.8000,4.5657,5.13,AMARELO,,Nao,Nao
857,CEREAIS_GRAOS,FARINHA DE TRIGO - SEM FERMENTO,SP,,2025-12,4.3500,4.5657,-4.72,AMARELO,,Nao,Nao
822,ALIMENTO_VAREJO,FEIJAO - COMUM CORES,SP,TAQUARITUBA-SP,2025-12,3.9800,3.7786,5.33,AMARELO,,Nao,Nao
822,ALIMENTO_VAREJO,FEIJAO - COMUM CORES,SP,TAQUARITUBA-SP,2025-11,4.0700,3.7786,7.71,AMARELO,,Nao,Nao
822,ALIMENTO_VAREJO,FEIJAO - COMUM CORES,SP,TAQUARITUBA-SP,2025-10,3.9000,3.7786,3.21,AMARELO,,Nao,Nao
822,ALIMENTO_VAREJO,FEIJAO - COMUM CORES,SP,TAQUARITUBA-SP,2025-09,3.9400,3.7786,4.27,AMARELO,,Nao,Nao
822,ALIMENTO_VAREJO,FEIJAO - COMUM CORES,SP,TAQUARITUBA-SP,2025-08,3.5600,3.7786,-5.79,AMARELO,,Nao,Nao
822,ALIMENTO_VAREJO,FEIJAO - COMUM CORES,SP,TAQUARITUBA-SP,2025-07,3.3500,3.7786,-11.34,AMARELO,,Nao,Nao
822,ALIMENTO_VAREJO,FEIJAO - COMUM CORES,SP,TAQUARITUBA-SP,2025-06,3.6500,3.7786,-3.40,AMARELO,,Nao,Nao
822,ALIMENTO_VAREJO,FEIJAO - COMUM CORES,SP,ITAÍ-SP,2025-12,4.0800,3.9500,3.29,AMARELO,,Nao,Nao
822,ALIMENTO_VAREJO,FEIJAO - COMUM CORES,SP,ITAÍ-SP,2025-11,4.2300,3.9500,7.09,AMARELO,,Nao,Nao
822,ALIMENTO_VAREJO,FEIJAO - COMUM CORES,SP,ITAÍ-SP,2025-10,4.1700,3.9500,5.57,AMARELO,,Nao,Nao
822,ALIMENTO_VAREJO,FEIJAO - COMUM CORES,SP,ITAÍ-SP,2025-09,4.2400,3.9500,7.34,AMARELO,,Nao,Nao
822,ALIMENTO_VAREJO,FEIJAO - COMUM CORES,SP,ITAÍ-SP,2025-08,3.7900,3.9500,-4.05,AMARELO,,Nao,Nao
822,ALIMENTO_VAREJO,FEIJAO - COMUM CORES,SP,ITAÍ-SP,2025-07,3.5800,3.9500,-9.37,AMARELO,,Nao,Nao
822,ALIMENTO_VAREJO,FEIJAO - COMUM CORES,SP,ITAÍ-SP,2025-06,3.5600,3.9500,-9.87,AMARELO,,Nao,Nao
822,ALIMENTO_VAREJO,FEIJAO - COMUM CORES,SP,,2026-01,3.9100,3.8614,1.26,AMARELO,,Nao,Nao
822,ALIMENTO_VAREJO,FEIJAO - COMUM CORES,SP,,2025-12,4.0300,3.8614,4.37,AMARELO,,Nao,Nao
822,ALIMENTO_VAREJO,FEIJAO - COMUM CORES,SP,,2025-11,4.1500,3.8614,7.47,AMARELO,,Nao,Nao
822,ALIMENTO_VAREJO,FEIJAO - COMUM CORES,SP,,2025-10,4.0300,3.8614,4.37,AMARELO,,Nao,Nao
822,ALIMENTO_VAREJO,FEIJAO - COMUM CORES,SP,,2025-09,4.0900,3.8614,5.92,AMARELO,,Nao,Nao
822,ALIMENTO_VAREJO,FEIJAO - COMUM CORES,SP,,2025-08,3.6700,3.8614,-4.96,AMARELO,,Nao,Nao
822,ALIMENTO_VAREJO,FEIJAO - COMUM CORES,SP,,2025-07,3.4600,3.8614,-10.40,AMARELO,,Nao,Nao
822,ALIMENTO_VAREJO,FEIJAO - COMUM CORES,SP,,2025-06,3.6000,3.8614,-6.77,AMARELO,,Nao,Nao
768,ALIMENTO_VAREJO,FEIJAO - COMUM CORES TIPO 1,SP,SÃO PAULO-SP,2025-06,6.3800,6.4557,-1.17,AMARELO,,Nao,Nao
768,ALIMENTO_VAREJO,FEIJAO - COMUM CORES TIPO 1,SP,SÃO PAULO-SP,2025-07,5.9600,6.4557,-7.68,AMARELO,,Nao,Nao
768,ALIMENTO_VAREJO,FEIJAO - COMUM CORES TIPO 1,SP,SÃO PAULO-SP,2025-09,6.8400,6.4557,5.95,AMARELO,,Nao,Nao
768,ALIMENTO_VAREJO,FEIJAO - COMUM CORES TIPO 1,SP,SÃO PAULO-SP,2025-10,6.8400,6.4557,5.95,AMARELO,,Nao,Nao
768,ALIMENTO_VAREJO,FEIJAO - COMUM CORES TIPO 1,SP,SÃO PAULO-SP,2025-11,6.8600,6.4557,6.26,AMARELO,,Nao,Nao
768,ALIMENTO_VAREJO,FEIJAO - COMUM CORES TIPO 1,SP,SÃO PAULO-SP,2025-12,6.9100,6.4557,7.04,AMARELO,,Nao,Nao
768,ALIMENTO_VAREJO,FEIJAO - COMUM CORES TIPO 1,SP,SÃO PAULO-SP,2026-01,6.8800,6.4557,6.57,AMARELO,,Nao,Nao
768,ALIMENTO_VAREJO,FEIJAO - COMUM CORES TIPO 1,SP,SÃO PAULO-SP,2026-02,7.3600,6.4557,14.01,AMARELO,,Nao,Nao
768,ALIMENTO_VAREJO,FEIJAO - COMUM CORES TIPO 1,SP,,2025-06,6.1700,5.9629,3.47,AMARELO,,Nao,Nao
768,ALIMENTO_VAREJO,FEIJAO - COMUM CORES TIPO 1,SP,,2025-07,5.8200,5.9629,-2.40,AMARELO,,Nao,Nao
768,ALIMENTO_VAREJO,FEIJAO - COMUM CORES TIPO 1,SP,,2025-08,5.4000,5.9629,-9.44,AMARELO,,Nao,Nao
768,ALIMENTO_VAREJO,FEIJAO - COMUM CORES TIPO 1,SP,,2025-09,6.8400,5.9629,14.71,AMARELO,,Nao,Nao
768,ALIMENTO_VAREJO,FEIJAO - COMUM CORES TIPO 1,SP,,2025-10,5.2900,5.9629,-11.28,AMARELO,,Nao,Nao
768,ALIMENTO_VAREJO,FEIJAO - COMUM CORES TIPO 1,SP,,2025-11,5.3100,5.9629,-10.95,AMARELO,,Nao,Nao
776,ALIMENTO_VAREJO,FEIJAO - COMUM PRETO TIPO 1,SP,,2025-06,5.9200,5.1486,14.98,AMARELO,,Nao,Nao
776,ALIMENTO_VAREJO,FEIJAO - COMUM PRETO TIPO 1,SP,,2025-07,5.0400,5.1486,-2.11,AMARELO,,Nao,Nao
776,ALIMENTO_VAREJO,FEIJAO - COMUM PRETO TIPO 1,SP,,2025-08,4.9200,5.1486,-4.44,AMARELO,,Nao,Nao
776,ALIMENTO_VAREJO,FEIJAO - COMUM PRETO TIPO 1,SP,,2025-09,5.3800,5.1486,4.49,AMARELO,,Nao,Nao
776,ALIMENTO_VAREJO,FEIJAO - COMUM PRETO TIPO 1,SP,,2025-10,5.0200,5.1486,-2.50,AMARELO,,Nao,Nao
776,ALIMENTO_VAREJO,FEIJAO - COMUM PRETO TIPO 1,SP,,2025-11,4.9600,5.1486,-3.66,AMARELO,,Nao,Nao
776,ALIMENTO_VAREJO,FEIJAO - COMUM PRETO TIPO 1,SP,,2025-12,4.8000,5.1486,-6.77,AMARELO,,Nao,Nao
776,ALIMENTO_VAREJO,FEIJAO - COMUM PRETO TIPO 1,SP,SÃO PAULO-SP,2025-06,5.9200,5.1643,14.63,AMARELO,,Nao,Nao
776,ALIMENTO_VAREJO,FEIJAO - COMUM PRETO TIPO 1,SP,SÃO PAULO-SP,2025-07,5.1500,5.1643,-0.28,AMARELO,,Nao,Nao
776,ALIMENTO_VAREJO,FEIJAO - COMUM PRETO TIPO 1,SP,SÃO PAULO-SP,2025-08,4.9200,5.1643,-4.73,AMARELO,,Nao,Nao
776,ALIMENTO_VAREJO,FEIJAO - COMUM PRETO TIPO 1,SP,SÃO PAULO-SP,2025-09,5.3800,5.1643,4.18,AMARELO,,Nao,Nao
776,ALIMENTO_VAREJO,FEIJAO - COMUM PRETO TIPO 1,SP,SÃO PAULO-SP,2025-10,5.0200,5.1643,-2.79,AMARELO,,Nao,Nao
776,ALIMENTO_VAREJO,FEIJAO - COMUM PRETO TIPO 1,SP,SÃO PAULO-SP,2025-11,4.9600,5.1643,-3.96,AMARELO,,Nao,Nao
776,ALIMENTO_VAREJO,FEIJAO - COMUM PRETO TIPO 1,SP,SÃO PAULO-SP,2025-12,4.8000,5.1643,-7.05,AMARELO,,Nao,Nao
1044,LEGUMES,Feijão de Corda,SP,,2026-06,4.7800,4.7800,0.00,AMARELO,,Nao,Nao
953,FRUTAS,Figo,SP,,2026-07,29.3300,29.3300,0.00,AMARELO,,Nao,Nao
953,FRUTAS,Figo,SP,,2026-06,30.6600,30.6600,0.00,AMARELO,,Nao,Nao
987,PESCADOS,File de Tilapia,SP,,2026-06,41.7800,41.7800,0.00,AMARELO,,Nao,Nao
987,PESCADOS,File de Tilapia,SP,,2026-07,42.7600,42.7600,0.00,AMARELO,,Nao,Nao
832,ALIMENTO_VAREJO,FLOCOS DE MILHO - PRE-COZIDO,SP,SÃO PAULO-SP,2025-06,7.9600,8.2171,-3.13,AMARELO,,Nao,Nao
832,ALIMENTO_VAREJO,FLOCOS DE MILHO - PRE-COZIDO,SP,SÃO PAULO-SP,2025-07,8.6800,8.2171,5.63,AMARELO,,Nao,Nao
832,ALIMENTO_VAREJO,FLOCOS DE MILHO - PRE-COZIDO,SP,SÃO PAULO-SP,2025-08,8.2200,8.2171,0.04,AMARELO,,Nao,Nao
832,ALIMENTO_VAREJO,FLOCOS DE MILHO - PRE-COZIDO,SP,SÃO PAULO-SP,2025-09,8.2000,8.2171,-0.21,AMARELO,,Nao,Nao
832,ALIMENTO_VAREJO,FLOCOS DE MILHO - PRE-COZIDO,SP,SÃO PAULO-SP,2025-10,8.2400,8.2171,0.28,AMARELO,,Nao,Nao
832,ALIMENTO_VAREJO,FLOCOS DE MILHO - PRE-COZIDO,SP,SÃO PAULO-SP,2025-11,8.0000,8.2171,-2.64,AMARELO,,Nao,Nao
832,ALIMENTO_VAREJO,FLOCOS DE MILHO - PRE-COZIDO,SP,SÃO PAULO-SP,2025-12,8.2200,8.2171,0.04,AMARELO,,Nao,Nao
832,ALIMENTO_VAREJO,FLOCOS DE MILHO - PRE-COZIDO,SP,,2025-06,8.1300,8.1729,-0.52,AMARELO,,Nao,Nao
832,ALIMENTO_VAREJO,FLOCOS DE MILHO - PRE-COZIDO,SP,,2025-07,8.6800,8.1729,6.20,AMARELO,,Nao,Nao
832,ALIMENTO_VAREJO,FLOCOS DE MILHO - PRE-COZIDO,SP,,2025-08,7.7400,8.1729,-5.30,AMARELO,,Nao,Nao
832,ALIMENTO_VAREJO,FLOCOS DE MILHO - PRE-COZIDO,SP,,2025-09,8.2000,8.1729,0.33,AMARELO,,Nao,Nao
832,ALIMENTO_VAREJO,FLOCOS DE MILHO - PRE-COZIDO,SP,,2025-10,8.2400,8.1729,0.82,AMARELO,,Nao,Nao
832,ALIMENTO_VAREJO,FLOCOS DE MILHO - PRE-COZIDO,SP,,2025-11,8.0000,8.1729,-2.12,AMARELO,,Nao,Nao
832,ALIMENTO_VAREJO,FLOCOS DE MILHO - PRE-COZIDO,SP,,2025-12,8.2200,8.1729,0.58,AMARELO,,Nao,Nao
2438,FRUTAS,Framboesa,SP,,2026-07,200.0000,200.0000,0.00,AMARELO,,Nao,Nao
912,PROTEINAS,FRANGO - VIVO,SP,,2025-08,5.6800,5.8514,-2.93,AMARELO,,Nao,Nao
912,PROTEINAS,FRANGO - VIVO,SP,,2025-06,5.5900,5.8514,-4.47,AMARELO,,Nao,Nao
912,PROTEINAS,FRANGO - VIVO,SP,,2025-12,5.7800,5.8514,-1.22,AMARELO,,Nao,Nao
912,PROTEINAS,FRANGO - VIVO,SP,,2025-11,6.1200,5.8514,4.59,AMARELO,,Nao,Nao
912,PROTEINAS,FRANGO - VIVO,SP,,2025-10,6.2700,5.8514,7.15,AMARELO,,Nao,Nao
912,PROTEINAS,FRANGO - VIVO,SP,,2025-09,5.7700,5.8514,-1.39,AMARELO,,Nao,Nao
912,PROTEINAS,FRANGO - VIVO,SP,,2025-07,5.7500,5.8514,-1.73,AMARELO,,Nao,Nao
912,PROTEINAS,FRANGO - VIVO,SP,LIMEIRA-SP,2025-06,5.5000,5.8071,-5.29,AMARELO,,Nao,Nao
912,PROTEINAS,FRANGO - VIVO,SP,LIMEIRA-SP,2025-07,5.7800,5.8071,-0.47,AMARELO,,Nao,Nao
912,PROTEINAS,FRANGO - VIVO,SP,LIMEIRA-SP,2025-08,5.7500,5.8071,-0.98,AMARELO,,Nao,Nao
912,PROTEINAS,FRANGO - VIVO,SP,LIMEIRA-SP,2025-09,5.5600,5.8071,-4.26,AMARELO,,Nao,Nao
912,PROTEINAS,FRANGO - VIVO,SP,LIMEIRA-SP,2025-10,6.1400,5.8071,5.73,AMARELO,,Nao,Nao
912,PROTEINAS,FRANGO - VIVO,SP,LIMEIRA-SP,2025-11,6.0800,5.8071,4.70,AMARELO,,Nao,Nao
912,PROTEINAS,FRANGO - VIVO,SP,LIMEIRA-SP,2025-12,5.8400,5.8071,0.57,AMARELO,,Nao,Nao
912,PROTEINAS,FRANGO - VIVO,SP,ARARAQUARA-SP,2025-12,5.7200,5.8929,-2.93,AMARELO,,Nao,Nao
912,PROTEINAS,FRANGO - VIVO,SP,ARARAQUARA-SP,2025-11,6.1500,5.8929,4.36,AMARELO,,Nao,Nao
912,PROTEINAS,FRANGO - VIVO,SP,ARARAQUARA-SP,2025-10,6.4000,5.8929,8.61,AMARELO,,Nao,Nao
912,PROTEINAS,FRANGO - VIVO,SP,ARARAQUARA-SP,2025-09,5.9800,5.8929,1.48,AMARELO,,Nao,Nao
912,PROTEINAS,FRANGO - VIVO,SP,ARARAQUARA-SP,2025-08,5.6000,5.8929,-4.97,AMARELO,,Nao,Nao
912,PROTEINAS,FRANGO - VIVO,SP,ARARAQUARA-SP,2025-07,5.7200,5.8929,-2.93,AMARELO,,Nao,Nao
912,PROTEINAS,FRANGO - VIVO,SP,ARARAQUARA-SP,2025-06,5.6800,5.8929,-3.61,AMARELO,,Nao,Nao
912,PROTEINAS,FRANGO - VIVO,SP,,2026-04,5.8300,5.8514,-0.37,AMARELO,,Nao,Nao
912,PROTEINAS,FRANGO - VIVO,SP,,2026-03,5.7600,5.8514,-1.56,AMARELO,,Nao,Nao
912,PROTEINAS,FRANGO - VIVO,SP,,2026-02,5.6700,5.8514,-3.10,AMARELO,,Nao,Nao
912,PROTEINAS,FRANGO - VIVO,SP,,2026-01,5.4900,5.8514,-6.18,AMARELO,,Nao,Nao
1061,LEGUMES,Gengibre,SP,,2026-07,4.2100,4.2100,0.00,AMARELO,,Nao,Nao
1061,LEGUMES,Gengibre,SP,,2026-06,4.3100,4.3100,0.00,AMARELO,,Nao,Nao
1045,VERDURAS,Gobô,SP,,2026-07,23.0000,23.0000,0.00,AMARELO,,Nao,Nao
1045,VERDURAS,Gobô,SP,,2026-06,23.0000,23.0000,0.00,AMARELO,,Nao,Nao
946,FRUTAS,Goiaba,SP,,2026-07,4.5233,4.5233,0.00,AMARELO,,Nao,Nao
946,FRUTAS,Goiaba,SP,,2026-06,8.0000,8.0000,0.00,AMARELO,,Nao,Nao
962,PESCADOS,Gordinho,SP,,2026-07,6.5000,6.5000,0.00,AMARELO,,Nao,Nao
962,PESCADOS,Gordinho,SP,,2026-06,3.9000,3.9000,0.00,AMARELO,,Nao,Nao
1070,FRUTAS,Granadilla Imp Colômbia,SP,,2026-06,55.0000,55.0000,0.00,AMARELO,,Nao,Nao
1070,FRUTAS,Granadilla Imp Colômbia,SP,,2026-07,49.7000,49.7000,0.00,AMARELO,,Nao,Nao
2440,FRUTAS,Graviola,SP,,2026-07,11.3300,11.3300,0.00,AMARELO,,Nao,Nao
1100,PESCADOS,Guaivira,SP,,2026-06,3.9000,3.9000,0.00,AMARELO,,Nao,Nao
1100,PESCADOS,Guaivira,SP,,2026-07,3.9000,3.9000,0.00,AMARELO,,Nao,Nao
1089,VERDURAS,Hortelã,SP,,2026-06,6.5800,6.5800,0.00,AMARELO,,Nao,Nao
1089,VERDURAS,Hortelã,SP,,2026-07,7.3600,7.3600,0.00,AMARELO,,Nao,Nao
940,LEGUMES,Inhame,SP,,2026-06,4.5000,4.5000,0.00,AMARELO,,Nao,Nao
940,LEGUMES,Inhame,SP,,2026-07,2.8267,2.8267,0.00,AMARELO,,Nao,Nao
975,FRUTAS,Jaca,SP,,2026-06,4.8200,4.8200,0.00,AMARELO,,Nao,Nao
975,FRUTAS,Jaca,SP,,2026-07,6.1200,6.1200,0.00,AMARELO,,Nao,Nao
982,LEGUMES,Jiló,SP,,2026-06,6.6700,6.6700,0.00,AMARELO,,Nao,Nao
982,LEGUMES,Jiló,SP,,2026-07,6.6500,6.6500,0.00,AMARELO,,Nao,Nao
943,FRUTAS,Kiwi Gold NZL Importado,SP,,2026-07,33.5900,33.5900,0.00,AMARELO,,Nao,Nao
943,FRUTAS,Kiwi Gold NZL Importado,SP,,2026-06,33.1800,33.1800,0.00,AMARELO,,Nao,Nao
1686,FRUTAS,Kiwi Green NZL Importado,SP,,2026-06,33.1800,33.1800,0.00,AMARELO,,Nao,Nao
1686,FRUTAS,Kiwi Green NZL Importado,SP,,2026-07,33.5900,33.5900,0.00,AMARELO,,Nao,Nao
2446,FRUTAS,Kiwi Imp Chile,SP,,2026-07,15.0000,15.0000,0.00,AMARELO,,Nao,Nao
2447,FRUTAS,Kiwi Imp Itália,SP,,2026-07,15.0000,15.0000,0.00,AMARELO,,Nao,Nao
1155,FRUTAS,Kiwi Nacional,SP,,2026-06,3.5400,3.5400,0.00,AMARELO,,Nao,Nao
835,FRUTAS,LARANJA - INDÚSTRIA PERA,SP,MOJI MIRIM-SP,2025-08,1.0300,1.0414,-1.09,AMARELO,,Nao,Nao
835,FRUTAS,LARANJA - INDÚSTRIA PERA,SP,MOJI MIRIM-SP,2025-07,0.9300,1.0414,-10.70,AMARELO,,Nao,Nao
835,FRUTAS,LARANJA - INDÚSTRIA PERA,SP,MOJI MIRIM-SP,2025-06,1.1500,1.0414,10.43,AMARELO,,Nao,Nao
835,FRUTAS,LARANJA - INDÚSTRIA PERA,SP,SANTA SALETE-SP,2025-12,1.2600,1.2714,-0.90,AMARELO,,Nao,Nao
835,FRUTAS,LARANJA - INDÚSTRIA PERA,SP,SANTA SALETE-SP,2025-11,1.3600,1.2714,6.97,AMARELO,,Nao,Nao
835,FRUTAS,LARANJA - INDÚSTRIA PERA,SP,SANTA SALETE-SP,2025-10,1.1500,1.2714,-9.55,AMARELO,,Nao,Nao
835,FRUTAS,LARANJA - INDÚSTRIA PERA,SP,SANTA SALETE-SP,2025-08,1.2900,1.2714,1.46,AMARELO,,Nao,Nao
835,FRUTAS,LARANJA - INDÚSTRIA PERA,SP,SANTA SALETE-SP,2025-07,1.2000,1.2714,-5.62,AMARELO,,Nao,Nao
835,FRUTAS,LARANJA - INDÚSTRIA PERA,SP,,2025-11,1.1900,1.1243,5.84,AMARELO,,Nao,Nao
835,FRUTAS,LARANJA - INDÚSTRIA PERA,SP,,2025-10,1.1400,1.1243,1.40,AMARELO,,Nao,Nao
835,FRUTAS,LARANJA - INDÚSTRIA PERA,SP,,2025-09,1.1300,1.1243,0.51,AMARELO,,Nao,Nao
835,FRUTAS,LARANJA - INDÚSTRIA PERA,SP,,2025-08,1.1300,1.1243,0.51,AMARELO,,Nao,Nao
835,FRUTAS,LARANJA - INDÚSTRIA PERA,SP,,2025-07,1.0600,1.1243,-5.72,AMARELO,,Nao,Nao
835,FRUTAS,LARANJA - INDÚSTRIA PERA,SP,,2025-06,1.2900,1.1243,14.74,AMARELO,,Nao,Nao
835,FRUTAS,LARANJA - INDÚSTRIA PERA,SP,BEBEDOURO-SP,2025-11,1.0700,1.1386,-6.02,AMARELO,,Nao,Nao
835,FRUTAS,LARANJA - INDÚSTRIA PERA,SP,BEBEDOURO-SP,2025-10,1.2300,1.1386,8.03,AMARELO,,Nao,Nao
835,FRUTAS,LARANJA - INDÚSTRIA PERA,SP,BEBEDOURO-SP,2025-09,1.2300,1.1386,8.03,AMARELO,,Nao,Nao
835,FRUTAS,LARANJA - INDÚSTRIA PERA,SP,BEBEDOURO-SP,2025-08,1.0900,1.1386,-4.27,AMARELO,,Nao,Nao
835,FRUTAS,LARANJA - INDÚSTRIA PERA,SP,BEBEDOURO-SP,2025-07,1.0900,1.1386,-4.27,AMARELO,,Nao,Nao
835,FRUTAS,LARANJA - INDÚSTRIA PERA,SP,MOJI MIRIM-SP,2025-10,1.0300,1.0414,-1.09,AMARELO,,Nao,Nao
835,FRUTAS,LARANJA - INDÚSTRIA PERA,SP,MOJI MIRIM-SP,2025-09,1.0400,1.0414,-0.13,AMARELO,,Nao,Nao
835,FRUTAS,LARANJA - INDÚSTRIA PERA,SP,ITÁPOLIS-SP,2025-11,1.0400,1.0871,-4.33,AMARELO,,Nao,Nao
835,FRUTAS,LARANJA - INDÚSTRIA PERA,SP,ITÁPOLIS-SP,2025-10,1.2300,1.0871,13.15,AMARELO,,Nao,Nao
835,FRUTAS,LARANJA - INDÚSTRIA PERA,SP,ITÁPOLIS-SP,2025-09,1.2300,1.0871,13.15,AMARELO,,Nao,Nao
835,FRUTAS,LARANJA - INDÚSTRIA PERA,SP,ITÁPOLIS-SP,2025-08,1.1900,1.0871,9.47,AMARELO,,Nao,Nao
835,FRUTAS,LARANJA - INDÚSTRIA PERA,SP,ITÁPOLIS-SP,2025-07,1.0800,1.0871,-0.65,AMARELO,,Nao,Nao
835,FRUTAS,LARANJA - INDÚSTRIA PERA,SP,ITÁPOLIS-SP,2025-06,1.1000,1.0871,1.19,AMARELO,,Nao,Nao
956,FRUTAS,Laranja Baia,SP,,2026-06,2.5000,2.5000,0.00,AMARELO,,Nao,Nao
956,FRUTAS,Laranja Baia,SP,,2026-07,2.6931,2.6931,0.00,AMARELO,,Nao,Nao
1220,FRUTAS,Laranja Baia Importada,SP,,2026-06,2.9800,2.9800,0.00,AMARELO,,Nao,Nao
1083,FRUTAS,Laranja Valência,SP,,2026-06,3.2500,3.2500,0.00,AMARELO,,Nao,Nao
1083,FRUTAS,Laranja Valência,SP,,2026-07,3.0000,3.0000,0.00,AMARELO,,Nao,Nao
789,PROTEINAS,LEITE DE VACA - EM PÓ INTEGRAL,SP,SÃO PAULO-SP,2025-12,37.4900,38.1957,-1.85,AMARELO,,Nao,Nao
789,PROTEINAS,LEITE DE VACA - EM PÓ INTEGRAL,SP,SÃO PAULO-SP,2025-11,37.0600,38.1957,-2.97,AMARELO,,Nao,Nao
789,PROTEINAS,LEITE DE VACA - EM PÓ INTEGRAL,SP,SÃO PAULO-SP,2025-10,38.5300,38.1957,0.88,AMARELO,,Nao,Nao
789,PROTEINAS,LEITE DE VACA - EM PÓ INTEGRAL,SP,SÃO PAULO-SP,2025-09,37.4800,38.1957,-1.87,AMARELO,,Nao,Nao
789,PROTEINAS,LEITE DE VACA - EM PÓ INTEGRAL,SP,SÃO PAULO-SP,2025-08,39.0400,38.1957,2.21,AMARELO,,Nao,Nao
789,PROTEINAS,LEITE DE VACA - EM PÓ INTEGRAL,SP,SÃO PAULO-SP,2025-07,39.4500,38.1957,3.28,AMARELO,,Nao,Nao
789,PROTEINAS,LEITE DE VACA - EM PÓ INTEGRAL,SP,SÃO PAULO-SP,2025-06,38.3200,38.1957,0.33,AMARELO,,Nao,Nao
789,PROTEINAS,LEITE DE VACA - EM PÓ INTEGRAL,SP,,2025-12,37.4900,38.7629,-3.28,AMARELO,,Nao,Nao
789,PROTEINAS,LEITE DE VACA - EM PÓ INTEGRAL,SP,,2025-11,37.0600,38.7629,-4.39,AMARELO,,Nao,Nao
789,PROTEINAS,LEITE DE VACA - EM PÓ INTEGRAL,SP,,2025-10,38.5300,38.7629,-0.60,AMARELO,,Nao,Nao
789,PROTEINAS,LEITE DE VACA - EM PÓ INTEGRAL,SP,,2025-09,37.4800,38.7629,-3.31,AMARELO,,Nao,Nao
789,PROTEINAS,LEITE DE VACA - EM PÓ INTEGRAL,SP,,2025-08,41.2800,38.7629,6.49,AMARELO,,Nao,Nao
789,PROTEINAS,LEITE DE VACA - EM PÓ INTEGRAL,SP,,2025-07,39.4500,38.7629,1.77,AMARELO,,Nao,Nao
789,PROTEINAS,LEITE DE VACA - EM PÓ INTEGRAL,SP,,2025-06,40.0500,38.7629,3.32,AMARELO,,Nao,Nao
865,PROTEINAS,LEITE DE VACA - IN NATURA,SP,CACHOEIRA PAULISTA-SP,2025-11,2.1400,2.1857,-2.09,AMARELO,,Nao,Nao
865,PROTEINAS,LEITE DE VACA - IN NATURA,SP,CACHOEIRA PAULISTA-SP,2025-10,2.1400,2.1857,-2.09,AMARELO,,Nao,Nao
865,PROTEINAS,LEITE DE VACA - IN NATURA,SP,CACHOEIRA PAULISTA-SP,2025-09,2.2800,2.1857,4.31,AMARELO,,Nao,Nao
865,PROTEINAS,LEITE DE VACA - IN NATURA,SP,CACHOEIRA PAULISTA-SP,2025-08,2.3300,2.1857,6.60,AMARELO,,Nao,Nao
865,PROTEINAS,LEITE DE VACA - IN NATURA,SP,CACHOEIRA PAULISTA-SP,2025-07,2.3300,2.1857,6.60,AMARELO,,Nao,Nao
865,PROTEINAS,LEITE DE VACA - IN NATURA,SP,CACHOEIRA PAULISTA-SP,2025-06,2.3300,2.1857,6.60,AMARELO,,Nao,Nao
865,PROTEINAS,LEITE DE VACA - IN NATURA,SP,PINDAMONHANGABA-SP,2025-11,2.0700,2.2386,-7.53,AMARELO,,Nao,Nao
865,PROTEINAS,LEITE DE VACA - IN NATURA,SP,PINDAMONHANGABA-SP,2025-10,2.1800,2.2386,-2.62,AMARELO,,Nao,Nao
865,PROTEINAS,LEITE DE VACA - IN NATURA,SP,PINDAMONHANGABA-SP,2025-09,2.3500,2.2386,4.98,AMARELO,,Nao,Nao
865,PROTEINAS,LEITE DE VACA - IN NATURA,SP,PINDAMONHANGABA-SP,2025-08,2.3600,2.2386,5.42,AMARELO,,Nao,Nao
865,PROTEINAS,LEITE DE VACA - IN NATURA,SP,PINDAMONHANGABA-SP,2025-07,2.3800,2.2386,6.32,AMARELO,,Nao,Nao
865,PROTEINAS,LEITE DE VACA - IN NATURA,SP,PINDAMONHANGABA-SP,2025-06,2.4800,2.2386,10.78,AMARELO,,Nao,Nao
865,PROTEINAS,LEITE DE VACA - IN NATURA,SP,SÃO JOSÉ DOS CAMPOS-SP,2025-12,2.3800,2.6129,-8.91,AMARELO,,Nao,Nao
865,PROTEINAS,LEITE DE VACA - IN NATURA,SP,SÃO JOSÉ DOS CAMPOS-SP,2025-11,2.4800,2.6129,-5.09,AMARELO,,Nao,Nao
865,PROTEINAS,LEITE DE VACA - IN NATURA,SP,SÃO JOSÉ DOS CAMPOS-SP,2025-10,2.6900,2.6129,2.95,AMARELO,,Nao,Nao
865,PROTEINAS,LEITE DE VACA - IN NATURA,SP,SÃO JOSÉ DOS CAMPOS-SP,2025-09,2.6700,2.6129,2.19,AMARELO,,Nao,Nao
865,PROTEINAS,LEITE DE VACA - IN NATURA,SP,SÃO JOSÉ DOS CAMPOS-SP,2025-08,2.6900,2.6129,2.95,AMARELO,,Nao,Nao
865,PROTEINAS,LEITE DE VACA - IN NATURA,SP,SÃO JOSÉ DOS CAMPOS-SP,2025-07,2.6900,2.6129,2.95,AMARELO,,Nao,Nao
865,PROTEINAS,LEITE DE VACA - IN NATURA,SP,SÃO JOSÉ DOS CAMPOS-SP,2025-06,2.6900,2.6129,2.95,AMARELO,,Nao,Nao
865,PROTEINAS,LEITE DE VACA - IN NATURA,SP,,2026-04,2.2200,2.3457,-5.36,AMARELO,,Nao,Nao
865,PROTEINAS,LEITE DE VACA - IN NATURA,SP,,2026-03,2.0400,2.3457,-13.03,AMARELO,,Nao,Nao
865,PROTEINAS,LEITE DE VACA - IN NATURA,SP,,2025-11,2.2200,2.3457,-5.36,AMARELO,,Nao,Nao
865,PROTEINAS,LEITE DE VACA - IN NATURA,SP,,2025-10,2.3400,2.3457,-0.24,AMARELO,,Nao,Nao
865,PROTEINAS,LEITE DE VACA - IN NATURA,SP,,2025-09,2.4400,2.3457,4.02,AMARELO,,Nao,Nao
865,PROTEINAS,LEITE DE VACA - IN NATURA,SP,,2025-08,2.4600,2.3457,4.87,AMARELO,,Nao,Nao
865,PROTEINAS,LEITE DE VACA - IN NATURA,SP,,2025-07,2.4700,2.3457,5.30,AMARELO,,Nao,Nao
865,PROTEINAS,LEITE DE VACA - IN NATURA,SP,,2025-06,2.5000,2.3457,6.58,AMARELO,,Nao,Nao
786,PROTEINAS,LEITE DE VACA - LONGA VIDA INTEGRAL,SP,,2026-02,6.1900,5.5343,11.85,AMARELO,,Nao,Nao
786,PROTEINAS,LEITE DE VACA - LONGA VIDA INTEGRAL,SP,,2026-01,6.1600,5.5343,11.31,AMARELO,,Nao,Nao
786,PROTEINAS,LEITE DE VACA - LONGA VIDA INTEGRAL,SP,,2025-09,5.1000,5.5343,-7.85,AMARELO,,Nao,Nao
786,PROTEINAS,LEITE DE VACA - LONGA VIDA INTEGRAL,SP,,2025-08,5.3000,5.5343,-4.23,AMARELO,,Nao,Nao
786,PROTEINAS,LEITE DE VACA - LONGA VIDA INTEGRAL,SP,,2025-07,5.3000,5.5343,-4.23,AMARELO,,Nao,Nao
786,PROTEINAS,LEITE DE VACA - LONGA VIDA INTEGRAL,SP,,2025-06,5.2100,5.5343,-5.86,AMARELO,,Nao,Nao
786,PROTEINAS,LEITE DE VACA - LONGA VIDA INTEGRAL,SP,SÃO PAULO-SP,2026-03,6.4900,6.0529,7.22,AMARELO,,Nao,Nao
786,PROTEINAS,LEITE DE VACA - LONGA VIDA INTEGRAL,SP,SÃO PAULO-SP,2026-02,6.1900,6.0529,2.27,AMARELO,,Nao,Nao
786,PROTEINAS,LEITE DE VACA - LONGA VIDA INTEGRAL,SP,SÃO PAULO-SP,2026-01,6.1600,6.0529,1.77,AMARELO,,Nao,Nao
786,PROTEINAS,LEITE DE VACA - LONGA VIDA INTEGRAL,SP,SÃO PAULO-SP,2025-12,6.3600,6.0529,5.07,AMARELO,,Nao,Nao
786,PROTEINAS,LEITE DE VACA - LONGA VIDA INTEGRAL,SP,SÃO PAULO-SP,2025-11,6.5900,6.0529,8.87,AMARELO,,Nao,Nao
786,PROTEINAS,LEITE DE VACA - LONGA VIDA INTEGRAL,SP,SÃO PAULO-SP,2025-10,6.7900,6.0529,12.18,AMARELO,,Nao,Nao
786,PROTEINAS,LEITE DE VACA - LONGA VIDA INTEGRAL,SP,SÃO PAULO-SP,2025-09,6.8200,6.0529,12.67,AMARELO,,Nao,Nao
786,PROTEINAS,LEITE DE VACA - LONGA VIDA INTEGRAL,SP,SÃO PAULO-SP,2025-08,5.3000,6.0529,-12.44,AMARELO,,Nao,Nao
786,PROTEINAS,LEITE DE VACA - LONGA VIDA INTEGRAL,SP,SÃO PAULO-SP,2025-07,5.1900,6.0529,-14.26,AMARELO,,Nao,Nao
786,PROTEINAS,LEITE DE VACA - LONGA VIDA INTEGRAL,SP,SÃO PAULO-SP,2025-06,5.3200,6.0529,-12.11,AMARELO,,Nao,Nao
1090,FRUTAS,Lima Pérsia,SP,,2026-07,2.8167,2.8167,0.00,AMARELO,,Nao,Nao
1090,FRUTAS,Lima Pérsia,SP,,2026-06,2.8833,2.8833,0.00,AMARELO,,Nao,Nao
2451,FRUTAS,Limão Galego,SP,,2026-07,3.3625,3.3625,0.00,AMARELO,,Nao,Nao
2451,FRUTAS,Limão Galego,SP,,2026-06,2.7500,2.7500,0.00,AMARELO,,Nao,Nao
1178,FRUTAS,Limão Siciliano,SP,,2026-07,7.2000,7.2000,0.00,AMARELO,,Nao,Nao
1178,FRUTAS,Limão Siciliano,SP,,2026-06,7.1100,7.1100,0.00,AMARELO,,Nao,Nao
980,FRUTAS,Limão Taiti,SP,,2026-06,2.3567,2.3567,0.00,AMARELO,,Nao,Nao
1048,PESCADOS,Linguado,SP,,2026-06,19.5400,19.5400,0.00,AMARELO,,Nao,Nao
1048,PESCADOS,Linguado,SP,,2026-07,19.9000,19.9000,0.00,AMARELO,,Nao,Nao
981,VERDURAS,Louro,SP,,2026-06,6.3300,6.3300,0.00,AMARELO,,Nao,Nao
981,VERDURAS,Louro,SP,,2026-07,4.9000,4.9000,0.00,AMARELO,,Nao,Nao
1169,FRUTAS,Maçã Eva,SP,,2026-07,6.2667,6.2667,0.00,AMARELO,,Nao,Nao
1169,FRUTAS,Maçã Eva,SP,,2026-06,7.5000,7.5000,0.00,AMARELO,,Nao,Nao
1025,FRUTAS,Maçã Fuji,SP,,2025-11,73.5000,73.5000,0.00,AMARELO,,Nao,Nao
1025,FRUTAS,Maçã Fuji,SP,,2026-02,73.5000,73.5000,0.00,AMARELO,,Nao,Nao
1025,FRUTAS,Maçã Fuji,SP,,2026-03,73.5000,73.5000,0.00,AMARELO,,Nao,Nao
1025,FRUTAS,Maçã Fuji,SP,,2025-09,73.5000,73.5000,0.00,AMARELO,,Nao,Nao
1025,FRUTAS,Maçã Fuji,SP,,2025-08,73.5000,73.5000,0.00,AMARELO,,Nao,Nao
1025,FRUTAS,Maçã Fuji,SP,,2026-04,73.5000,73.5000,0.00,AMARELO,,Nao,Nao
1025,FRUTAS,Maçã Fuji,SP,,2025-07,73.5000,73.5000,0.00,AMARELO,,Nao,Nao
1025,FRUTAS,Maçã Fuji,SP,,2025-06,73.5000,73.5000,0.00,AMARELO,,Nao,Nao
1025,FRUTAS,Maçã Fuji,SP,,2026-05,73.5000,73.5000,0.00,AMARELO,,Nao,Nao
1025,FRUTAS,Maçã Fuji,SP,,2025-05,73.5000,73.5000,0.00,AMARELO,,Nao,Nao
1025,FRUTAS,Maçã Fuji,SP,,2025-12,73.5000,73.5000,0.00,AMARELO,,Nao,Nao
1025,FRUTAS,Maçã Fuji,SP,,2026-01,73.5000,73.5000,0.00,AMARELO,,Nao,Nao
1025,FRUTAS,Maçã Fuji,SP,,2025-04,73.5000,73.5000,0.00,AMARELO,,Nao,Nao
1025,FRUTAS,Maçã Fuji,SP,,2025-03,73.5000,73.5000,0.00,AMARELO,,Nao,Nao
1025,FRUTAS,Maçã Fuji,SP,,2025-10,73.5000,73.5000,0.00,AMARELO,,Nao,Nao
1025,FRUTAS,Maçã Fuji,SP,,2025-02,73.5000,73.5000,0.00,AMARELO,,Nao,Nao
1025,FRUTAS,Maçã Fuji,SP,,2025-01,73.5000,73.5000,0.00,AMARELO,,Nao,Nao
1215,FRUTAS,Maça Fuji Importada,SP,,2026-02,104.3400,104.3400,0.00,AMARELO,,Nao,Nao
1215,FRUTAS,Maça Fuji Importada,SP,,2026-05,104.3400,104.3400,0.00,AMARELO,,Nao,Nao
1215,FRUTAS,Maça Fuji Importada,SP,,2026-04,104.3400,104.3400,0.00,AMARELO,,Nao,Nao
1215,FRUTAS,Maça Fuji Importada,SP,,2026-03,104.3400,104.3400,0.00,AMARELO,,Nao,Nao
1215,FRUTAS,Maça Fuji Importada,SP,,2025-04,104.3400,104.3400,0.00,AMARELO,,Nao,Nao
1215,FRUTAS,Maça Fuji Importada,SP,,2025-05,104.3400,104.3400,0.00,AMARELO,,Nao,Nao
1215,FRUTAS,Maça Fuji Importada,SP,,2025-06,104.3400,104.3400,0.00,AMARELO,,Nao,Nao
1215,FRUTAS,Maça Fuji Importada,SP,,2025-07,104.3400,104.3400,0.00,AMARELO,,Nao,Nao
1215,FRUTAS,Maça Fuji Importada,SP,,2025-08,104.3400,104.3400,0.00,AMARELO,,Nao,Nao
1215,FRUTAS,Maça Fuji Importada,SP,,2025-09,104.3400,104.3400,0.00,AMARELO,,Nao,Nao
1215,FRUTAS,Maça Fuji Importada,SP,,2025-10,104.3400,104.3400,0.00,AMARELO,,Nao,Nao
1215,FRUTAS,Maça Fuji Importada,SP,,2025-03,104.3400,104.3400,0.00,AMARELO,,Nao,Nao
1215,FRUTAS,Maça Fuji Importada,SP,,2025-02,104.3400,104.3400,0.00,AMARELO,,Nao,Nao
1215,FRUTAS,Maça Fuji Importada,SP,,2025-01,104.3400,104.3400,0.00,AMARELO,,Nao,Nao
1215,FRUTAS,Maça Fuji Importada,SP,,2025-11,104.3400,104.3400,0.00,AMARELO,,Nao,Nao
1215,FRUTAS,Maça Fuji Importada,SP,,2025-12,104.3400,104.3400,0.00,AMARELO,,Nao,Nao
1215,FRUTAS,Maça Fuji Importada,SP,,2026-01,104.3400,104.3400,0.00,AMARELO,,Nao,Nao
1132,FRUTAS,Maçã Gala,SP,,2025-12,77.4167,77.4167,0.00,AMARELO,,Nao,Nao
1132,FRUTAS,Maçã Gala,SP,,2025-11,77.4167,77.4167,0.00,AMARELO,,Nao,Nao
1132,FRUTAS,Maçã Gala,SP,,2025-10,77.4167,77.4167,0.00,AMARELO,,Nao,Nao
1132,FRUTAS,Maçã Gala,SP,,2025-09,77.4167,77.4167,0.00,AMARELO,,Nao,Nao
1132,FRUTAS,Maçã Gala,SP,,2025-08,77.4167,77.4167,0.00,AMARELO,,Nao,Nao
1132,FRUTAS,Maçã Gala,SP,,2025-07,77.4167,77.4167,0.00,AMARELO,,Nao,Nao
1132,FRUTAS,Maçã Gala,SP,,2025-06,77.4167,77.4167,0.00,AMARELO,,Nao,Nao
1132,FRUTAS,Maçã Gala,SP,,2025-05,77.4167,77.4167,0.00,AMARELO,,Nao,Nao
1132,FRUTAS,Maçã Gala,SP,,2025-04,77.4167,77.4167,0.00,AMARELO,,Nao,Nao
1132,FRUTAS,Maçã Gala,SP,,2025-03,77.4167,77.4167,0.00,AMARELO,,Nao,Nao
1132,FRUTAS,Maçã Gala,SP,,2025-02,77.4167,77.4167,0.00,AMARELO,,Nao,Nao
1132,FRUTAS,Maçã Gala,SP,,2025-01,77.4167,77.4167,0.00,AMARELO,,Nao,Nao
1132,FRUTAS,Maçã Gala,SP,,2026-05,77.4167,77.4167,0.00,AMARELO,,Nao,Nao
1132,FRUTAS,Maçã Gala,SP,,2026-04,77.4167,77.4167,0.00,AMARELO,,Nao,Nao
1132,FRUTAS,Maçã Gala,SP,,2026-03,77.4167,77.4167,0.00,AMARELO,,Nao,Nao
1132,FRUTAS,Maçã Gala,SP,,2026-02,77.4167,77.4167,0.00,AMARELO,,Nao,Nao
1132,FRUTAS,Maçã Gala,SP,,2026-01,77.4167,77.4167,0.00,AMARELO,,Nao,Nao
1195,FRUTAS,Maça Gala Importada,SP,,2025-07,105.5100,105.5100,0.00,AMARELO,,Nao,Nao
1195,FRUTAS,Maça Gala Importada,SP,,2026-01,105.5100,105.5100,0.00,AMARELO,,Nao,Nao
1195,FRUTAS,Maça Gala Importada,SP,,2026-05,105.5100,105.5100,0.00,AMARELO,,Nao,Nao
1195,FRUTAS,Maça Gala Importada,SP,,2026-04,105.5100,105.5100,0.00,AMARELO,,Nao,Nao
1195,FRUTAS,Maça Gala Importada,SP,,2025-09,105.5100,105.5100,0.00,AMARELO,,Nao,Nao
1195,FRUTAS,Maça Gala Importada,SP,,2025-03,105.5100,105.5100,0.00,AMARELO,,Nao,Nao
1195,FRUTAS,Maça Gala Importada,SP,,2025-04,105.5100,105.5100,0.00,AMARELO,,Nao,Nao
1195,FRUTAS,Maça Gala Importada,SP,,2025-05,105.5100,105.5100,0.00,AMARELO,,Nao,Nao
1195,FRUTAS,Maça Gala Importada,SP,,2025-01,105.5100,105.5100,0.00,AMARELO,,Nao,Nao
1195,FRUTAS,Maça Gala Importada,SP,,2025-08,105.5100,105.5100,0.00,AMARELO,,Nao,Nao
1195,FRUTAS,Maça Gala Importada,SP,,2025-06,105.5100,105.5100,0.00,AMARELO,,Nao,Nao
1195,FRUTAS,Maça Gala Importada,SP,,2026-02,105.5100,105.5100,0.00,AMARELO,,Nao,Nao
1195,FRUTAS,Maça Gala Importada,SP,,2026-03,105.5100,105.5100,0.00,AMARELO,,Nao,Nao
1195,FRUTAS,Maça Gala Importada,SP,,2025-12,105.5100,105.5100,0.00,AMARELO,,Nao,Nao
1195,FRUTAS,Maça Gala Importada,SP,,2025-11,105.5100,105.5100,0.00,AMARELO,,Nao,Nao
1195,FRUTAS,Maça Gala Importada,SP,,2025-10,105.5100,105.5100,0.00,AMARELO,,Nao,Nao
1195,FRUTAS,Maça Gala Importada,SP,,2025-02,105.5100,105.5100,0.00,AMARELO,,Nao,Nao
1866,FRUTAS,Maça Golden Importada,SP,,2026-06,9.5400,9.5400,0.00,AMARELO,,Nao,Nao
954,FRUTAS,Maça Granny Smith Importada,SP,,2026-06,8.5700,8.5700,0.00,AMARELO,,Nao,Nao
954,FRUTAS,Maça Granny Smith Importada,SP,,2026-07,8.4300,8.4300,0.00,AMARELO,,Nao,Nao
1040,FRUTAS,Maça Pink Lady Importada,SP,,2026-06,6.3800,6.3800,0.00,AMARELO,,Nao,Nao
1040,FRUTAS,Maça Pink Lady Importada,SP,,2026-07,6.6600,6.6600,0.00,AMARELO,,Nao,Nao
1134,FRUTAS,Maça Red Del Importada,SP,,2026-07,7.8800,7.8800,0.00,AMARELO,,Nao,Nao
1134,FRUTAS,Maça Red Del Importada,SP,,2026-06,9.5400,9.5400,0.00,AMARELO,,Nao,Nao
833,ALIMENTO_VAREJO,MACARRAO - ESPAGUETE SÊMOLA COM,SP,SÃO PAULO-SP,2025-12,6.3600,6.8257,-6.82,AMARELO,,Nao,Nao
833,ALIMENTO_VAREJO,MACARRAO - ESPAGUETE SÊMOLA COM,SP,SÃO PAULO-SP,2025-11,6.7200,6.8257,-1.55,AMARELO,,Nao,Nao
833,ALIMENTO_VAREJO,MACARRAO - ESPAGUETE SÊMOLA COM,SP,SÃO PAULO-SP,2025-10,6.9600,6.8257,1.97,AMARELO,,Nao,Nao
833,ALIMENTO_VAREJO,MACARRAO - ESPAGUETE SÊMOLA COM,SP,SÃO PAULO-SP,2025-09,6.6600,6.8257,-2.43,AMARELO,,Nao,Nao
833,ALIMENTO_VAREJO,MACARRAO - ESPAGUETE SÊMOLA COM,SP,SÃO PAULO-SP,2025-08,6.9800,6.8257,2.26,AMARELO,,Nao,Nao
833,ALIMENTO_VAREJO,MACARRAO - ESPAGUETE SÊMOLA COM,SP,SÃO PAULO-SP,2025-07,7.1000,6.8257,4.02,AMARELO,,Nao,Nao
833,ALIMENTO_VAREJO,MACARRAO - ESPAGUETE SÊMOLA COM,SP,SÃO PAULO-SP,2025-06,7.0000,6.8257,2.55,AMARELO,,Nao,Nao
833,ALIMENTO_VAREJO,MACARRAO - ESPAGUETE SÊMOLA COM,SP,,2025-12,6.3600,6.8829,-7.60,AMARELO,,Nao,Nao
833,ALIMENTO_VAREJO,MACARRAO - ESPAGUETE SÊMOLA COM,SP,,2025-11,6.7200,6.8829,-2.37,AMARELO,,Nao,Nao
833,ALIMENTO_VAREJO,MACARRAO - ESPAGUETE SÊMOLA COM,SP,,2025-10,6.9600,6.8829,1.12,AMARELO,,Nao,Nao
833,ALIMENTO_VAREJO,MACARRAO - ESPAGUETE SÊMOLA COM,SP,,2025-09,6.6600,6.8829,-3.24,AMARELO,,Nao,Nao
833,ALIMENTO_VAREJO,MACARRAO - ESPAGUETE SÊMOLA COM,SP,,2025-08,6.9800,6.8829,1.41,AMARELO,,Nao,Nao
833,ALIMENTO_VAREJO,MACARRAO - ESPAGUETE SÊMOLA COM,SP,,2025-07,7.1000,6.8829,3.15,AMARELO,,Nao,Nao
833,ALIMENTO_VAREJO,MACARRAO - ESPAGUETE SÊMOLA COM,SP,,2025-06,7.4000,6.8829,7.51,AMARELO,,Nao,Nao
1018,FRUTAS,Mamão Formosa,SP,,2026-01,11.9960,11.9960,0.00,AMARELO,,Nao,Nao
1018,FRUTAS,Mamão Formosa,SP,,2025-01,11.9960,11.9960,0.00,AMARELO,,Nao,Nao
1018,FRUTAS,Mamão Formosa,SP,,2025-02,11.9960,11.9960,0.00,AMARELO,,Nao,Nao
1018,FRUTAS,Mamão Formosa,SP,,2025-03,11.9960,11.9960,0.00,AMARELO,,Nao,Nao
1018,FRUTAS,Mamão Formosa,SP,,2025-04,11.9960,11.9960,0.00,AMARELO,,Nao,Nao
1018,FRUTAS,Mamão Formosa,SP,,2025-05,11.9960,11.9960,0.00,AMARELO,,Nao,Nao
1018,FRUTAS,Mamão Formosa,SP,,2025-06,11.9960,11.9960,0.00,AMARELO,,Nao,Nao
1018,FRUTAS,Mamão Formosa,SP,,2025-07,11.9960,11.9960,0.00,AMARELO,,Nao,Nao
1018,FRUTAS,Mamão Formosa,SP,,2025-08,11.9960,11.9960,0.00,AMARELO,,Nao,Nao
1018,FRUTAS,Mamão Formosa,SP,,2025-09,11.9960,11.9960,0.00,AMARELO,,Nao,Nao
1018,FRUTAS,Mamão Formosa,SP,,2025-10,11.9960,11.9960,0.00,AMARELO,,Nao,Nao
1018,FRUTAS,Mamão Formosa,SP,,2025-11,11.9960,11.9960,0.00,AMARELO,,Nao,Nao
1018,FRUTAS,Mamão Formosa,SP,,2025-12,11.9960,11.9960,0.00,AMARELO,,Nao,Nao
1018,FRUTAS,Mamão Formosa,SP,,2026-02,11.9960,11.9960,0.00,AMARELO,,Nao,Nao
1018,FRUTAS,Mamão Formosa,SP,,2026-03,11.9960,11.9960,0.00,AMARELO,,Nao,Nao
1018,FRUTAS,Mamão Formosa,SP,,2026-04,11.9960,11.9960,0.00,AMARELO,,Nao,Nao
1018,FRUTAS,Mamão Formosa,SP,,2026-05,11.9960,11.9960,0.00,AMARELO,,Nao,Nao
1032,FRUTAS,Mamão Havaí,SP,,2026-05,11.9136,11.9136,0.00,AMARELO,,Nao,Nao
1032,FRUTAS,Mamão Havaí,SP,,2026-04,11.9136,11.9136,0.00,AMARELO,,Nao,Nao
1032,FRUTAS,Mamão Havaí,SP,,2026-03,11.9136,11.9136,0.00,AMARELO,,Nao,Nao
1032,FRUTAS,Mamão Havaí,SP,,2026-02,11.9136,11.9136,0.00,AMARELO,,Nao,Nao
1032,FRUTAS,Mamão Havaí,SP,,2026-01,11.9136,11.9136,0.00,AMARELO,,Nao,Nao
1032,FRUTAS,Mamão Havaí,SP,,2025-12,11.9136,11.9136,0.00,AMARELO,,Nao,Nao
1032,FRUTAS,Mamão Havaí,SP,,2025-11,11.9136,11.9136,0.00,AMARELO,,Nao,Nao
1032,FRUTAS,Mamão Havaí,SP,,2025-10,11.9136,11.9136,0.00,AMARELO,,Nao,Nao
1032,FRUTAS,Mamão Havaí,SP,,2025-09,11.9136,11.9136,0.00,AMARELO,,Nao,Nao
1032,FRUTAS,Mamão Havaí,SP,,2025-08,11.9136,11.9136,0.00,AMARELO,,Nao,Nao
1032,FRUTAS,Mamão Havaí,SP,,2025-07,11.9136,11.9136,0.00,AMARELO,,Nao,Nao
1032,FRUTAS,Mamão Havaí,SP,,2025-06,11.9136,11.9136,0.00,AMARELO,,Nao,Nao
1032,FRUTAS,Mamão Havaí,SP,,2025-05,11.9136,11.9136,0.00,AMARELO,,Nao,Nao
1032,FRUTAS,Mamão Havaí,SP,,2025-04,11.9136,11.9136,0.00,AMARELO,,Nao,Nao
1032,FRUTAS,Mamão Havaí,SP,,2025-03,11.9136,11.9136,0.00,AMARELO,,Nao,Nao
1032,FRUTAS,Mamão Havaí,SP,,2025-02,11.9136,11.9136,0.00,AMARELO,,Nao,Nao
1032,FRUTAS,Mamão Havaí,SP,,2025-01,11.9136,11.9136,0.00,AMARELO,,Nao,Nao
995,PESCADOS,Mandi,SP,,2026-06,14.5000,14.5000,0.00,AMARELO,,Nao,Nao
1057,LEGUMES,Mandioca,SP,,2026-06,1.9600,1.9600,0.00,AMARELO,,Nao,Nao
1057,LEGUMES,Mandioca,SP,,2026-07,1.7267,1.7267,0.00,AMARELO,,Nao,Nao
1206,LEGUMES,Mandioquinha,SP,,2026-07,4.8425,4.8425,0.00,AMARELO,,Nao,Nao
1206,LEGUMES,Mandioquinha,SP,,2026-06,5.0150,5.0150,0.00,AMARELO,,Nao,Nao
1945,FRUTAS,Manga Bourbon,SP,,2026-06,5.1725,5.1725,0.00,AMARELO,,Nao,Nao
1945,FRUTAS,Manga Bourbon,SP,,2026-07,5.8500,5.8500,0.00,AMARELO,,Nao,Nao
1316,FRUTAS,Manga Coquinho,SP,,2026-06,7.2200,7.2200,0.00,AMARELO,,Nao,Nao
1575,FRUTAS,Manga Espada,SP,,2026-06,7.0333,7.0333,0.00,AMARELO,,Nao,Nao
1575,FRUTAS,Manga Espada,SP,,2026-07,6.9000,6.9000,0.00,AMARELO,,Nao,Nao
1003,FRUTAS,Manga Haden,SP,,2026-06,7.2200,7.2200,0.00,AMARELO,,Nao,Nao
2456,FRUTAS,Manga Keity,SP,,2026-06,7.2200,7.2200,0.00,AMARELO,,Nao,Nao
2456,FRUTAS,Manga Keity,SP,,2026-07,4.0733,4.0733,0.00,AMARELO,,Nao,Nao
2457,FRUTAS,Manga Lolita,SP,,2026-06,7.2200,7.2200,0.00,AMARELO,,Nao,Nao
1175,FRUTAS,Manga Palmer,SP,,2026-04,3.2433,3.2433,0.00,AMARELO,,Nao,Nao
1175,FRUTAS,Manga Palmer,SP,,2026-03,3.2433,3.2433,0.00,AMARELO,,Nao,Nao
1175,FRUTAS,Manga Palmer,SP,,2026-02,3.2433,3.2433,0.00,AMARELO,,Nao,Nao
1175,FRUTAS,Manga Palmer,SP,,2026-01,3.2433,3.2433,0.00,AMARELO,,Nao,Nao
1175,FRUTAS,Manga Palmer,SP,,2025-12,3.2433,3.2433,0.00,AMARELO,,Nao,Nao
1175,FRUTAS,Manga Palmer,SP,,2025-11,3.2433,3.2433,0.00,AMARELO,,Nao,Nao
1175,FRUTAS,Manga Palmer,SP,,2025-10,3.2433,3.2433,0.00,AMARELO,,Nao,Nao
1175,FRUTAS,Manga Palmer,SP,,2025-09,3.2433,3.2433,0.00,AMARELO,,Nao,Nao
1175,FRUTAS,Manga Palmer,SP,,2025-08,3.2433,3.2433,0.00,AMARELO,,Nao,Nao
1175,FRUTAS,Manga Palmer,SP,,2025-07,3.2433,3.2433,0.00,AMARELO,,Nao,Nao
1175,FRUTAS,Manga Palmer,SP,,2025-06,3.2433,3.2433,0.00,AMARELO,,Nao,Nao
1175,FRUTAS,Manga Palmer,SP,,2025-05,3.2433,3.2433,0.00,AMARELO,,Nao,Nao
1175,FRUTAS,Manga Palmer,SP,,2025-04,3.2433,3.2433,0.00,AMARELO,,Nao,Nao
1175,FRUTAS,Manga Palmer,SP,,2025-03,3.2433,3.2433,0.00,AMARELO,,Nao,Nao
1175,FRUTAS,Manga Palmer,SP,,2025-02,3.2433,3.2433,0.00,AMARELO,,Nao,Nao
1175,FRUTAS,Manga Palmer,SP,,2025-01,3.2433,3.2433,0.00,AMARELO,,Nao,Nao
1175,FRUTAS,Manga Palmer,SP,,2026-05,3.2433,3.2433,0.00,AMARELO,,Nao,Nao
2458,FRUTAS,Manga Rosa,SP,,2026-07,6.9400,6.9400,0.00,AMARELO,,Nao,Nao
2458,FRUTAS,Manga Rosa,SP,,2026-06,7.2200,7.2200,0.00,AMARELO,,Nao,Nao
2459,FRUTAS,Manga Shelly,SP,,2026-06,7.2200,7.2200,0.00,AMARELO,,Nao,Nao
1109,FRUTAS,Manga Tommy,SP,,2025-02,5.8500,5.8500,0.00,AMARELO,,Nao,Nao
1109,FRUTAS,Manga Tommy,SP,,2025-06,5.8500,5.8500,0.00,AMARELO,,Nao,Nao
1109,FRUTAS,Manga Tommy,SP,,2025-05,5.8500,5.8500,0.00,AMARELO,,Nao,Nao
1109,FRUTAS,Manga Tommy,SP,,2025-04,5.8500,5.8500,0.00,AMARELO,,Nao,Nao
1109,FRUTAS,Manga Tommy,SP,,2025-03,5.8500,5.8500,0.00,AMARELO,,Nao,Nao
1109,FRUTAS,Manga Tommy,SP,,2025-01,5.8500,5.8500,0.00,AMARELO,,Nao,Nao
1109,FRUTAS,Manga Tommy,SP,,2026-01,5.8500,5.8500,0.00,AMARELO,,Nao,Nao
1109,FRUTAS,Manga Tommy,SP,,2026-02,5.8500,5.8500,0.00,AMARELO,,Nao,Nao
1109,FRUTAS,Manga Tommy,SP,,2026-03,5.8500,5.8500,0.00,AMARELO,,Nao,Nao
1109,FRUTAS,Manga Tommy,SP,,2025-11,5.8500,5.8500,0.00,AMARELO,,Nao,Nao
1109,FRUTAS,Manga Tommy,SP,,2025-10,5.8500,5.8500,0.00,AMARELO,,Nao,Nao
1109,FRUTAS,Manga Tommy,SP,,2025-09,5.8500,5.8500,0.00,AMARELO,,Nao,Nao
1109,FRUTAS,Manga Tommy,SP,,2026-04,5.8500,5.8500,0.00,AMARELO,,Nao,Nao
1109,FRUTAS,Manga Tommy,SP,,2026-05,5.8500,5.8500,0.00,AMARELO,,Nao,Nao
1109,FRUTAS,Manga Tommy,SP,,2025-08,5.8500,5.8500,0.00,AMARELO,,Nao,Nao
1109,FRUTAS,Manga Tommy,SP,,2025-12,5.8500,5.8500,0.00,AMARELO,,Nao,Nao
1109,FRUTAS,Manga Tommy,SP,,2025-07,5.8500,5.8500,0.00,AMARELO,,Nao,Nao
1129,VERDURAS,Manjericão,SP,,2026-06,4.3200,4.3200,0.00,AMARELO,,Nao,Nao
1129,VERDURAS,Manjericão,SP,,2026-07,4.3900,4.3900,0.00,AMARELO,,Nao,Nao
1191,VERDURAS,Manjerona,SP,,2026-07,5.0000,5.0000,0.00,AMARELO,,Nao,Nao
1191,VERDURAS,Manjerona,SP,,2026-06,8.0000,8.0000,0.00,AMARELO,,Nao,Nao
983,PESCADOS,Manjuba,SP,,2026-06,14.8900,14.8900,0.00,AMARELO,,Nao,Nao
983,PESCADOS,Manjuba,SP,,2026-07,15.3700,15.3700,0.00,AMARELO,,Nao,Nao
752,PROTEINAS,MANTEIGA - NÃO INFORMADO,SP,,2025-09,69.5500,69.0611,0.71,AMARELO,,Sim,Nao
752,PROTEINAS,MANTEIGA - NÃO INFORMADO,SP,,2025-11,69.0500,69.0611,-0.02,AMARELO,,Sim,Nao
752,PROTEINAS,MANTEIGA - NÃO INFORMADO,SP,,2025-12,68.0000,69.0611,-1.54,AMARELO,,Sim,Nao
752,PROTEINAS,MANTEIGA - NÃO INFORMADO,SP,,2026-01,68.1500,69.0611,-1.32,AMARELO,,Sim,Nao
752,PROTEINAS,MANTEIGA - NÃO INFORMADO,SP,,2026-02,68.6000,69.0611,-0.67,AMARELO,,Sim,Nao
752,PROTEINAS,MANTEIGA - NÃO INFORMADO,SP,,2026-03,68.8500,69.0611,-0.31,AMARELO,,Sim,Nao
752,PROTEINAS,MANTEIGA - NÃO INFORMADO,SP,,2026-04,69.7500,69.0611,1.00,AMARELO,,Sim,Nao
752,PROTEINAS,MANTEIGA - NÃO INFORMADO,SP,,2026-05,69.5000,69.0611,0.64,AMARELO,,Sim,Nao
752,PROTEINAS,MANTEIGA - NÃO INFORMADO,SP,,2025-10,70.1000,69.0611,1.50,AMARELO,,Sim,Nao
752,PROTEINAS,MANTEIGA - NÃO INFORMADO,SP,SÃO PAULO-SP,2025-09,69.5500,69.0611,0.71,AMARELO,,Sim,Nao
752,PROTEINAS,MANTEIGA - NÃO INFORMADO,SP,SÃO PAULO-SP,2025-10,70.1000,69.0611,1.50,AMARELO,,Sim,Nao
752,PROTEINAS,MANTEIGA - NÃO INFORMADO,SP,SÃO PAULO-SP,2025-11,69.0500,69.0611,-0.02,AMARELO,,Sim,Nao
752,PROTEINAS,MANTEIGA - NÃO INFORMADO,SP,SÃO PAULO-SP,2025-12,68.0000,69.0611,-1.54,AMARELO,,Sim,Nao
752,PROTEINAS,MANTEIGA - NÃO INFORMADO,SP,SÃO PAULO-SP,2026-01,68.1500,69.0611,-1.32,AMARELO,,Sim,Nao
752,PROTEINAS,MANTEIGA - NÃO INFORMADO,SP,SÃO PAULO-SP,2026-02,68.6000,69.0611,-0.67,AMARELO,,Sim,Nao
752,PROTEINAS,MANTEIGA - NÃO INFORMADO,SP,SÃO PAULO-SP,2026-03,68.8500,69.0611,-0.31,AMARELO,,Sim,Nao
752,PROTEINAS,MANTEIGA - NÃO INFORMADO,SP,SÃO PAULO-SP,2026-04,69.7500,69.0611,1.00,AMARELO,,Sim,Nao
752,PROTEINAS,MANTEIGA - NÃO INFORMADO,SP,SÃO PAULO-SP,2026-05,69.5000,69.0611,0.64,AMARELO,,Sim,Nao
919,FRUTAS,Maracujá Azedo,SP,,2026-06,7.2700,7.2700,0.00,AMARELO,,Nao,Nao
919,FRUTAS,Maracujá Azedo,SP,,2026-07,8.5700,8.5700,0.00,AMARELO,,Nao,Nao
984,FRUTAS,Maracujá Doce,SP,,2026-06,12.2167,12.2167,0.00,AMARELO,,Nao,Nao
1156,LEGUMES,Maxixe,SP,,2026-06,7.2900,7.2900,0.00,AMARELO,,Nao,Nao
1156,LEGUMES,Maxixe,SP,,2026-07,7.2100,7.2100,0.00,AMARELO,,Nao,Nao
1038,FRUTAS,Melancia,SP,,2025-01,1.5875,1.5875,0.00,AMARELO,,Nao,Nao
1038,FRUTAS,Melancia,SP,,2025-06,1.5875,1.5875,0.00,AMARELO,,Nao,Nao
1038,FRUTAS,Melancia,SP,,2025-05,1.5875,1.5875,0.00,AMARELO,,Nao,Nao
1038,FRUTAS,Melancia,SP,,2025-02,1.5875,1.5875,0.00,AMARELO,,Nao,Nao
1038,FRUTAS,Melancia,SP,,2025-03,1.5875,1.5875,0.00,AMARELO,,Nao,Nao
1038,FRUTAS,Melancia,SP,,2025-04,1.5875,1.5875,0.00,AMARELO,,Nao,Nao
1038,FRUTAS,Melancia,SP,,2025-07,1.5875,1.5875,0.00,AMARELO,,Nao,Nao
1038,FRUTAS,Melancia,SP,,2025-08,1.5875,1.5875,0.00,AMARELO,,Nao,Nao
1038,FRUTAS,Melancia,SP,,2026-05,1.5875,1.5875,0.00,AMARELO,,Nao,Nao
1038,FRUTAS,Melancia,SP,,2026-04,1.5875,1.5875,0.00,AMARELO,,Nao,Nao
1038,FRUTAS,Melancia,SP,,2026-03,1.5875,1.5875,0.00,AMARELO,,Nao,Nao
1038,FRUTAS,Melancia,SP,,2026-02,1.5875,1.5875,0.00,AMARELO,,Nao,Nao
1038,FRUTAS,Melancia,SP,,2026-01,1.5875,1.5875,0.00,AMARELO,,Nao,Nao
1038,FRUTAS,Melancia,SP,,2025-12,1.5875,1.5875,0.00,AMARELO,,Nao,Nao
1038,FRUTAS,Melancia,SP,,2025-11,1.5875,1.5875,0.00,AMARELO,,Nao,Nao
1038,FRUTAS,Melancia,SP,,2025-10,1.5875,1.5875,0.00,AMARELO,,Nao,Nao
1038,FRUTAS,Melancia,SP,,2025-09,1.5875,1.5875,0.00,AMARELO,,Nao,Nao
1022,FRUTAS,Melancia Baby,SP,,2026-06,4.2700,4.2700,0.00,AMARELO,,Nao,Nao
1022,FRUTAS,Melancia Baby,SP,,2026-07,4.2000,4.2000,0.00,AMARELO,,Nao,Nao
1052,FRUTAS,Melão Amarelo,SP,,2026-06,5.1314,5.1314,0.00,AMARELO,,Nao,Nao
1052,FRUTAS,Melão Amarelo,SP,,2026-07,5.1543,5.1543,0.00,AMARELO,,Nao,Nao
1141,FRUTAS,Melão Net Melon,SP,,2026-06,34.2900,34.2900,0.00,AMARELO,,Nao,Nao
1141,FRUTAS,Melão Net Melon,SP,,2026-07,31.4300,31.4300,0.00,AMARELO,,Nao,Nao
1199,FRUTAS,Melão Orange,SP,,2026-06,7.1100,7.1100,0.00,AMARELO,,Nao,Nao
1056,FRUTAS,Melão Pele de Sapo,SP,,2026-07,4.4367,4.4367,0.00,AMARELO,,Nao,Nao
1056,FRUTAS,Melão Pele de Sapo,SP,,2026-06,4.4300,4.4300,0.00,AMARELO,,Nao,Nao
1216,FRUTAS,Mexerica Rio,SP,,2026-07,3.4667,3.4667,0.00,AMARELO,,Nao,Nao
1216,FRUTAS,Mexerica Rio,SP,,2026-06,3.3133,3.3133,0.00,AMARELO,,Nao,Nao
867,LEGUMES,MILHO - EM GRÃOS,SP,PRESIDENTE PRUDENTE-SP,2025-11,1.0600,1.0214,3.78,AMARELO,,Nao,Nao
867,LEGUMES,MILHO - EM GRÃOS,SP,PRESIDENTE PRUDENTE-SP,2025-10,1.0400,1.0214,1.82,AMARELO,,Nao,Nao
867,LEGUMES,MILHO - EM GRÃOS,SP,PRESIDENTE PRUDENTE-SP,2025-09,1.0100,1.0214,-1.12,AMARELO,,Nao,Nao
867,LEGUMES,MILHO - EM GRÃOS,SP,PRESIDENTE PRUDENTE-SP,2025-08,0.9400,1.0214,-7.97,AMARELO,,Nao,Nao
867,LEGUMES,MILHO - EM GRÃOS,SP,PRESIDENTE PRUDENTE-SP,2025-07,0.9700,1.0214,-5.03,AMARELO,,Nao,Nao
867,LEGUMES,MILHO - EM GRÃOS,SP,PRESIDENTE PRUDENTE-SP,2025-06,0.9400,1.0214,-7.97,AMARELO,,Nao,Nao
867,LEGUMES,MILHO - EM GRÃOS,SP,,2026-04,0.9900,1.0043,-1.42,AMARELO,,Nao,Nao
867,LEGUMES,MILHO - EM GRÃOS,SP,,2026-03,1.0300,1.0043,2.56,AMARELO,,Nao,Nao
867,LEGUMES,MILHO - EM GRÃOS,SP,,2026-02,1.0100,1.0043,0.57,AMARELO,,Nao,Nao
867,LEGUMES,MILHO - EM GRÃOS,SP,,2026-01,1.0600,1.0043,5.55,AMARELO,,Nao,Nao
867,LEGUMES,MILHO - EM GRÃOS,SP,,2025-12,1.0500,1.0043,4.55,AMARELO,,Nao,Nao
867,LEGUMES,MILHO - EM GRÃOS,SP,,2025-11,0.9800,1.0043,-2.42,AMARELO,,Nao,Nao
867,LEGUMES,MILHO - EM GRÃOS,SP,,2025-10,0.9900,1.0043,-1.42,AMARELO,,Nao,Nao
867,LEGUMES,MILHO - EM GRÃOS,SP,,2025-09,0.9900,1.0043,-1.42,AMARELO,,Nao,Nao
867,LEGUMES,MILHO - EM GRÃOS,SP,,2025-08,0.9600,1.0043,-4.41,AMARELO,,Nao,Nao
867,LEGUMES,MILHO - EM GRÃOS,SP,,2025-07,0.9600,1.0043,-4.41,AMARELO,,Nao,Nao
867,LEGUMES,MILHO - EM GRÃOS,SP,,2025-06,1.1000,1.0043,9.53,AMARELO,,Nao,Nao
867,LEGUMES,MILHO - EM GRÃOS,SP,OURINHOS-SP,2026-04,1.0500,1.0957,-4.17,AMARELO,,Nao,Nao
867,LEGUMES,MILHO - EM GRÃOS,SP,OURINHOS-SP,2026-03,1.1100,1.0957,1.31,AMARELO,,Nao,Nao
867,LEGUMES,MILHO - EM GRÃOS,SP,OURINHOS-SP,2026-02,1.0500,1.0957,-4.17,AMARELO,,Nao,Nao
867,LEGUMES,MILHO - EM GRÃOS,SP,OURINHOS-SP,2026-01,1.0700,1.0957,-2.35,AMARELO,,Nao,Nao
867,LEGUMES,MILHO - EM GRÃOS,SP,OURINHOS-SP,2025-12,1.0900,1.0957,-0.52,AMARELO,,Nao,Nao
867,LEGUMES,MILHO - EM GRÃOS,SP,OURINHOS-SP,2025-11,1.0500,1.0957,-4.17,AMARELO,,Nao,Nao
867,LEGUMES,MILHO - EM GRÃOS,SP,OURINHOS-SP,2025-10,1.0300,1.0957,-6.00,AMARELO,,Nao,Nao
867,LEGUMES,MILHO - EM GRÃOS,SP,OURINHOS-SP,2025-09,1.0500,1.0957,-4.17,AMARELO,,Nao,Nao
867,LEGUMES,MILHO - EM GRÃOS,SP,OURINHOS-SP,2025-08,1.1200,1.0957,2.22,AMARELO,,Nao,Nao
867,LEGUMES,MILHO - EM GRÃOS,SP,OURINHOS-SP,2025-07,1.1500,1.0957,4.96,AMARELO,,Nao,Nao
867,LEGUMES,MILHO - EM GRÃOS,SP,OURINHOS-SP,2025-06,1.1800,1.0957,7.69,AMARELO,,Nao,Nao
867,LEGUMES,MILHO - EM GRÃOS,SP,ORLÂNDIA-SP,2025-12,1.0600,1.0171,4.22,AMARELO,,Nao,Nao
867,LEGUMES,MILHO - EM GRÃOS,SP,ORLÂNDIA-SP,2025-11,1.0200,1.0171,0.29,AMARELO,,Nao,Nao
867,LEGUMES,MILHO - EM GRÃOS,SP,ORLÂNDIA-SP,2025-10,1.0100,1.0171,-0.70,AMARELO,,Nao,Nao
867,LEGUMES,MILHO - EM GRÃOS,SP,ORLÂNDIA-SP,2025-09,1.0700,1.0171,5.20,AMARELO,,Nao,Nao
867,LEGUMES,MILHO - EM GRÃOS,SP,ORLÂNDIA-SP,2025-08,1.0300,1.0171,1.27,AMARELO,,Nao,Nao
867,LEGUMES,MILHO - EM GRÃOS,SP,ORLÂNDIA-SP,2025-07,0.9300,1.0171,-8.56,AMARELO,,Nao,Nao
867,LEGUMES,MILHO - EM GRÃOS,SP,ORLÂNDIA-SP,2025-06,1.0000,1.0171,-1.68,AMARELO,,Nao,Nao
867,LEGUMES,MILHO - EM GRÃOS,SP,SÃO JOÃO DA BOA VISTA-SP,2025-12,1.0800,1.0514,2.72,AMARELO,,Nao,Nao
867,LEGUMES,MILHO - EM GRÃOS,SP,SÃO JOÃO DA BOA VISTA-SP,2025-11,1.0700,1.0514,1.77,AMARELO,,Nao,Nao
867,LEGUMES,MILHO - EM GRÃOS,SP,SÃO JOÃO DA BOA VISTA-SP,2025-10,1.0500,1.0514,-0.13,AMARELO,,Nao,Nao
867,LEGUMES,MILHO - EM GRÃOS,SP,SÃO JOÃO DA BOA VISTA-SP,2025-09,1.0500,1.0514,-0.13,AMARELO,,Nao,Nao
867,LEGUMES,MILHO - EM GRÃOS,SP,SÃO JOÃO DA BOA VISTA-SP,2025-08,1.0000,1.0514,-4.89,AMARELO,,Nao,Nao
867,LEGUMES,MILHO - EM GRÃOS,SP,SÃO JOÃO DA BOA VISTA-SP,2025-07,1.0300,1.0514,-2.04,AMARELO,,Nao,Nao
867,LEGUMES,MILHO - EM GRÃOS,SP,SÃO JOÃO DA BOA VISTA-SP,2025-06,1.0800,1.0514,2.72,AMARELO,,Nao,Nao
867,LEGUMES,MILHO - EM GRÃOS,SP,AVARÉ-SP,2026-04,1.0500,1.0400,0.96,AMARELO,,Nao,Nao
867,LEGUMES,MILHO - EM GRÃOS,SP,AVARÉ-SP,2026-03,1.1100,1.0400,6.73,AMARELO,,Nao,Nao
867,LEGUMES,MILHO - EM GRÃOS,SP,AVARÉ-SP,2026-02,1.0700,1.0400,2.88,AMARELO,,Nao,Nao
867,LEGUMES,MILHO - EM GRÃOS,SP,AVARÉ-SP,2026-01,1.0800,1.0400,3.85,AMARELO,,Nao,Nao
867,LEGUMES,MILHO - EM GRÃOS,SP,AVARÉ-SP,2025-12,1.1000,1.0400,5.77,AMARELO,,Nao,Nao
867,LEGUMES,MILHO - EM GRÃOS,SP,AVARÉ-SP,2025-11,1.0600,1.0400,1.92,AMARELO,,Nao,Nao
867,LEGUMES,MILHO - EM GRÃOS,SP,AVARÉ-SP,2025-10,1.0200,1.0400,-1.92,AMARELO,,Nao,Nao
867,LEGUMES,MILHO - EM GRÃOS,SP,AVARÉ-SP,2025-09,0.9900,1.0400,-4.81,AMARELO,,Nao,Nao
867,LEGUMES,MILHO - EM GRÃOS,SP,AVARÉ-SP,2025-08,1.0000,1.0400,-3.85,AMARELO,,Nao,Nao
867,LEGUMES,MILHO - EM GRÃOS,SP,AVARÉ-SP,2025-07,1.0400,1.0400,0.00,AMARELO,,Nao,Nao
867,LEGUMES,MILHO - EM GRÃOS,SP,AVARÉ-SP,2025-06,1.0700,1.0400,2.88,AMARELO,,Nao,Nao
867,LEGUMES,MILHO - EM GRÃOS,SP,ASSIS-SP,2026-01,0.9900,0.9200,7.61,AMARELO,,Nao,Nao
867,LEGUMES,MILHO - EM GRÃOS,SP,ASSIS-SP,2025-12,0.9500,0.9200,3.26,AMARELO,,Nao,Nao
867,LEGUMES,MILHO - EM GRÃOS,SP,ASSIS-SP,2025-11,0.9000,0.9200,-2.17,AMARELO,,Nao,Nao
867,LEGUMES,MILHO - EM GRÃOS,SP,ASSIS-SP,2025-10,0.9100,0.9200,-1.09,AMARELO,,Nao,Nao
867,LEGUMES,MILHO - EM GRÃOS,SP,ASSIS-SP,2025-09,0.9000,0.9200,-2.17,AMARELO,,Nao,Nao
867,LEGUMES,MILHO - EM GRÃOS,SP,ASSIS-SP,2025-08,0.9300,0.9200,1.09,AMARELO,,Nao,Nao
867,LEGUMES,MILHO - EM GRÃOS,SP,ASSIS-SP,2025-07,0.9100,0.9200,-1.09,AMARELO,,Nao,Nao
867,LEGUMES,MILHO - EM GRÃOS,SP,ASSIS-SP,2025-06,0.9400,0.9200,2.17,AMARELO,,Nao,Nao
867,LEGUMES,MILHO - EM GRÃOS,SP,ITAPEVA-SP,2026-04,1.0700,1.0143,5.49,AMARELO,,Nao,Nao
867,LEGUMES,MILHO - EM GRÃOS,SP,ITAPEVA-SP,2026-03,1.1100,1.0143,9.44,AMARELO,,Nao,Nao
867,LEGUMES,MILHO - EM GRÃOS,SP,ITAPEVA-SP,2026-02,1.0700,1.0143,5.49,AMARELO,,Nao,Nao
867,LEGUMES,MILHO - EM GRÃOS,SP,ITAPEVA-SP,2026-01,1.1000,1.0143,8.45,AMARELO,,Nao,Nao
867,LEGUMES,MILHO - EM GRÃOS,SP,ITAPEVA-SP,2025-12,1.0800,1.0143,6.48,AMARELO,,Nao,Nao
867,LEGUMES,MILHO - EM GRÃOS,SP,ITAPEVA-SP,2025-11,1.0300,1.0143,1.55,AMARELO,,Nao,Nao
867,LEGUMES,MILHO - EM GRÃOS,SP,ITAPEVA-SP,2025-10,0.9500,1.0143,-6.34,AMARELO,,Nao,Nao
867,LEGUMES,MILHO - EM GRÃOS,SP,ITAPEVA-SP,2025-09,0.9400,1.0143,-7.33,AMARELO,,Nao,Nao
867,LEGUMES,MILHO - EM GRÃOS,SP,ITAPEVA-SP,2025-08,0.9800,1.0143,-3.38,AMARELO,,Nao,Nao
867,LEGUMES,MILHO - EM GRÃOS,SP,ITAPEVA-SP,2025-07,1.0300,1.0143,1.55,AMARELO,,Nao,Nao
867,LEGUMES,MILHO - EM GRÃOS,SP,ITAPEVA-SP,2025-06,1.0900,1.0143,7.46,AMARELO,,Nao,Nao
2518,ALIMENTO_VAREJO,Milho de Pipoca Importado,SP,,2026-07,2.8467,2.8467,0.00,AMARELO,,Nao,Nao
2518,ALIMENTO_VAREJO,Milho de Pipoca Importado,SP,,2026-06,2.9900,2.9900,0.00,AMARELO,,Nao,Nao
1164,VERDURAS,Milho Verde,SP,,2026-06,2.9900,2.9900,0.00,AMARELO,,Nao,Nao
1143,FRUTAS,Mirtilo,SP,,2026-06,57.6150,57.6150,0.00,AMARELO,,Nao,Nao
1143,FRUTAS,Mirtilo,SP,,2026-07,69.5200,69.5200,0.00,AMARELO,,Nao,Nao
1114,FRUTAS,Morango Comum,SP,,2026-07,39.2950,39.2950,0.00,AMARELO,,Nao,Nao
1114,FRUTAS,Morango Comum,SP,,2026-06,38.8350,38.8350,0.00,AMARELO,,Nao,Nao
1069,VERDURAS,Mostarda,SP,,2026-06,6.0000,6.0000,0.00,AMARELO,,Nao,Nao
1069,VERDURAS,Mostarda,SP,,2026-07,6.0000,6.0000,0.00,AMARELO,,Nao,Nao
1193,VERDURAS,Mostarda Hidropônica,SP,,2026-07,34.3400,34.3400,0.00,AMARELO,,Nao,Nao
1193,VERDURAS,Mostarda Hidropônica,SP,,2026-06,33.2300,33.2300,0.00,AMARELO,,Nao,Nao
1041,VERDURAS,Moyashi,SP,,2026-07,5.5000,5.5000,0.00,AMARELO,,Nao,Nao
1041,VERDURAS,Moyashi,SP,,2026-06,5.5000,5.5000,0.00,AMARELO,,Nao,Nao
1031,VERDURAS,Nabo,SP,,2026-07,85.5200,85.5200,0.00,AMARELO,,Nao,Nao
1031,VERDURAS,Nabo,SP,,2026-06,83.3200,83.3200,0.00,AMARELO,,Nao,Nao
1153,PESCADOS,Namorado,SP,,2026-07,47.9200,47.9200,0.00,AMARELO,,Nao,Nao
1153,PESCADOS,Namorado,SP,,2026-06,45.5000,45.5000,0.00,AMARELO,,Nao,Nao
2468,FRUTAS,Nectarina Nacional,SP,,2026-06,3.5400,3.5400,0.00,AMARELO,,Nao,Nao
965,FRUTAS,Nêspera,SP,,2026-07,31.9800,31.9800,0.00,AMARELO,,Nao,Nao
965,FRUTAS,Nêspera,SP,,2026-06,33.9200,33.9200,0.00,AMARELO,,Nao,Nao
1094,LEGUMES,Nigagori,SP,,2026-06,9.0000,9.0000,0.00,AMARELO,,Nao,Nao
1094,LEGUMES,Nigagori,SP,,2026-07,9.0000,9.0000,0.00,AMARELO,,Nao,Nao
1023,FRUTAS,Nozes Importada,SP,,2026-06,45.0000,45.0000,0.00,AMARELO,,Nao,Nao
792,ALIMENTO_VAREJO,OLEO DE SOJA - REFINADO,SP,,2025-12,9.7400,8.7571,11.22,AMARELO,,Nao,Nao
792,ALIMENTO_VAREJO,OLEO DE SOJA - REFINADO,SP,,2025-10,9.2800,8.7571,5.97,AMARELO,,Nao,Nao
792,ALIMENTO_VAREJO,OLEO DE SOJA - REFINADO,SP,,2025-09,8.7400,8.7571,-0.20,AMARELO,,Nao,Nao
792,ALIMENTO_VAREJO,OLEO DE SOJA - REFINADO,SP,,2025-08,8.1700,8.7571,-6.70,AMARELO,,Nao,Nao
792,ALIMENTO_VAREJO,OLEO DE SOJA - REFINADO,SP,,2025-07,8.0300,8.7571,-8.30,AMARELO,,Nao,Nao
792,ALIMENTO_VAREJO,OLEO DE SOJA - REFINADO,SP,,2025-06,8.0000,8.7571,-8.65,AMARELO,,Nao,Nao
792,ALIMENTO_VAREJO,OLEO DE SOJA - REFINADO,SP,SÃO PAULO-SP,2026-04,9.1200,8.7800,3.87,AMARELO,,Nao,Nao
792,ALIMENTO_VAREJO,OLEO DE SOJA - REFINADO,SP,SÃO PAULO-SP,2026-03,9.1700,8.7800,4.44,AMARELO,,Nao,Nao
792,ALIMENTO_VAREJO,OLEO DE SOJA - REFINADO,SP,SÃO PAULO-SP,2026-02,9.3000,8.7800,5.92,AMARELO,,Nao,Nao
792,ALIMENTO_VAREJO,OLEO DE SOJA - REFINADO,SP,SÃO PAULO-SP,2026-01,9.4400,8.7800,7.52,AMARELO,,Nao,Nao
792,ALIMENTO_VAREJO,OLEO DE SOJA - REFINADO,SP,SÃO PAULO-SP,2025-12,9.7400,8.7800,10.93,AMARELO,,Nao,Nao
792,ALIMENTO_VAREJO,OLEO DE SOJA - REFINADO,SP,SÃO PAULO-SP,2025-11,9.5800,8.7800,9.11,AMARELO,,Nao,Nao
792,ALIMENTO_VAREJO,OLEO DE SOJA - REFINADO,SP,SÃO PAULO-SP,2025-10,9.1100,8.7800,3.76,AMARELO,,Nao,Nao
792,ALIMENTO_VAREJO,OLEO DE SOJA - REFINADO,SP,SÃO PAULO-SP,2025-09,8.7400,8.7800,-0.46,AMARELO,,Nao,Nao
792,ALIMENTO_VAREJO,OLEO DE SOJA - REFINADO,SP,SÃO PAULO-SP,2025-08,8.1700,8.7800,-6.95,AMARELO,,Nao,Nao
792,ALIMENTO_VAREJO,OLEO DE SOJA - REFINADO,SP,SÃO PAULO-SP,2025-07,8.0300,8.7800,-8.54,AMARELO,,Nao,Nao
792,ALIMENTO_VAREJO,OLEO DE SOJA - REFINADO,SP,SÃO PAULO-SP,2025-06,8.0900,8.7800,-7.86,AMARELO,,Nao,Nao
792,ALIMENTO_VAREJO,OLEO DE SOJA - REFINADO,SP,,2026-04,9.1200,8.7571,4.14,AMARELO,,Nao,Nao
792,ALIMENTO_VAREJO,OLEO DE SOJA - REFINADO,SP,,2026-03,9.1700,8.7571,4.72,AMARELO,,Nao,Nao
792,ALIMENTO_VAREJO,OLEO DE SOJA - REFINADO,SP,,2026-02,9.3000,8.7571,6.20,AMARELO,,Nao,Nao
792,ALIMENTO_VAREJO,OLEO DE SOJA - REFINADO,SP,,2026-01,9.4400,8.7571,7.80,AMARELO,,Nao,Nao
792,ALIMENTO_VAREJO,OLEO DE SOJA - REFINADO,SP,,2025-11,9.3400,8.7571,6.66,AMARELO,,Nao,Nao
825,ALIMENTO_VAREJO,OLEO VEGETAL - NÃO INFORMADO,SP,,2025-10,19.0000,19.0000,0.00,AMARELO,,Sim,Nao
825,ALIMENTO_VAREJO,OLEO VEGETAL - NÃO INFORMADO,SP,,2025-11,19.0000,19.0000,0.00,AMARELO,,Sim,Nao
825,ALIMENTO_VAREJO,OLEO VEGETAL - NÃO INFORMADO,SP,,2025-12,19.0000,19.0000,0.00,AMARELO,,Sim,Nao
825,ALIMENTO_VAREJO,OLEO VEGETAL - NÃO INFORMADO,SP,SANTA SALETE-SP,2025-10,19.0000,19.0000,0.00,AMARELO,,Sim,Nao
825,ALIMENTO_VAREJO,OLEO VEGETAL - NÃO INFORMADO,SP,SANTA SALETE-SP,2025-11,19.0000,19.0000,0.00,AMARELO,,Sim,Nao
825,ALIMENTO_VAREJO,OLEO VEGETAL - NÃO INFORMADO,SP,SANTA SALETE-SP,2025-12,19.0000,19.0000,0.00,AMARELO,,Sim,Nao
921,PESCADOS,Olhete,SP,,2026-06,15.2200,15.2200,0.00,AMARELO,,Nao,Nao
921,PESCADOS,Olhete,SP,,2026-07,13.5000,13.5000,0.00,AMARELO,,Nao,Nao
1101,VERDURAS,Orégano,SP,,2026-07,4.0000,4.0000,0.00,AMARELO,,Nao,Nao
1101,VERDURAS,Orégano,SP,,2026-06,4.9800,4.9800,0.00,AMARELO,,Nao,Nao
938,PESCADOS,Ostra,SP,,2026-06,2.4800,2.4800,0.00,AMARELO,,Nao,Nao
1157,PESCADOS,Oveva,SP,,2026-06,3.9000,3.9000,0.00,AMARELO,,Nao,Nao
978,ALIMENTO_VAREJO,Ovo Branco,SP,,2026-06,126.1917,126.1917,0.00,AMARELO,,Nao,Nao
978,ALIMENTO_VAREJO,Ovo Branco,SP,,2026-07,122.1367,122.1367,0.00,AMARELO,,Nao,Nao
1043,ALIMENTO_VAREJO,Ovo de Codorna,SP,,2026-06,6.9800,6.9800,0.00,AMARELO,,Nao,Nao
1043,ALIMENTO_VAREJO,Ovo de Codorna,SP,,2026-07,6.5600,6.5600,0.00,AMARELO,,Nao,Nao
1095,ALIMENTO_VAREJO,Ovo Vermelho,SP,,2025-11,90.0000,90.0000,0.00,AMARELO,,Nao,Nao
1095,ALIMENTO_VAREJO,Ovo Vermelho,SP,,2026-05,90.0000,90.0000,0.00,AMARELO,,Nao,Nao
1095,ALIMENTO_VAREJO,Ovo Vermelho,SP,,2026-04,90.0000,90.0000,0.00,AMARELO,,Nao,Nao
1095,ALIMENTO_VAREJO,Ovo Vermelho,SP,,2026-03,90.0000,90.0000,0.00,AMARELO,,Nao,Nao
1095,ALIMENTO_VAREJO,Ovo Vermelho,SP,,2026-02,90.0000,90.0000,0.00,AMARELO,,Nao,Nao
1095,ALIMENTO_VAREJO,Ovo Vermelho,SP,,2026-01,90.0000,90.0000,0.00,AMARELO,,Nao,Nao
1095,ALIMENTO_VAREJO,Ovo Vermelho,SP,,2025-12,90.0000,90.0000,0.00,AMARELO,,Nao,Nao
1095,ALIMENTO_VAREJO,Ovo Vermelho,SP,,2025-10,90.0000,90.0000,0.00,AMARELO,,Nao,Nao
1095,ALIMENTO_VAREJO,Ovo Vermelho,SP,,2025-09,90.0000,90.0000,0.00,AMARELO,,Nao,Nao
1095,ALIMENTO_VAREJO,Ovo Vermelho,SP,,2025-08,90.0000,90.0000,0.00,AMARELO,,Nao,Nao
1095,ALIMENTO_VAREJO,Ovo Vermelho,SP,,2025-07,90.0000,90.0000,0.00,AMARELO,,Nao,Nao
1095,ALIMENTO_VAREJO,Ovo Vermelho,SP,,2025-06,90.0000,90.0000,0.00,AMARELO,,Nao,Nao
1095,ALIMENTO_VAREJO,Ovo Vermelho,SP,,2025-05,90.0000,90.0000,0.00,AMARELO,,Nao,Nao
1095,ALIMENTO_VAREJO,Ovo Vermelho,SP,,2025-04,90.0000,90.0000,0.00,AMARELO,,Nao,Nao
1095,ALIMENTO_VAREJO,Ovo Vermelho,SP,,2025-03,90.0000,90.0000,0.00,AMARELO,,Nao,Nao
1095,ALIMENTO_VAREJO,Ovo Vermelho,SP,,2025-02,90.0000,90.0000,0.00,AMARELO,,Nao,Nao
1095,ALIMENTO_VAREJO,Ovo Vermelho,SP,,2025-01,90.0000,90.0000,0.00,AMARELO,,Nao,Nao
751,PROTEINAS,OVOS DE GALINHA - GRANDE BRANCO,SP,TUPÃ-SP,2025-06,0.4500,0.3929,14.53,AMARELO,,Nao,Nao
751,PROTEINAS,OVOS DE GALINHA - GRANDE BRANCO,SP,TUPÃ-SP,2025-07,0.4100,0.3929,4.35,AMARELO,,Nao,Nao
751,PROTEINAS,OVOS DE GALINHA - GRANDE BRANCO,SP,TUPÃ-SP,2025-08,0.4200,0.3929,6.90,AMARELO,,Nao,Nao
751,PROTEINAS,OVOS DE GALINHA - GRANDE BRANCO,SP,TUPÃ-SP,2025-09,0.4000,0.3929,1.81,AMARELO,,Nao,Nao
751,PROTEINAS,OVOS DE GALINHA - GRANDE BRANCO,SP,TUPÃ-SP,2025-10,0.3800,0.3929,-3.28,AMARELO,,Nao,Nao
751,PROTEINAS,OVOS DE GALINHA - GRANDE BRANCO,SP,TUPÃ-SP,2025-11,0.3600,0.3929,-8.37,AMARELO,,Nao,Nao
751,PROTEINAS,OVOS DE GALINHA - GRANDE BRANCO,SP,,2025-06,0.4600,0.5286,-12.98,AMARELO,,Nao,Nao
751,PROTEINAS,OVOS DE GALINHA - GRANDE BRANCO,SP,,2025-12,0.5700,0.5286,7.83,AMARELO,,Nao,Nao
751,PROTEINAS,OVOS DE GALINHA - GRANDE BRANCO,SP,SÃO PAULO-SP,2025-12,0.5700,0.6400,-10.94,AMARELO,,Nao,Nao
751,PROTEINAS,OVOS DE GALINHA - GRANDE BRANCO,SP,GUARARAPES-SP,2025-12,0.3400,0.4000,-15.00,AMARELO,,Nao,Nao
751,PROTEINAS,OVOS DE GALINHA - GRANDE BRANCO,SP,SÃO PAULO-SP,2025-06,0.6700,0.6400,4.69,AMARELO,,Nao,Nao
751,PROTEINAS,OVOS DE GALINHA - GRANDE BRANCO,SP,GUARARAPES-SP,2025-11,0.3600,0.4000,-10.00,AMARELO,,Nao,Nao
751,PROTEINAS,OVOS DE GALINHA - GRANDE BRANCO,SP,GUARARAPES-SP,2025-10,0.3900,0.4000,-2.50,AMARELO,,Nao,Nao
751,PROTEINAS,OVOS DE GALINHA - GRANDE BRANCO,SP,GUARARAPES-SP,2025-09,0.4100,0.4000,2.50,AMARELO,,Nao,Nao
751,PROTEINAS,OVOS DE GALINHA - GRANDE BRANCO,SP,GUARARAPES-SP,2025-08,0.4200,0.4000,5.00,AMARELO,,Nao,Nao
751,PROTEINAS,OVOS DE GALINHA - GRANDE BRANCO,SP,GUARARAPES-SP,2025-07,0.4200,0.4000,5.00,AMARELO,,Nao,Nao
751,PROTEINAS,OVOS DE GALINHA - GRANDE BRANCO,SP,GUARARAPES-SP,2025-06,0.4600,0.4000,15.00,AMARELO,,Nao,Nao
751,PROTEINAS,OVOS DE GALINHA - GRANDE BRANCO,SP,SÃO PAULO-SP,2025-11,0.6100,0.6400,-4.69,AMARELO,,Nao,Nao
751,PROTEINAS,OVOS DE GALINHA - GRANDE BRANCO,SP,SÃO PAULO-SP,2025-09,0.6300,0.6400,-1.56,AMARELO,,Nao,Nao
751,PROTEINAS,OVOS DE GALINHA - GRANDE BRANCO,SP,SÃO PAULO-SP,2025-08,0.6800,0.6400,6.25,AMARELO,,Nao,Nao
751,PROTEINAS,OVOS DE GALINHA - GRANDE BRANCO,SP,SÃO PAULO-SP,2025-07,0.6200,0.6400,-3.12,AMARELO,,Nao,Nao
751,PROTEINAS,OVOS DE GALINHA - GRANDE BRANCO,SP,SÃO PAULO-SP,2025-10,0.7000,0.6400,9.38,AMARELO,,Nao,Nao
1081,VERDURAS,Palmito Pupunha,SP,,2026-07,13.9500,13.9500,0.00,AMARELO,,Nao,Nao
1081,VERDURAS,Palmito Pupunha,SP,,2026-06,12.0900,12.0900,0.00,AMARELO,,Nao,Nao
942,PESCADOS,Pampo,SP,,2026-06,3.8100,3.8100,0.00,AMARELO,,Nao,Nao
942,PESCADOS,Pampo,SP,,2026-07,4.9000,4.9000,0.00,AMARELO,,Nao,Nao
864,ALIMENTO_VAREJO,PAO - FRANCÊS,SP,,2025-06,15.0900,17.5486,-14.01,AMARELO,,Nao,Nao
864,ALIMENTO_VAREJO,PAO - FRANCÊS,SP,,2025-08,15.8200,17.5486,-9.85,AMARELO,,Nao,Nao
864,ALIMENTO_VAREJO,PAO - FRANCÊS,SP,,2025-09,19.1900,17.5486,9.35,AMARELO,,Nao,Nao
864,ALIMENTO_VAREJO,PAO - FRANCÊS,SP,,2026-01,19.4700,17.5486,10.95,AMARELO,,Nao,Nao
864,ALIMENTO_VAREJO,PAO - FRANCÊS,SP,,2026-02,19.5800,17.5486,11.58,AMARELO,,Nao,Nao
864,ALIMENTO_VAREJO,PAO - FRANCÊS,SP,,2026-03,19.6400,17.5486,11.92,AMARELO,,Nao,Nao
864,ALIMENTO_VAREJO,PAO - FRANCÊS,SP,,2026-04,19.6000,17.5486,11.69,AMARELO,,Nao,Nao
864,ALIMENTO_VAREJO,PAO - FRANCÊS,SP,SÃO PAULO-SP,2026-04,19.6000,17.5486,11.69,AMARELO,,Nao,Nao
864,ALIMENTO_VAREJO,PAO - FRANCÊS,SP,SÃO PAULO-SP,2026-03,19.6400,17.5486,11.92,AMARELO,,Nao,Nao
864,ALIMENTO_VAREJO,PAO - FRANCÊS,SP,SÃO PAULO-SP,2026-02,19.5800,17.5486,11.58,AMARELO,,Nao,Nao
864,ALIMENTO_VAREJO,PAO - FRANCÊS,SP,SÃO PAULO-SP,2026-01,19.4700,17.5486,10.95,AMARELO,,Nao,Nao
864,ALIMENTO_VAREJO,PAO - FRANCÊS,SP,SÃO PAULO-SP,2025-12,19.4200,17.5486,10.66,AMARELO,,Nao,Nao
864,ALIMENTO_VAREJO,PAO - FRANCÊS,SP,SÃO PAULO-SP,2025-11,19.3300,17.5486,10.15,AMARELO,,Nao,Nao
864,ALIMENTO_VAREJO,PAO - FRANCÊS,SP,SÃO PAULO-SP,2025-10,19.3400,17.5486,10.21,AMARELO,,Nao,Nao
864,ALIMENTO_VAREJO,PAO - FRANCÊS,SP,SÃO PAULO-SP,2025-09,19.1900,17.5486,9.35,AMARELO,,Nao,Nao
864,ALIMENTO_VAREJO,PAO - FRANCÊS,SP,SÃO PAULO-SP,2025-08,15.8200,17.5486,-9.85,AMARELO,,Nao,Nao
864,ALIMENTO_VAREJO,PAO - FRANCÊS,SP,SÃO PAULO-SP,2025-06,15.0900,17.5486,-14.01,AMARELO,,Nao,Nao
864,ALIMENTO_VAREJO,PAO - FRANCÊS,SP,,2025-10,19.3400,17.5486,10.21,AMARELO,,Nao,Nao
864,ALIMENTO_VAREJO,PAO - FRANCÊS,SP,,2025-11,19.3300,17.5486,10.15,AMARELO,,Nao,Nao
864,ALIMENTO_VAREJO,PAO - FRANCÊS,SP,,2025-12,19.4200,17.5486,10.66,AMARELO,,Nao,Nao
1074,PESCADOS,Pargo,SP,,2026-07,17.7200,17.7200,0.00,AMARELO,,Nao,Nao
1074,PESCADOS,Pargo,SP,,2026-06,13.6867,13.6867,0.00,AMARELO,,Nao,Nao
1015,PESCADOS,Peixe-Cabra,SP,,2026-07,3.6200,3.6200,0.00,AMARELO,,Nao,Nao
1015,PESCADOS,Peixe-Cabra,SP,,2026-06,3.9000,3.9000,0.00,AMARELO,,Nao,Nao
1138,PESCADOS,Peixe - Espada,SP,,2026-06,7.0333,7.0333,0.00,AMARELO,,Nao,Nao
1138,PESCADOS,Peixe - Espada,SP,,2026-07,6.9000,6.9000,0.00,AMARELO,,Nao,Nao
1177,LEGUMES,Pepino Caipira,SP,,2026-06,1.7300,1.7300,0.00,AMARELO,,Nao,Nao
1177,LEGUMES,Pepino Caipira,SP,,2026-07,1.7567,1.7567,0.00,AMARELO,,Nao,Nao
1050,LEGUMES,Pepino Comum,SP,,2026-06,4.5250,4.5250,0.00,AMARELO,,Nao,Nao
1050,LEGUMES,Pepino Comum,SP,,2026-07,4.2475,4.2475,0.00,AMARELO,,Nao,Nao
1026,LEGUMES,Pepino Japonês,SP,,2026-07,5.0433,5.0433,0.00,AMARELO,,Nao,Nao
1026,LEGUMES,Pepino Japonês,SP,,2026-06,5.7567,5.7567,0.00,AMARELO,,Nao,Nao
2387,FRUTAS,Pera Danjou Importada,SP,,2026-06,12.6633,12.6633,0.00,AMARELO,,Nao,Nao
2387,FRUTAS,Pera Danjou Importada,SP,,2026-07,13.4300,13.4300,0.00,AMARELO,,Nao,Nao
1201,FRUTAS,Pera Ercolini Importada,SP,,2026-07,11.0720,11.0720,0.00,AMARELO,,Nao,Nao
1201,FRUTAS,Pera Ercolini Importada,SP,,2026-06,10.5200,10.5200,0.00,AMARELO,,Nao,Nao
2470,FRUTAS,Pera Forelli Importada,SP,,2026-06,12.6633,12.6633,0.00,AMARELO,,Nao,Nao
1047,FRUTAS,Pera Nacional,SP,,2026-06,13.7500,13.7500,0.00,AMARELO,,Nao,Nao
1047,FRUTAS,Pera Nacional,SP,,2026-07,13.7500,13.7500,0.00,AMARELO,,Nao,Nao
1053,FRUTAS,Pera Packhams Triumph Importada,SP,,2026-07,8.0460,8.0460,0.00,AMARELO,,Nao,Nao
1053,FRUTAS,Pera Packhams Triumph Importada,SP,,2026-06,9.0670,9.0670,0.00,AMARELO,,Nao,Nao
1049,FRUTAS,Pera Red Bartlett Importada,SP,,2026-06,7.8900,7.8900,0.00,AMARELO,,Nao,Nao
1049,FRUTAS,Pera Red Bartlett Importada,SP,,2026-07,7.7800,7.7800,0.00,AMARELO,,Nao,Nao
1702,FRUTAS,Pera William Importada,SP,,2026-06,12.6633,12.6633,0.00,AMARELO,,Nao,Nao
1702,FRUTAS,Pera William Importada,SP,,2026-07,13.4300,13.4300,0.00,AMARELO,,Nao,Nao
1176,PESCADOS,Pescada Amarela,SP,,2026-07,40.9800,44.0551,-6.98,AMARELO,,Sim,Nao
1086,PESCADOS,Pescada Bicuda,SP,,2026-06,4.9000,4.9000,0.00,AMARELO,,Nao,Nao
1163,PESCADOS,Pescada Branca,SP,,2026-07,9.8967,9.8967,0.00,AMARELO,,Nao,Nao
1163,PESCADOS,Pescada Branca,SP,,2026-06,9.8000,9.8000,0.00,AMARELO,,Nao,Nao
1144,PESCADOS,Pescada Goete,SP,,2026-06,5.9000,5.9000,0.00,AMARELO,,Nao,Nao
1144,PESCADOS,Pescada Goete,SP,,2026-07,6.0800,6.0800,0.00,AMARELO,,Nao,Nao
2572,PESCADOS,Pescada Maria Mole,SP,,2026-07,7.9000,7.9000,0.00,AMARELO,,Nao,Nao
2482,FRUTAS,Pêssego Imp Estados Unidos,SP,,2026-07,60.0000,60.0000,0.00,AMARELO,,Nao,Nao
2478,FRUTAS,Pêssego Importado,SP,,2026-07,60.0000,60.0000,0.00,AMARELO,,Nao,Nao
2484,FRUTAS,Pêssego Nacional,SP,,2026-06,3.5400,3.5400,0.00,AMARELO,,Nao,Nao
1010,FRUTAS,Physalis,SP,,2026-06,68.7500,68.7500,0.00,AMARELO,,Nao,Nao
1010,FRUTAS,Physalis,SP,,2026-07,57.7800,57.7800,0.00,AMARELO,,Nao,Nao
951,LEGUMES,Pimenta Cambuci,SP,,2026-06,12.0750,12.0750,0.00,AMARELO,,Nao,Nao
951,LEGUMES,Pimenta Cambuci,SP,,2026-07,15.6533,15.6533,0.00,AMARELO,,Nao,Nao
941,LEGUMES,Pimenta Dedo de Moça,SP,,2026-06,7.6700,7.6700,0.00,AMARELO,,Nao,Nao
941,LEGUMES,Pimenta Dedo de Moça,SP,,2026-07,8.7300,8.7300,0.00,AMARELO,,Nao,Nao
1123,LEGUMES,Pimenta Malagueta/Malaguetão,SP,,2026-06,22.2600,22.2600,0.00,AMARELO,,Nao,Nao
1123,LEGUMES,Pimenta Malagueta/Malaguetão,SP,,2026-07,21.5900,21.5900,0.00,AMARELO,,Nao,Nao
1007,LEGUMES,Pimenta Verde,SP,,2026-06,10.0000,10.0000,0.00,AMARELO,,Nao,Nao
1007,LEGUMES,Pimenta Verde,SP,,2026-07,10.0000,10.0000,0.00,AMARELO,,Nao,Nao
1055,LEGUMES,Pimenta Verde Americana,SP,,2026-07,8.8100,8.8100,0.00,AMARELO,,Nao,Nao
1055,LEGUMES,Pimenta Verde Americana,SP,,2026-06,12.5850,12.5850,0.00,AMARELO,,Nao,Nao
1084,LEGUMES,Pimentão Amarelo,SP,,2026-07,6.4200,6.4200,0.00,AMARELO,,Nao,Nao
1084,LEGUMES,Pimentão Amarelo,SP,,2026-06,6.8789,6.8789,0.00,AMARELO,,Nao,Nao
1116,LEGUMES,Pimentão Verde,SP,,2026-06,6.0633,6.0633,0.00,AMARELO,,Nao,Nao
1065,LEGUMES,Pimentão Vermelho,SP,,2026-06,7.2100,7.2100,0.00,AMARELO,,Nao,Nao
2488,FRUTAS,Pinha,SP,,2026-07,10.7567,10.7567,0.00,AMARELO,,Nao,Nao
948,ALIMENTO_VAREJO,Pinhão,SP,,2026-07,9.9800,9.9800,0.00,AMARELO,,Nao,Nao
948,ALIMENTO_VAREJO,Pinhão,SP,,2026-06,9.9500,9.9500,0.00,AMARELO,,Nao,Nao
1099,PESCADOS,Pintado,SP,,2026-06,27.5000,27.5000,0.00,AMARELO,,Nao,Nao
977,FRUTAS,Pitaia,SP,,2026-06,53.5900,53.5900,0.00,AMARELO,,Nao,Nao
977,FRUTAS,Pitaia,SP,,2026-07,46.3300,46.3300,0.00,AMARELO,,Nao,Nao
2489,FRUTAS,Pitanga,SP,,2026-07,90.0000,90.0000,0.00,AMARELO,,Nao,Nao
1182,PESCADOS,Polvo,SP,,2026-06,37.3333,37.3333,0.00,AMARELO,,Nao,Nao
1182,PESCADOS,Polvo,SP,,2026-07,44.0800,44.0800,0.00,AMARELO,,Nao,Nao
2576,PESCADOS,Prego,SP,,2026-07,24.5000,24.5000,0.00,AMARELO,,Nao,Nao
1111,LEGUMES,Quiabo,SP,,2026-07,9.2200,9.2200,0.00,AMARELO,,Nao,Nao
1111,LEGUMES,Quiabo,SP,,2026-06,8.2367,8.2367,0.00,AMARELO,,Nao,Nao
1213,FRUTAS,Quincam,SP,,2026-07,22.5000,22.5000,0.00,AMARELO,,Nao,Nao
1213,FRUTAS,Quincam,SP,,2026-06,22.5000,22.5000,0.00,AMARELO,,Nao,Nao
1130,VERDURAS,Rabanete,SP,,2026-06,59.8300,59.8300,0.00,AMARELO,,Nao,Nao
1130,VERDURAS,Rabanete,SP,,2026-07,62.6800,62.6800,0.00,AMARELO,,Nao,Nao
1106,VERDURAS,Radicchio,SP,,2026-06,56.7700,56.7700,0.00,AMARELO,,Nao,Nao
1106,VERDURAS,Radicchio,SP,,2026-07,51.2100,51.2100,0.00,AMARELO,,Nao,Nao
1210,VERDURAS,Repolho Roxo,SP,,2026-06,73.8600,73.8600,0.00,AMARELO,,Nao,Nao
1210,VERDURAS,Repolho Roxo,SP,,2026-07,76.7800,76.7800,0.00,AMARELO,,Nao,Nao
1188,VERDURAS,Repolho Verde Liso,SP,,2026-07,51.4800,51.4800,0.00,AMARELO,,Nao,Nao
1188,VERDURAS,Repolho Verde Liso,SP,,2026-06,50.3800,50.3800,0.00,AMARELO,,Nao,Nao
1209,PESCADOS,Robalo,SP,,2026-07,49.0000,49.0000,0.00,AMARELO,,Nao,Nao
1209,PESCADOS,Robalo,SP,,2026-06,49.0000,49.0000,0.00,AMARELO,,Nao,Nao
923,FRUTAS,Romã,SP,,2026-07,27.8700,27.8700,0.00,AMARELO,,Nao,Nao
923,FRUTAS,Romã,SP,,2026-06,27.8200,27.8200,0.00,AMARELO,,Nao,Nao
935,PESCADOS,Roncador,SP,,2026-06,3.9000,3.9000,0.00,AMARELO,,Nao,Nao
1036,VERDURAS,Rúcula Hidropônica,SP,,2026-07,28.2900,28.2900,0.00,AMARELO,,Nao,Nao
1036,VERDURAS,Rúcula Hidropônica,SP,,2026-06,25.4200,25.4200,0.00,AMARELO,,Nao,Nao
808,ALIMENTO_VAREJO,SAL - NÃO INFORMADO,SP,,2025-08,2.8000,2.7967,0.12,AMARELO,,Sim,Nao
808,ALIMENTO_VAREJO,SAL - NÃO INFORMADO,SP,,2025-07,2.8500,2.7967,1.91,AMARELO,,Sim,Nao
808,ALIMENTO_VAREJO,SAL - NÃO INFORMADO,SP,,2025-06,2.7400,2.7967,-2.03,AMARELO,,Sim,Nao
808,ALIMENTO_VAREJO,SAL - NÃO INFORMADO,SP,SÃO PAULO-SP,2025-06,2.7400,2.7967,-2.03,AMARELO,,Sim,Nao
808,ALIMENTO_VAREJO,SAL - NÃO INFORMADO,SP,SÃO PAULO-SP,2025-07,2.8500,2.7967,1.91,AMARELO,,Sim,Nao
808,ALIMENTO_VAREJO,SAL - NÃO INFORMADO,SP,SÃO PAULO-SP,2025-08,2.8000,2.7967,0.12,AMARELO,,Sim,Nao
955,PESCADOS,Salmão Importado Chile,SP,,2026-07,53.0900,53.0900,0.00,AMARELO,,Nao,Nao
955,PESCADOS,Salmão Importado Chile,SP,,2026-06,60.7100,60.7100,0.00,AMARELO,,Nao,Nao
1059,VERDURAS,Salsa,SP,,2026-04,71.9444,71.9444,0.00,AMARELO,,Nao,Nao
1059,VERDURAS,Salsa,SP,,2025-10,71.9444,71.9444,0.00,AMARELO,,Nao,Nao
1059,VERDURAS,Salsa,SP,,2025-11,71.9444,71.9444,0.00,AMARELO,,Nao,Nao
1059,VERDURAS,Salsa,SP,,2025-07,71.9444,71.9444,0.00,AMARELO,,Nao,Nao
1059,VERDURAS,Salsa,SP,,2026-03,71.9444,71.9444,0.00,AMARELO,,Nao,Nao
1059,VERDURAS,Salsa,SP,,2026-02,71.9444,71.9444,0.00,AMARELO,,Nao,Nao
1059,VERDURAS,Salsa,SP,,2025-08,71.9444,71.9444,0.00,AMARELO,,Nao,Nao
1059,VERDURAS,Salsa,SP,,2026-01,71.9444,71.9444,0.00,AMARELO,,Nao,Nao
1059,VERDURAS,Salsa,SP,,2025-12,71.9444,71.9444,0.00,AMARELO,,Nao,Nao
1059,VERDURAS,Salsa,SP,,2026-05,71.9444,71.9444,0.00,AMARELO,,Nao,Nao
1059,VERDURAS,Salsa,SP,,2025-09,71.9444,71.9444,0.00,AMARELO,,Nao,Nao
1059,VERDURAS,Salsa,SP,,2026-06,65.7400,71.9444,-8.62,AMARELO,,Nao,Nao
1059,VERDURAS,Salsa,SP,,2025-03,71.9444,71.9444,0.00,AMARELO,,Nao,Nao
1059,VERDURAS,Salsa,SP,,2025-04,71.9444,71.9444,0.00,AMARELO,,Nao,Nao
1059,VERDURAS,Salsa,SP,,2025-05,71.9444,71.9444,0.00,AMARELO,,Nao,Nao
1059,VERDURAS,Salsa,SP,,2025-06,71.9444,71.9444,0.00,AMARELO,,Nao,Nao
1059,VERDURAS,Salsa,SP,,2025-02,71.9444,71.9444,0.00,AMARELO,,Nao,Nao
1059,VERDURAS,Salsa,SP,,2025-01,71.9444,71.9444,0.00,AMARELO,,Nao,Nao
1113,VERDURAS,Salsão Branco/Verde,SP,,2026-06,50.9000,50.9000,0.00,AMARELO,,Nao,Nao
1113,VERDURAS,Salsão Branco/Verde,SP,,2026-07,51.4150,51.4150,0.00,AMARELO,,Nao,Nao
1170,VERDURAS,Sálvia,SP,,2026-06,4.9500,4.9500,0.00,AMARELO,,Nao,Nao
1170,VERDURAS,Sálvia,SP,,2026-07,5.4100,5.4100,0.00,AMARELO,,Nao,Nao
2577,PESCADOS,Sardinha Congelada,SP,,2026-06,3.5400,3.5400,0.00,AMARELO,,Nao,Nao
1131,PESCADOS,Sardinha Fresca,SP,,2026-07,4.6300,4.6300,0.00,AMARELO,,Nao,Nao
1131,PESCADOS,Sardinha Fresca,SP,,2026-06,4.8000,4.8000,0.00,AMARELO,,Nao,Nao
1179,PESCADOS,Siri,SP,,2026-07,19.0000,19.0000,0.00,AMARELO,,Nao,Nao
1179,PESCADOS,Siri,SP,,2026-06,19.0000,19.0000,0.00,AMARELO,,Nao,Nao
837,CEREAIS_GRAOS,SOJA - EM GRÃOS,SP,ASSIS-SP,2025-06,2.0200,2.0471,-1.32,AMARELO,,Nao,Nao
837,CEREAIS_GRAOS,SOJA - EM GRÃOS,SP,ASSIS-SP,2025-07,2.0200,2.0471,-1.32,AMARELO,,Nao,Nao
837,CEREAIS_GRAOS,SOJA - EM GRÃOS,SP,ASSIS-SP,2025-08,2.0700,2.0471,1.12,AMARELO,,Nao,Nao
837,CEREAIS_GRAOS,SOJA - EM GRÃOS,SP,ASSIS-SP,2025-09,2.0200,2.0471,-1.32,AMARELO,,Nao,Nao
837,CEREAIS_GRAOS,SOJA - EM GRÃOS,SP,ASSIS-SP,2025-10,2.0300,2.0471,-0.84,AMARELO,,Nao,Nao
837,CEREAIS_GRAOS,SOJA - EM GRÃOS,SP,ASSIS-SP,2025-11,2.0700,2.0471,1.12,AMARELO,,Nao,Nao
837,CEREAIS_GRAOS,SOJA - EM GRÃOS,SP,ASSIS-SP,2025-12,2.1000,2.0471,2.58,AMARELO,,Nao,Nao
837,CEREAIS_GRAOS,SOJA - EM GRÃOS,SP,ORLÂNDIA-SP,2025-06,2.0400,2.0986,-2.79,AMARELO,,Nao,Nao
837,CEREAIS_GRAOS,SOJA - EM GRÃOS,SP,ORLÂNDIA-SP,2025-07,1.9700,2.0986,-6.13,AMARELO,,Nao,Nao
837,CEREAIS_GRAOS,SOJA - EM GRÃOS,SP,ORLÂNDIA-SP,2025-08,2.0400,2.0986,-2.79,AMARELO,,Nao,Nao
837,CEREAIS_GRAOS,SOJA - EM GRÃOS,SP,,2025-06,2.0300,2.0586,-1.39,AMARELO,,Nao,Nao
837,CEREAIS_GRAOS,SOJA - EM GRÃOS,SP,,2025-07,2.0000,2.0586,-2.85,AMARELO,,Nao,Nao
837,CEREAIS_GRAOS,SOJA - EM GRÃOS,SP,,2025-08,2.0600,2.0586,0.07,AMARELO,,Nao,Nao
837,CEREAIS_GRAOS,SOJA - EM GRÃOS,SP,,2025-09,2.0700,2.0586,0.55,AMARELO,,Nao,Nao
837,CEREAIS_GRAOS,SOJA - EM GRÃOS,SP,,2025-10,2.0600,2.0586,0.07,AMARELO,,Nao,Nao
837,CEREAIS_GRAOS,SOJA - EM GRÃOS,SP,,2025-11,2.0800,2.0586,1.04,AMARELO,,Nao,Nao
837,CEREAIS_GRAOS,SOJA - EM GRÃOS,SP,,2025-12,2.1100,2.0586,2.50,AMARELO,,Nao,Nao
837,CEREAIS_GRAOS,SOJA - EM GRÃOS,SP,,2026-01,2.0200,2.0586,-1.88,AMARELO,,Nao,Nao
837,CEREAIS_GRAOS,SOJA - EM GRÃOS,SP,,2026-02,1.8900,2.0586,-8.19,AMARELO,,Nao,Nao
837,CEREAIS_GRAOS,SOJA - EM GRÃOS,SP,,2026-03,1.9100,2.0586,-7.22,AMARELO,,Nao,Nao
837,CEREAIS_GRAOS,SOJA - EM GRÃOS,SP,,2026-04,1.9100,2.0586,-7.22,AMARELO,,Nao,Nao
837,CEREAIS_GRAOS,SOJA - EM GRÃOS,SP,ORLÂNDIA-SP,2025-09,2.1900,2.0986,4.36,AMARELO,,Nao,Nao
837,CEREAIS_GRAOS,SOJA - EM GRÃOS,SP,ORLÂNDIA-SP,2025-10,2.1200,2.0986,1.02,AMARELO,,Nao,Nao
837,CEREAIS_GRAOS,SOJA - EM GRÃOS,SP,ORLÂNDIA-SP,2025-11,2.1500,2.0986,2.45,AMARELO,,Nao,Nao
837,CEREAIS_GRAOS,SOJA - EM GRÃOS,SP,ORLÂNDIA-SP,2025-12,2.1800,2.0986,3.88,AMARELO,,Nao,Nao
837,CEREAIS_GRAOS,SOJA - EM GRÃOS,SP,ARAÇATUBA-SP,2025-06,2.0200,2.0214,-0.07,AMARELO,,Nao,Nao
837,CEREAIS_GRAOS,SOJA - EM GRÃOS,SP,ARAÇATUBA-SP,2025-07,2.0100,2.0214,-0.56,AMARELO,,Nao,Nao
837,CEREAIS_GRAOS,SOJA - EM GRÃOS,SP,ARAÇATUBA-SP,2025-08,2.0400,2.0214,0.92,AMARELO,,Nao,Nao
837,CEREAIS_GRAOS,SOJA - EM GRÃOS,SP,ARAÇATUBA-SP,2025-09,2.0500,2.0214,1.41,AMARELO,,Nao,Nao
837,CEREAIS_GRAOS,SOJA - EM GRÃOS,SP,ARAÇATUBA-SP,2025-10,2.0300,2.0214,0.43,AMARELO,,Nao,Nao
837,CEREAIS_GRAOS,SOJA - EM GRÃOS,SP,ARAÇATUBA-SP,2025-11,2.0000,2.0214,-1.06,AMARELO,,Nao,Nao
837,CEREAIS_GRAOS,SOJA - EM GRÃOS,SP,ARAÇATUBA-SP,2025-12,2.0000,2.0214,-1.06,AMARELO,,Nao,Nao
2579,PESCADOS,Sororoca,SP,,2026-07,14.5000,14.5000,0.00,AMARELO,,Nao,Nao
1071,PESCADOS,Tainha,SP,,2026-06,5.8200,5.8200,0.00,AMARELO,,Nao,Nao
1071,PESCADOS,Tainha,SP,,2026-07,5.1500,5.1500,0.00,AMARELO,,Nao,Nao
1068,FRUTAS,Tâmara Seca Importada,SP,,2026-06,26.5000,26.5000,0.00,AMARELO,,Nao,Nao
1068,FRUTAS,Tâmara Seca Importada,SP,,2026-07,30.3150,30.3150,0.00,AMARELO,,Nao,Nao
998,PESCADOS,Tambaqui,SP,,2026-06,14.5000,14.5000,0.00,AMARELO,,Nao,Nao
1001,FRUTAS,Tangerina Cravo,SP,,2026-06,2.1467,2.1467,0.00,AMARELO,,Nao,Nao
1001,FRUTAS,Tangerina Cravo,SP,,2026-07,2.2000,2.2000,0.00,AMARELO,,Nao,Nao
1181,FRUTAS,Tangerina Decopom,SP,,2026-07,8.1633,8.1633,0.00,AMARELO,,Nao,Nao
1181,FRUTAS,Tangerina Decopom,SP,,2026-06,8.2867,8.2867,0.00,AMARELO,,Nao,Nao
963,FRUTAS,Tangerina Importada,SP,,2026-07,6.5000,6.5000,0.00,AMARELO,,Nao,Nao
963,FRUTAS,Tangerina Importada,SP,,2026-06,5.5000,5.5000,0.00,AMARELO,,Nao,Nao
1060,FRUTAS,Tangerina Murcote,SP,,2026-07,2.8833,2.8833,0.00,AMARELO,,Nao,Nao
1060,FRUTAS,Tangerina Murcote,SP,,2026-06,2.2533,2.2533,0.00,AMARELO,,Nao,Nao
947,FRUTAS,Tangerina Ole,SP,,2026-07,2.0600,2.0600,0.00,AMARELO,,Nao,Nao
947,FRUTAS,Tangerina Ole,SP,,2026-06,2.6933,2.6933,0.00,AMARELO,,Nao,Nao
949,FRUTAS,Tangerina Poncã,SP,,2026-06,1.8500,1.8500,0.00,AMARELO,,Nao,Nao
949,FRUTAS,Tangerina Poncã,SP,,2026-07,1.9567,1.9567,0.00,AMARELO,,Nao,Nao
1125,PESCADOS,Tilapia,SP,,2026-06,12.3600,12.3600,0.00,AMARELO,,Nao,Nao
1125,PESCADOS,Tilapia,SP,,2026-07,12.5600,12.5600,0.00,AMARELO,,Nao,Nao
759,LEGUMES,TOMATE - NÃO INFORMADO,SP,SÃO PAULO-SP,2026-02,8.5000,9.5856,-11.33,AMARELO,,Sim,Nao
759,LEGUMES,TOMATE - NÃO INFORMADO,SP,,2025-06,3.9000,3.4671,12.49,AMARELO,,Nao,Nao
759,LEGUMES,TOMATE - NÃO INFORMADO,SP,,2025-07,3.3300,3.4671,-3.95,AMARELO,,Nao,Nao
759,LEGUMES,TOMATE - NÃO INFORMADO,SP,SÃO PAULO-SP,2026-01,9.0500,9.5856,-5.59,AMARELO,,Sim,Nao
759,LEGUMES,TOMATE - NÃO INFORMADO,SP,SÃO PAULO-SP,2025-10,9.0900,9.5856,-5.17,AMARELO,,Sim,Nao
759,LEGUMES,TOMATE - NÃO INFORMADO,SP,SÃO PAULO-SP,2025-09,8.8800,9.5856,-7.36,AMARELO,,Sim,Nao
759,LEGUMES,TOMATE - NÃO INFORMADO,SP,SÃO PAULO-SP,2026-03,10.2500,9.5856,6.93,AMARELO,,Sim,Nao
759,LEGUMES,TOMATE - NÃO INFORMADO,SP,RIBEIRÃO BRANCO-SP,2025-09,2.2200,2.5257,-12.10,AMARELO,,Nao,Nao
759,LEGUMES,TOMATE - NÃO INFORMADO,SP,RIBEIRÃO BRANCO-SP,2025-08,2.3000,2.5257,-8.94,AMARELO,,Nao,Nao
971,LEGUMES,Tomate Caqui,SP,,2026-05,94.0210,94.1199,-0.11,AMARELO,,Nao,Nao
971,LEGUMES,Tomate Caqui,SP,,2026-04,94.0210,94.1199,-0.11,AMARELO,,Nao,Nao
971,LEGUMES,Tomate Caqui,SP,,2026-03,94.0210,94.1199,-0.11,AMARELO,,Nao,Nao
971,LEGUMES,Tomate Caqui,SP,,2026-02,94.0210,94.1199,-0.11,AMARELO,,Nao,Nao
971,LEGUMES,Tomate Caqui,SP,,2026-01,94.0210,94.1199,-0.11,AMARELO,,Nao,Nao
971,LEGUMES,Tomate Caqui,SP,,2025-12,94.0210,94.1199,-0.11,AMARELO,,Nao,Nao
971,LEGUMES,Tomate Caqui,SP,,2025-11,94.0210,94.1199,-0.11,AMARELO,,Nao,Nao
971,LEGUMES,Tomate Caqui,SP,,2025-10,94.0210,94.1199,-0.11,AMARELO,,Nao,Nao
971,LEGUMES,Tomate Caqui,SP,,2025-09,94.0210,94.1199,-0.11,AMARELO,,Nao,Nao
971,LEGUMES,Tomate Caqui,SP,,2025-08,94.0210,94.1199,-0.11,AMARELO,,Nao,Nao
971,LEGUMES,Tomate Caqui,SP,,2025-07,94.0210,94.1199,-0.11,AMARELO,,Nao,Nao
971,LEGUMES,Tomate Caqui,SP,,2025-06,94.0210,94.1199,-0.11,AMARELO,,Nao,Nao
971,LEGUMES,Tomate Caqui,SP,,2025-05,94.0210,94.1199,-0.11,AMARELO,,Nao,Nao
971,LEGUMES,Tomate Caqui,SP,,2025-04,94.0210,94.1199,-0.11,AMARELO,,Nao,Nao
971,LEGUMES,Tomate Caqui,SP,,2025-03,95.2075,94.1199,1.16,AMARELO,,Nao,Nao
971,LEGUMES,Tomate Caqui,SP,,2025-02,94.0210,94.1199,-0.11,AMARELO,,Nao,Nao
971,LEGUMES,Tomate Caqui,SP,,2025-01,94.0210,94.1199,-0.11,AMARELO,,Nao,Nao
992,LEGUMES,Tomate Carmem,SP,,2026-06,4.0900,4.0900,0.00,AMARELO,,Nao,Nao
996,LEGUMES,Tomate Debora,SP,,2026-06,3.7767,3.7767,0.00,AMARELO,,Nao,Nao
1190,LEGUMES,Tomate Holandês,SP,,2026-07,10.9267,10.9267,0.00,AMARELO,,Nao,Nao
1190,LEGUMES,Tomate Holandês,SP,,2026-06,12.7267,12.7267,0.00,AMARELO,,Nao,Nao
1126,LEGUMES,Tomate Italiano - Pizzadoro,SP,,2025-09,97.5000,97.5000,0.00,AMARELO,,Nao,Nao
1126,LEGUMES,Tomate Italiano - Pizzadoro,SP,,2025-01,97.5000,97.5000,0.00,AMARELO,,Nao,Nao
1126,LEGUMES,Tomate Italiano - Pizzadoro,SP,,2026-02,97.5000,97.5000,0.00,AMARELO,,Nao,Nao
1126,LEGUMES,Tomate Italiano - Pizzadoro,SP,,2026-01,97.5000,97.5000,0.00,AMARELO,,Nao,Nao
1126,LEGUMES,Tomate Italiano - Pizzadoro,SP,,2025-03,97.5000,97.5000,0.00,AMARELO,,Nao,Nao
1126,LEGUMES,Tomate Italiano - Pizzadoro,SP,,2025-04,97.5000,97.5000,0.00,AMARELO,,Nao,Nao
1126,LEGUMES,Tomate Italiano - Pizzadoro,SP,,2025-05,97.5000,97.5000,0.00,AMARELO,,Nao,Nao
1126,LEGUMES,Tomate Italiano - Pizzadoro,SP,,2025-06,97.5000,97.5000,0.00,AMARELO,,Nao,Nao
1126,LEGUMES,Tomate Italiano - Pizzadoro,SP,,2025-07,97.5000,97.5000,0.00,AMARELO,,Nao,Nao
1126,LEGUMES,Tomate Italiano - Pizzadoro,SP,,2025-08,97.5000,97.5000,0.00,AMARELO,,Nao,Nao
1126,LEGUMES,Tomate Italiano - Pizzadoro,SP,,2026-05,97.5000,97.5000,0.00,AMARELO,,Nao,Nao
1126,LEGUMES,Tomate Italiano - Pizzadoro,SP,,2026-04,97.5000,97.5000,0.00,AMARELO,,Nao,Nao
1126,LEGUMES,Tomate Italiano - Pizzadoro,SP,,2026-03,97.5000,97.5000,0.00,AMARELO,,Nao,Nao
1126,LEGUMES,Tomate Italiano - Pizzadoro,SP,,2025-10,97.5000,97.5000,0.00,AMARELO,,Nao,Nao
1126,LEGUMES,Tomate Italiano - Pizzadoro,SP,,2025-11,97.5000,97.5000,0.00,AMARELO,,Nao,Nao
1126,LEGUMES,Tomate Italiano - Pizzadoro,SP,,2025-02,97.5000,97.5000,0.00,AMARELO,,Nao,Nao
1126,LEGUMES,Tomate Italiano - Pizzadoro,SP,,2025-12,97.5000,97.5000,0.00,AMARELO,,Nao,Nao
1147,LEGUMES,Tomate Rasteiro,SP,,2026-07,3.3267,3.3267,0.00,AMARELO,,Nao,Nao
1147,LEGUMES,Tomate Rasteiro,SP,,2026-06,4.7667,4.7667,0.00,AMARELO,,Nao,Nao
1218,LEGUMES,Tomate Sweet Grape,SP,,2026-06,7.6500,7.6500,0.00,AMARELO,,Nao,Nao
1218,LEGUMES,Tomate Sweet Grape,SP,,2026-07,7.3700,7.3700,0.00,AMARELO,,Nao,Nao
939,VERDURAS,Tomilho,SP,,2026-07,6.5500,6.5500,0.00,AMARELO,,Nao,Nao
939,VERDURAS,Tomilho,SP,,2026-06,6.3400,6.3400,0.00,AMARELO,,Nao,Nao
931,PESCADOS,Traira,SP,,2026-06,10.5200,10.5200,0.00,AMARELO,,Nao,Nao
885,CEREAIS_GRAOS,"TRIGO - MELHORADOR, PH 78, T",SP,,2025-11,1.0800,1.2057,-10.43,AMARELO,,Nao,Nao
885,CEREAIS_GRAOS,"TRIGO - MELHORADOR, PH 78, T",SP,,2025-12,1.0900,1.2057,-9.60,AMARELO,,Nao,Nao
885,CEREAIS_GRAOS,"TRIGO - MELHORADOR, PH 78, T",SP,,2026-01,1.0700,1.2057,-11.25,AMARELO,,Nao,Nao
885,CEREAIS_GRAOS,"TRIGO - MELHORADOR, PH 78, T",SP,,2026-02,1.0500,1.2057,-12.91,AMARELO,,Nao,Nao
885,CEREAIS_GRAOS,"TRIGO - MELHORADOR, PH 78, T",SP,,2026-03,1.0500,1.2057,-12.91,AMARELO,,Nao,Nao
885,CEREAIS_GRAOS,"TRIGO - MELHORADOR, PH 78, T",SP,ITAPEVA-SP,2025-06,1.3800,1.2057,14.46,AMARELO,,Nao,Nao
885,CEREAIS_GRAOS,"TRIGO - MELHORADOR, PH 78, T",SP,ITAPEVA-SP,2025-08,1.2700,1.2057,5.33,AMARELO,,Nao,Nao
885,CEREAIS_GRAOS,"TRIGO - MELHORADOR, PH 78, T",SP,ITAPEVA-SP,2025-09,1.2200,1.2057,1.19,AMARELO,,Nao,Nao
885,CEREAIS_GRAOS,"TRIGO - MELHORADOR, PH 78, T",SP,ITAPEVA-SP,2025-10,1.0800,1.2057,-10.43,AMARELO,,Nao,Nao
885,CEREAIS_GRAOS,"TRIGO - MELHORADOR, PH 78, T",SP,ITAPEVA-SP,2025-11,1.0800,1.2057,-10.43,AMARELO,,Nao,Nao
885,CEREAIS_GRAOS,"TRIGO - MELHORADOR, PH 78, T",SP,ITAPEVA-SP,2025-12,1.0900,1.2057,-9.60,AMARELO,,Nao,Nao
885,CEREAIS_GRAOS,"TRIGO - MELHORADOR, PH 78, T",SP,,2026-04,1.0700,1.2057,-11.25,AMARELO,,Nao,Nao
885,CEREAIS_GRAOS,"TRIGO - MELHORADOR, PH 78, T",SP,,2025-06,1.3800,1.2057,14.46,AMARELO,,Nao,Nao
885,CEREAIS_GRAOS,"TRIGO - MELHORADOR, PH 78, T",SP,,2025-07,1.3200,1.2057,9.48,AMARELO,,Nao,Nao
885,CEREAIS_GRAOS,"TRIGO - MELHORADOR, PH 78, T",SP,,2025-08,1.2700,1.2057,5.33,AMARELO,,Nao,Nao
885,CEREAIS_GRAOS,"TRIGO - MELHORADOR, PH 78, T",SP,,2025-09,1.2200,1.2057,1.19,AMARELO,,Nao,Nao
885,CEREAIS_GRAOS,"TRIGO - MELHORADOR, PH 78, T",SP,,2025-10,1.0800,1.2057,-10.43,AMARELO,,Nao,Nao
885,CEREAIS_GRAOS,"TRIGO - MELHORADOR, PH 78, T",SP,ITAPEVA-SP,2025-07,1.3200,1.2057,9.48,AMARELO,,Nao,Nao
1149,PESCADOS,Trilha,SP,,2026-06,5.9300,5.9300,0.00,AMARELO,,Nao,Nao
1149,PESCADOS,Trilha,SP,,2026-07,10.7300,10.7300,0.00,AMARELO,,Nao,Nao
1133,PESCADOS,Truta,SP,,2026-07,38.4400,38.4400,0.00,AMARELO,,Nao,Nao
1133,PESCADOS,Truta,SP,,2026-06,37.9000,37.9000,0.00,AMARELO,,Nao,Nao
2506,LEGUMES,Ume,SP,,2026-07,26.0000,26.0000,0.00,AMARELO,,Nao,Nao
788,FRUTAS,UVA - INDÚSTRIA NIÁGARA,SP,CAMPINAS-SP,2025-06,6.5200,5.7567,13.26,AMARELO,,Sim,Nao
788,FRUTAS,UVA - INDÚSTRIA NIÁGARA,SP,CAMPINAS-SP,2025-07,5.8900,5.7567,2.32,AMARELO,,Sim,Nao
788,FRUTAS,UVA - INDÚSTRIA NIÁGARA,SP,JALES-SP,2025-07,6.1300,7.0333,-12.84,AMARELO,,Nao,Nao
788,FRUTAS,UVA - INDÚSTRIA NIÁGARA,SP,JALES-SP,2025-09,6.5000,7.0333,-7.58,AMARELO,,Nao,Nao
788,FRUTAS,UVA - INDÚSTRIA NIÁGARA,SP,JALES-SP,2025-10,7.4800,7.0333,6.35,AMARELO,,Nao,Nao
788,FRUTAS,UVA - INDÚSTRIA NIÁGARA,SP,,2025-06,6.5300,7.2471,-9.89,AMARELO,,Nao,Nao
788,FRUTAS,UVA - INDÚSTRIA NIÁGARA,SP,,2025-09,6.5000,7.2471,-10.31,AMARELO,,Nao,Nao
788,FRUTAS,UVA - INDÚSTRIA NIÁGARA,SP,,2025-10,7.4800,7.2471,3.21,AMARELO,,Nao,Nao
788,FRUTAS,UVA - INDÚSTRIA NIÁGARA,SP,,2025-11,8.2100,7.2471,13.29,AMARELO,,Nao,Nao
788,FRUTAS,UVA - INDÚSTRIA NIÁGARA,SP,PORTO FELIZ-SP,2025-06,6.5400,7.5150,-12.97,AMARELO,,Sim,Nao
997,FRUTAS,Uva Arra 15,SP,,2026-02,44.8700,39.1279,14.68,AMARELO,,Sim,Nao
997,FRUTAS,Uva Arra 15,SP,,2026-05,44.8700,39.1279,14.68,AMARELO,,Sim,Nao
997,FRUTAS,Uva Arra 15,SP,,2026-04,44.8700,39.1279,14.68,AMARELO,,Sim,Nao
997,FRUTAS,Uva Arra 15,SP,,2026-03,44.8700,39.1279,14.68,AMARELO,,Sim,Nao
997,FRUTAS,Uva Arra 15,SP,,2026-01,44.8700,39.1279,14.68,AMARELO,,Sim,Nao
997,FRUTAS,Uva Arra 15,SP,,2025-12,44.8700,39.1279,14.68,AMARELO,,Sim,Nao
997,FRUTAS,Uva Arra 15,SP,,2025-11,44.8700,39.1279,14.68,AMARELO,,Sim,Nao
997,FRUTAS,Uva Arra 15,SP,,2025-10,44.8700,39.1279,14.68,AMARELO,,Sim,Nao
997,FRUTAS,Uva Arra 15,SP,,2025-09,44.8700,39.1279,14.68,AMARELO,,Sim,Nao
1088,FRUTAS,Uva Benitaka,SP,,2026-07,9.0650,9.0650,0.00,AMARELO,,Nao,Nao
1088,FRUTAS,Uva Benitaka,SP,,2026-06,9.8350,9.8350,0.00,AMARELO,,Nao,Nao
1203,FRUTAS,Uva Brasil,SP,,2026-06,10.0000,10.0000,0.00,AMARELO,,Nao,Nao
1817,FRUTAS,Uva Centenial,SP,,2026-06,17.2067,17.2067,0.00,AMARELO,,Nao,Nao
1115,FRUTAS,Uva Crimson Importada,SP,,2026-06,16.0000,16.0000,0.00,AMARELO,,Nao,Nao
2495,FRUTAS,Uva Isabel,SP,,2026-06,17.2067,17.2067,0.00,AMARELO,,Nao,Nao
1105,FRUTAS,Uva Isis,SP,,2026-06,10.0000,10.0000,0.00,AMARELO,,Nao,Nao
1105,FRUTAS,Uva Isis,SP,,2026-07,13.3900,13.3900,0.00,AMARELO,,Nao,Nao
1162,FRUTAS,Uva Italia,SP,,2026-06,17.2067,17.2067,0.00,AMARELO,,Nao,Nao
1162,FRUTAS,Uva Italia,SP,,2026-07,15.0760,15.0760,0.00,AMARELO,,Nao,Nao
1093,FRUTAS,Uva Melodia,SP,,2026-06,17.2067,17.2067,0.00,AMARELO,,Nao,Nao
1093,FRUTAS,Uva Melodia,SP,,2026-07,10.6300,10.6300,0.00,AMARELO,,Nao,Nao
1202,FRUTAS,Uva Niagara,SP,,2026-06,9.6100,9.6100,0.00,AMARELO,,Nao,Nao
1202,FRUTAS,Uva Niagara,SP,,2026-07,15.0760,15.0760,0.00,AMARELO,,Nao,Nao
2497,FRUTAS,Uva Passa Importada,SP,,2026-07,13.5100,13.5100,0.00,AMARELO,,Nao,Nao
1186,FRUTAS,Uva Red Globe,SP,,2026-07,24.3400,24.3400,0.00,AMARELO,,Nao,Nao
1186,FRUTAS,Uva Red Globe,SP,,2026-06,18.3950,18.3950,0.00,AMARELO,,Nao,Nao
2499,FRUTAS,Uva Rubi,SP,,2026-06,17.2067,17.2067,0.00,AMARELO,,Nao,Nao
2499,FRUTAS,Uva Rubi,SP,,2026-07,17.5033,17.5033,0.00,AMARELO,,Nao,Nao
959,FRUTAS,Uva Thompson,SP,,2026-07,16.1875,16.1875,0.00,AMARELO,,Nao,Nao
959,FRUTAS,Uva Thompson,SP,,2026-06,15.7000,15.7000,0.00,AMARELO,,Nao,Nao
1073,FRUTAS,Uva Vitoria,SP,,2026-06,10.5550,10.5550,0.00,AMARELO,,Nao,Nao
1073,FRUTAS,Uva Vitoria,SP,,2026-07,9.9950,9.9950,0.00,AMARELO,,Nao,Nao
1183,LEGUMES,Vagem Macarrão,SP,,2026-07,7.3860,7.3860,0.00,AMARELO,,Nao,Nao
1183,LEGUMES,Vagem Macarrão,SP,,2026-06,8.7100,8.7100,0.00,AMARELO,,Nao,Nao
1166,PESCADOS,Xaréu,SP,,2026-06,9.9000,9.9000,0.00,AMARELO,,Nao,Nao
944,FRUTAS,Abacaxi Havai,SP,,2026-06,4.5800,10.0827,-54.58,VERDE,,Nao,Nao
787,CEREAIS_GRAOS,ARROZ - LONGO FINO TIPO 1 58,SP,,2026-01,1.0900,1.2943,-15.78,VERDE,,Nao,Nao
787,CEREAIS_GRAOS,ARROZ - LONGO FINO TIPO 1 58,SP,GUARATINGUETÁ-SP,2025-12,1.1000,1.2943,-15.01,VERDE,,Nao,Nao
787,CEREAIS_GRAOS,ARROZ - LONGO FINO TIPO 1 58,SP,,2025-12,1.1000,1.2943,-15.01,VERDE,,Nao,Nao
787,CEREAIS_GRAOS,ARROZ - LONGO FINO TIPO 1 58,SP,,2026-02,1.0800,1.2943,-16.56,VERDE,,Nao,Nao
902,CEREAIS_GRAOS,ARROZ - LONGO FINO TIPO 1 BE,SP,SÃO PAULO-SP,2025-11,3.5700,4.2414,-15.83,VERDE,,Nao,Nao
902,CEREAIS_GRAOS,ARROZ - LONGO FINO TIPO 1 BE,SP,,2025-11,3.5700,4.4229,-19.28,VERDE,,Nao,Nao
902,CEREAIS_GRAOS,ARROZ - LONGO FINO TIPO 1 BE,SP,,2025-10,3.7500,4.4229,-15.21,VERDE,,Nao,Nao
794,FRUTAS,BANANA - NANICA,SP,SÃO PAULO-SP,2026-05,0.5500,0.9800,-43.88,VERDE,,Sim,Nao
794,FRUTAS,BANANA - NANICA,SP,,2026-05,0.5500,0.9800,-43.88,VERDE,,Sim,Nao
866,FRUTAS,BANANA - PRATA,SP,,2025-09,1.0500,2.3000,-54.35,VERDE,,Nao,Nao
866,FRUTAS,BANANA - PRATA,SP,,2025-12,1.0800,2.3000,-53.04,VERDE,,Nao,Nao
866,FRUTAS,BANANA - PRATA,SP,,2026-01,1.1000,2.3000,-52.17,VERDE,,Nao,Nao
866,FRUTAS,BANANA - PRATA,SP,,2026-03,1.0500,2.3000,-54.35,VERDE,,Nao,Nao
866,FRUTAS,BANANA - PRATA,SP,,2026-04,1.0700,2.3000,-53.48,VERDE,,Nao,Nao
866,FRUTAS,BANANA - PRATA,SP,REGISTRO-SP,2025-11,2.6000,3.0643,-15.15,VERDE,,Nao,Nao
1002,FRUTAS,Banana Prata MG,SP,,2026-06,6.0000,36.2800,-83.46,VERDE,,Nao,Nao
976,FRUTAS,Banana Prata SP,SP,,2026-06,4.2400,23.0220,-81.58,VERDE,,Nao,Nao
845,LEGUMES,BATATA-DOCE - NÃO INFORMADO,SP,,2025-08,0.1800,0.2786,-35.39,VERDE,,Nao,Nao
845,LEGUMES,BATATA-DOCE - NÃO INFORMADO,SP,,2025-07,0.1200,0.2786,-56.93,VERDE,,Nao,Nao
845,LEGUMES,BATATA-DOCE - NÃO INFORMADO,SP,,2025-06,0.1500,0.2786,-46.16,VERDE,,Nao,Nao
845,LEGUMES,BATATA-DOCE - NÃO INFORMADO,SP,ANHUMAS-SP,2025-07,0.1200,0.2786,-56.93,VERDE,,Nao,Nao
845,LEGUMES,BATATA-DOCE - NÃO INFORMADO,SP,ANHUMAS-SP,2025-08,0.1800,0.2786,-35.39,VERDE,,Nao,Nao
845,LEGUMES,BATATA-DOCE - NÃO INFORMADO,SP,ANHUMAS-SP,2025-06,0.1500,0.2786,-46.16,VERDE,,Nao,Nao
846,LEGUMES,BATATA - NÃO INFORMADO,SP,,2025-09,5.4500,6.6267,-17.76,VERDE,,Sim,Nao
846,LEGUMES,BATATA - NÃO INFORMADO,SP,SÃO PAULO-SP,2025-09,5.4500,6.6267,-17.76,VERDE,,Sim,Nao
1152,LEGUMES,Batata Doce Amarela,SP,,2026-06,2.1417,55.1353,-96.12,VERDE,,Nao,Nao
1079,LEGUMES,Batata Doce Roxa,SP,,2026-06,2.3467,94.3750,-97.51,VERDE,,Nao,Nao
932,ALIMENTO_VAREJO,Batata Lavada,SP,,2026-06,4.3386,22.0944,-80.36,VERDE,,Nao,Nao
895,ALIMENTO_VAREJO,"CAFE - ARÁBICA TIPO 6, BEBI",SP,,2025-07,30.1400,35.6557,-15.47,VERDE,,Nao,Nao
895,ALIMENTO_VAREJO,"CAFE - ARÁBICA TIPO 6, BEBI",SP,ESPÍRITO SANTO DO PINHAL-SP,2025-07,30.2800,36.8500,-17.83,VERDE,,Nao,Nao
881,ALIMENTO_VAREJO,CEBOLA - AMARELA,SP,PIEDADE-SP,2025-10,0.5600,0.9414,-40.51,VERDE,,Nao,Nao
881,ALIMENTO_VAREJO,CEBOLA - AMARELA,SP,,2025-09,0.3800,0.9414,-59.63,VERDE,,Nao,Nao
881,ALIMENTO_VAREJO,CEBOLA - AMARELA,SP,PIEDADE-SP,2025-09,0.3800,0.9414,-59.63,VERDE,,Nao,Nao
881,ALIMENTO_VAREJO,CEBOLA - AMARELA,SP,,2025-10,0.5600,0.9414,-40.51,VERDE,,Nao,Nao
881,ALIMENTO_VAREJO,CEBOLA - AMARELA,SP,,2025-11,0.7400,0.9414,-21.39,VERDE,,Nao,Nao
881,ALIMENTO_VAREJO,CEBOLA - AMARELA,SP,PIEDADE-SP,2025-08,0.6800,0.9414,-27.77,VERDE,,Nao,Nao
881,ALIMENTO_VAREJO,CEBOLA - AMARELA,SP,,2025-08,0.6800,0.9414,-27.77,VERDE,,Nao,Nao
881,ALIMENTO_VAREJO,CEBOLA - AMARELA,SP,PIEDADE-SP,2025-11,0.7400,0.9414,-21.39,VERDE,,Nao,Nao
1118,ALIMENTO_VAREJO,Cebola Roxa,SP,,2026-06,5.0000,94.3750,-94.70,VERDE,,Nao,Nao
817,CEREAIS_GRAOS,FARINHA DE MANDIOCA - CRUA FINA,SP,PRESIDENTE PRUDENTE-SP,2025-07,2.1200,2.6129,-18.86,VERDE,,Nao,Nao
817,CEREAIS_GRAOS,FARINHA DE MANDIOCA - CRUA FINA,SP,CÂNDIDO MOTA-SP,2025-08,1.9500,2.2943,-15.01,VERDE,,Nao,Nao
840,CEREAIS_GRAOS,FARINHA DE MANDIOCA - TORRADA,SP,PRESIDENTE PRUDENTE-SP,2025-08,2.4300,2.8771,-15.54,VERDE,,Nao,Nao
840,CEREAIS_GRAOS,FARINHA DE MANDIOCA - TORRADA,SP,,2025-07,2.2400,2.6957,-16.90,VERDE,,Nao,Nao
840,CEREAIS_GRAOS,FARINHA DE MANDIOCA - TORRADA,SP,PRESIDENTE PRUDENTE-SP,2025-07,2.2800,2.8771,-20.75,VERDE,,Nao,Nao
857,CEREAIS_GRAOS,FARINHA DE TRIGO - SEM FERMENTO,SP,,2025-09,3.4300,4.5657,-24.87,VERDE,,Nao,Nao
857,CEREAIS_GRAOS,FARINHA DE TRIGO - SEM FERMENTO,SP,SÃO PAULO-SP,2025-12,3.5600,4.2157,-15.55,VERDE,,Nao,Nao
857,CEREAIS_GRAOS,FARINHA DE TRIGO - SEM FERMENTO,SP,SÃO PAULO-SP,2025-10,3.4700,4.2157,-17.69,VERDE,,Nao,Nao
768,ALIMENTO_VAREJO,FEIJAO - COMUM CORES TIPO 1,SP,SÃO PAULO-SP,2025-08,5.4000,6.4557,-16.35,VERDE,,Nao,Nao
835,FRUTAS,LARANJA - INDÚSTRIA PERA,SP,SANTA SALETE-SP,2025-09,1.0800,1.2714,-15.05,VERDE,,Nao,Nao
835,FRUTAS,LARANJA - INDÚSTRIA PERA,SP,MOJI MIRIM-SP,2025-12,0.8800,1.0414,-15.50,VERDE,,Nao,Nao
835,FRUTAS,LARANJA - INDÚSTRIA PERA,SP,,2026-04,0.7600,1.1243,-32.40,VERDE,,Nao,Nao
835,FRUTAS,LARANJA - INDÚSTRIA PERA,SP,,2026-03,0.8000,1.1243,-28.84,VERDE,,Nao,Nao
835,FRUTAS,LARANJA - INDÚSTRIA PERA,SP,,2026-02,0.7400,1.1243,-34.18,VERDE,,Nao,Nao
835,FRUTAS,LARANJA - INDÚSTRIA PERA,SP,,2026-01,0.8300,1.1243,-26.18,VERDE,,Nao,Nao
835,FRUTAS,LARANJA - INDÚSTRIA PERA,SP,,2025-12,0.9300,1.1243,-17.28,VERDE,,Nao,Nao
835,FRUTAS,LARANJA - INDÚSTRIA PERA,SP,BEBEDOURO-SP,2025-12,0.8600,1.1386,-24.47,VERDE,,Nao,Nao
835,FRUTAS,LARANJA - INDÚSTRIA PERA,SP,ITÁPOLIS-SP,2025-12,0.7400,1.0871,-31.93,VERDE,,Nao,Nao
865,PROTEINAS,LEITE DE VACA - IN NATURA,SP,,2025-12,1.9900,2.3457,-15.16,VERDE,,Nao,Nao
865,PROTEINAS,LEITE DE VACA - IN NATURA,SP,,2026-01,1.9500,2.3457,-16.87,VERDE,,Nao,Nao
865,PROTEINAS,LEITE DE VACA - IN NATURA,SP,,2026-02,1.9600,2.3457,-16.44,VERDE,,Nao,Nao
865,PROTEINAS,LEITE DE VACA - IN NATURA,SP,PINDAMONHANGABA-SP,2025-12,1.8500,2.2386,-17.36,VERDE,,Nao,Nao
865,PROTEINAS,LEITE DE VACA - IN NATURA,SP,CACHOEIRA PAULISTA-SP,2025-12,1.7500,2.1857,-19.93,VERDE,,Nao,Nao
786,PROTEINAS,LEITE DE VACA - LONGA VIDA INTEGRAL,SP,,2025-12,4.4500,5.5343,-19.59,VERDE,,Nao,Nao
1025,FRUTAS,Maçã Fuji,SP,,2026-06,5.4500,73.5000,-92.59,VERDE,,Nao,Nao
1215,FRUTAS,Maça Fuji Importada,SP,,2026-06,9.5400,104.3400,-90.86,VERDE,,Nao,Nao
1132,FRUTAS,Maçã Gala,SP,,2026-06,9.7825,77.4167,-87.36,VERDE,,Nao,Nao
1195,FRUTAS,Maça Gala Importada,SP,,2026-06,57.5250,105.5100,-45.48,VERDE,,Nao,Nao
1018,FRUTAS,Mamão Formosa,SP,,2026-06,4.1500,11.9960,-65.41,VERDE,,Nao,Nao
1032,FRUTAS,Mamão Havaí,SP,,2026-06,4.1300,11.9136,-65.33,VERDE,,Nao,Nao
751,PROTEINAS,OVOS DE GALINHA - GRANDE BRANCO,SP,,2026-03,0.4200,0.5286,-20.54,VERDE,,Nao,Nao
751,PROTEINAS,OVOS DE GALINHA - GRANDE BRANCO,SP,,2026-02,0.4100,0.5286,-22.44,VERDE,,Nao,Nao
751,PROTEINAS,OVOS DE GALINHA - GRANDE BRANCO,SP,,2026-01,0.3100,0.5286,-41.35,VERDE,,Nao,Nao
751,PROTEINAS,OVOS DE GALINHA - GRANDE BRANCO,SP,,2025-10,0.3900,0.5286,-26.22,VERDE,,Nao,Nao
751,PROTEINAS,OVOS DE GALINHA - GRANDE BRANCO,SP,,2025-08,0.4200,0.5286,-20.54,VERDE,,Nao,Nao
751,PROTEINAS,OVOS DE GALINHA - GRANDE BRANCO,SP,TUPÃ-SP,2025-12,0.3300,0.3929,-16.01,VERDE,,Nao,Nao
751,PROTEINAS,OVOS DE GALINHA - GRANDE BRANCO,SP,,2026-04,0.4400,0.5286,-16.76,VERDE,,Nao,Nao
864,ALIMENTO_VAREJO,PAO - FRANCÊS,SP,SÃO PAULO-SP,2025-07,14.6500,17.5486,-16.52,VERDE,,Nao,Nao
864,ALIMENTO_VAREJO,PAO - FRANCÊS,SP,,2025-07,14.6500,17.5486,-16.52,VERDE,,Nao,Nao
1176,PESCADOS,Pescada Amarela,SP,,2026-06,36.0500,44.0551,-18.17,VERDE,,Sim,Nao
759,LEGUMES,TOMATE - NÃO INFORMADO,SP,,2026-02,1.9900,3.4671,-42.60,VERDE,,Nao,Nao
759,LEGUMES,TOMATE - NÃO INFORMADO,SP,,2025-12,1.5000,3.4671,-56.74,VERDE,,Nao,Nao
759,LEGUMES,TOMATE - NÃO INFORMADO,SP,,2025-10,2.9100,3.4671,-16.07,VERDE,,Nao,Nao
759,LEGUMES,TOMATE - NÃO INFORMADO,SP,SÃO PAULO-SP,2025-11,8.1100,9.5856,-15.39,VERDE,,Sim,Nao
759,LEGUMES,TOMATE - NÃO INFORMADO,SP,SÃO PAULO-SP,2025-12,7.6600,9.5856,-20.09,VERDE,,Sim,Nao
759,LEGUMES,TOMATE - NÃO INFORMADO,SP,,2025-09,2.2200,3.4671,-35.97,VERDE,,Nao,Nao
759,LEGUMES,TOMATE - NÃO INFORMADO,SP,RIBEIRÃO BRANCO-SP,2025-11,1.5200,2.5257,-39.82,VERDE,,Nao,Nao
759,LEGUMES,TOMATE - NÃO INFORMADO,SP,RIBEIRÃO BRANCO-SP,2025-12,1.5000,2.5257,-40.61,VERDE,,Nao,Nao
759,LEGUMES,TOMATE - NÃO INFORMADO,SP,,2025-08,2.3000,3.4671,-33.66,VERDE,,Nao,Nao
971,LEGUMES,Tomate Caqui,SP,,2026-06,7.2211,94.1199,-92.33,VERDE,,Nao,Nao
1126,LEGUMES,Tomate Italiano - Pizzadoro,SP,,2026-06,4.7467,97.5000,-95.13,VERDE,,Nao,Nao
788,FRUTAS,UVA - INDÚSTRIA NIÁGARA,SP,,2025-07,6.1200,7.2471,-15.55,VERDE,,Nao,Nao
788,FRUTAS,UVA - INDÚSTRIA NIÁGARA,SP,PORTO FELIZ-SP,2025-08,5.9000,7.5150,-21.49,VERDE,,Sim,Nao
788,FRUTAS,UVA - INDÚSTRIA NIÁGARA,SP,JALES-SP,2025-08,5.6300,7.0333,-19.95,VERDE,,Nao,Nao
788,FRUTAS,UVA - INDÚSTRIA NIÁGARA,SP,PORTO FELIZ-SP,2025-07,6.3700,7.5150,-15.24,VERDE,,Sim,Nao
788,FRUTAS,UVA - INDÚSTRIA NIÁGARA,SP,CAMPINAS-SP,2025-08,4.8600,5.7567,-15.58,VERDE,,Sim,Nao
788,FRUTAS,UVA - INDÚSTRIA NIÁGARA,SP,,2025-08,5.3900,7.2471,-25.63,VERDE,,Nao,Nao
997,FRUTAS,Uva Arra 15,SP,,2026-06,12.9960,39.1279,-66.79,VERDE,,Sim,Nao
997,FRUTAS,Uva Arra 15,SP,,2026-07,13.5812,39.1279,-65.29,VERDE,,Sim,Nao
944,FRUTAS,Abacaxi Havai,SP,,2025-04,11.9136,10.0827,18.16,VERMELHO,,Nao,Nao
944,FRUTAS,Abacaxi Havai,SP,,2025-05,11.9136,10.0827,18.16,VERMELHO,,Nao,Nao
944,FRUTAS,Abacaxi Havai,SP,,2025-06,11.9136,10.0827,18.16,VERMELHO,,Nao,Nao
787,CEREAIS_GRAOS,ARROZ - LONGO FINO TIPO 1 58,SP,GUARATINGUETÁ-SP,2025-08,1.5000,1.2943,15.89,VERMELHO,,Nao,Nao
787,CEREAIS_GRAOS,ARROZ - LONGO FINO TIPO 1 58,SP,,2025-08,1.5000,1.2943,15.89,VERMELHO,,Nao,Nao
902,CEREAIS_GRAOS,ARROZ - LONGO FINO TIPO 1 BE,SP,SÃO PAULO-SP,2025-06,5.2000,4.2414,22.60,VERMELHO,,Nao,Nao
866,FRUTAS,BANANA - PRATA,SP,,2025-07,2.9600,2.3000,28.70,VERMELHO,,Nao,Nao
866,FRUTAS,BANANA - PRATA,SP,,2025-08,2.9900,2.3000,30.00,VERMELHO,,Nao,Nao
866,FRUTAS,BANANA - PRATA,SP,,2025-10,2.7800,2.3000,20.87,VERMELHO,,Nao,Nao
866,FRUTAS,BANANA - PRATA,SP,,2026-02,3.9800,2.3000,73.04,VERMELHO,,Nao,Nao
866,FRUTAS,BANANA - PRATA,SP,REGISTRO-SP,2025-12,4.2800,3.0643,39.67,VERMELHO,,Nao,Nao
845,LEGUMES,BATATA-DOCE - NÃO INFORMADO,SP,ANHUMAS-SP,2025-11,0.4000,0.2786,43.58,VERMELHO,,Nao,Nao
845,LEGUMES,BATATA-DOCE - NÃO INFORMADO,SP,ANHUMAS-SP,2025-10,0.4900,0.2786,75.88,VERMELHO,,Nao,Nao
845,LEGUMES,BATATA-DOCE - NÃO INFORMADO,SP,,2026-04,0.3400,0.2786,22.04,VERMELHO,,Nao,Nao
845,LEGUMES,BATATA-DOCE - NÃO INFORMADO,SP,,2026-03,0.4900,0.2786,75.88,VERMELHO,,Nao,Nao
845,LEGUMES,BATATA-DOCE - NÃO INFORMADO,SP,,2026-02,0.4300,0.2786,54.34,VERMELHO,,Nao,Nao
845,LEGUMES,BATATA-DOCE - NÃO INFORMADO,SP,,2026-01,0.3500,0.2786,25.63,VERMELHO,,Nao,Nao
845,LEGUMES,BATATA-DOCE - NÃO INFORMADO,SP,,2025-11,0.4000,0.2786,43.58,VERMELHO,,Nao,Nao
845,LEGUMES,BATATA-DOCE - NÃO INFORMADO,SP,,2025-10,0.4900,0.2786,75.88,VERMELHO,,Nao,Nao
846,LEGUMES,BATATA - NÃO INFORMADO,SP,,2026-05,9.9700,6.6267,50.45,VERMELHO,,Sim,Nao
846,LEGUMES,BATATA - NÃO INFORMADO,SP,SÃO PAULO-SP,2026-05,9.9700,6.6267,50.45,VERMELHO,,Sim,Nao
1140,ALIMENTO_VAREJO,Batata Asterix,SP,,2026-06,5.6000,4.0000,40.00,VERMELHO,,Nao,Nao
881,ALIMENTO_VAREJO,CEBOLA - AMARELA,SP,,2026-01,1.5000,0.9414,59.34,VERMELHO,,Nao,Nao
881,ALIMENTO_VAREJO,CEBOLA - AMARELA,SP,,2026-04,2.2800,0.9414,142.19,VERMELHO,,Nao,Nao
881,ALIMENTO_VAREJO,CEBOLA - AMARELA,SP,,2026-03,1.7100,0.9414,81.64,VERMELHO,,Nao,Nao
881,ALIMENTO_VAREJO,CEBOLA - AMARELA,SP,,2025-06,1.9000,0.9414,101.83,VERMELHO,,Nao,Nao
881,ALIMENTO_VAREJO,CEBOLA - AMARELA,SP,,2026-02,1.8700,0.9414,98.64,VERMELHO,,Nao,Nao
881,ALIMENTO_VAREJO,CEBOLA - AMARELA,SP,,2025-12,1.3000,0.9414,38.09,VERMELHO,,Nao,Nao
881,ALIMENTO_VAREJO,CEBOLA - AMARELA,SP,PIEDADE-SP,2025-12,1.3000,0.9414,38.09,VERMELHO,,Nao,Nao
881,ALIMENTO_VAREJO,CEBOLA - AMARELA,SP,PIEDADE-SP,2025-06,1.9000,0.9414,101.83,VERMELHO,,Nao,Nao
857,CEREAIS_GRAOS,FARINHA DE TRIGO - SEM FERMENTO,SP,SÃO PAULO-SP,2025-07,5.0300,4.2157,19.32,VERMELHO,,Nao,Nao
822,ALIMENTO_VAREJO,FEIJAO - COMUM CORES,SP,,2026-04,5.1400,3.8614,33.11,VERMELHO,,Nao,Nao
822,ALIMENTO_VAREJO,FEIJAO - COMUM CORES,SP,,2026-03,5.3200,3.8614,37.77,VERMELHO,,Nao,Nao
822,ALIMENTO_VAREJO,FEIJAO - COMUM CORES,SP,,2026-02,4.9500,3.8614,28.19,VERMELHO,,Nao,Nao
768,ALIMENTO_VAREJO,FEIJAO - COMUM CORES TIPO 1,SP,,2025-12,6.9100,5.9629,15.88,VERMELHO,,Nao,Nao
768,ALIMENTO_VAREJO,FEIJAO - COMUM CORES TIPO 1,SP,,2026-01,6.8800,5.9629,15.38,VERMELHO,,Nao,Nao
768,ALIMENTO_VAREJO,FEIJAO - COMUM CORES TIPO 1,SP,,2026-02,7.3600,5.9629,23.43,VERMELHO,,Nao,Nao
768,ALIMENTO_VAREJO,FEIJAO - COMUM CORES TIPO 1,SP,,2026-03,8.5300,5.9629,43.05,VERMELHO,,Nao,Nao
768,ALIMENTO_VAREJO,FEIJAO - COMUM CORES TIPO 1,SP,,2026-04,8.8400,5.9629,48.25,VERMELHO,,Nao,Nao
768,ALIMENTO_VAREJO,FEIJAO - COMUM CORES TIPO 1,SP,SÃO PAULO-SP,2026-03,8.5300,6.4557,32.13,VERMELHO,,Nao,Nao
768,ALIMENTO_VAREJO,FEIJAO - COMUM CORES TIPO 1,SP,SÃO PAULO-SP,2026-04,8.8400,6.4557,36.93,VERMELHO,,Nao,Nao
835,FRUTAS,LARANJA - INDÚSTRIA PERA,SP,BEBEDOURO-SP,2025-06,1.4000,1.1386,22.96,VERMELHO,,Nao,Nao
835,FRUTAS,LARANJA - INDÚSTRIA PERA,SP,MOJI MIRIM-SP,2025-11,1.2300,1.0414,18.11,VERMELHO,,Nao,Nao
835,FRUTAS,LARANJA - INDÚSTRIA PERA,SP,SANTA SALETE-SP,2025-06,1.5600,1.2714,22.70,VERMELHO,,Nao,Nao
786,PROTEINAS,LEITE DE VACA - LONGA VIDA INTEGRAL,SP,,2026-04,7.1000,5.5343,28.29,VERMELHO,,Nao,Nao
786,PROTEINAS,LEITE DE VACA - LONGA VIDA INTEGRAL,SP,,2026-03,6.4900,5.5343,17.27,VERMELHO,,Nao,Nao
786,PROTEINAS,LEITE DE VACA - LONGA VIDA INTEGRAL,SP,,2025-11,6.5900,5.5343,19.08,VERMELHO,,Nao,Nao
786,PROTEINAS,LEITE DE VACA - LONGA VIDA INTEGRAL,SP,,2025-10,6.7900,5.5343,22.69,VERMELHO,,Nao,Nao
786,PROTEINAS,LEITE DE VACA - LONGA VIDA INTEGRAL,SP,SÃO PAULO-SP,2026-04,7.1000,6.0529,17.30,VERMELHO,,Nao,Nao
1175,FRUTAS,Manga Palmer,SP,,2026-06,7.2200,3.2433,122.61,VERMELHO,,Nao,Nao
1109,FRUTAS,Manga Tommy,SP,,2026-06,8.0825,5.8500,38.16,VERMELHO,,Nao,Nao
1038,FRUTAS,Melancia,SP,,2026-06,1.9800,1.5875,24.72,VERMELHO,,Nao,Nao
867,LEGUMES,MILHO - EM GRÃOS,SP,PRESIDENTE PRUDENTE-SP,2025-12,1.1900,1.0214,16.51,VERMELHO,,Nao,Nao
1095,ALIMENTO_VAREJO,Ovo Vermelho,SP,,2026-06,210.1800,90.0000,133.53,VERMELHO,,Nao,Nao
751,PROTEINAS,OVOS DE GALINHA - GRANDE BRANCO,SP,,2025-11,0.6100,0.5286,15.40,VERMELHO,,Nao,Nao
751,PROTEINAS,OVOS DE GALINHA - GRANDE BRANCO,SP,,2025-09,0.6300,0.5286,19.18,VERMELHO,,Nao,Nao
751,PROTEINAS,OVOS DE GALINHA - GRANDE BRANCO,SP,,2025-07,0.6200,0.5286,17.29,VERMELHO,,Nao,Nao
1176,PESCADOS,Pescada Amarela,SP,,2025-07,55.1353,44.0551,25.15,VERMELHO,,Sim,Nao
1176,PESCADOS,Pescada Amarela,SP,,2025-08,55.1353,44.0551,25.15,VERMELHO,,Sim,Nao
759,LEGUMES,TOMATE - NÃO INFORMADO,SP,RIBEIRÃO BRANCO-SP,2025-10,2.9100,2.5257,15.22,VERMELHO,,Nao,Nao
759,LEGUMES,TOMATE - NÃO INFORMADO,SP,RIBEIRÃO BRANCO-SP,2025-07,3.3300,2.5257,31.84,VERMELHO,,Nao,Nao
759,LEGUMES,TOMATE - NÃO INFORMADO,SP,RIBEIRÃO BRANCO-SP,2025-06,3.9000,2.5257,54.41,VERMELHO,,Nao,Nao
759,LEGUMES,TOMATE - NÃO INFORMADO,SP,SÃO PAULO-SP,2026-04,11.1800,9.5856,16.63,VERMELHO,,Sim,Nao
759,LEGUMES,TOMATE - NÃO INFORMADO,SP,SÃO PAULO-SP,2026-05,13.5500,9.5856,41.36,VERMELHO,,Sim,Nao
759,LEGUMES,TOMATE - NÃO INFORMADO,SP,,2026-04,11.1800,3.4671,222.46,VERMELHO,,Nao,Nao
759,LEGUMES,TOMATE - NÃO INFORMADO,SP,,2026-03,4.0900,3.4671,17.97,VERMELHO,,Nao,Nao
759,LEGUMES,TOMATE - NÃO INFORMADO,SP,,2025-11,8.1100,3.4671,133.91,VERMELHO,,Nao,Nao
759,LEGUMES,TOMATE - NÃO INFORMADO,SP,,2026-01,9.0500,3.4671,161.03,VERMELHO,,Nao,Nao
788,FRUTAS,UVA - INDÚSTRIA NIÁGARA,SP,JALES-SP,2025-11,8.2100,7.0333,16.73,VERMELHO,,Nao,Nao
788,FRUTAS,UVA - INDÚSTRIA NIÁGARA,SP,JALES-SP,2025-12,8.2500,7.0333,17.30,VERMELHO,,Nao,Nao
788,FRUTAS,UVA - INDÚSTRIA NIÁGARA,SP,,2025-12,10.5000,7.2471,44.89,VERMELHO,,Nao,Nao
788,FRUTAS,UVA - INDÚSTRIA NIÁGARA,SP,PORTO FELIZ-SP,2025-12,11.2500,7.5150,49.70,VERMELHO,,Sim,Nao
768,ALIMENTO_VAREJO,FEIJAO - COMUM CORES TIPO 1,SP,SÃO PAULO-SP,2026-05,9.3800,6.4557,45.30,VERMELHO,ESTAVEL,Nao,Nao
822,ALIMENTO_VAREJO,FEIJAO - COMUM CORES,SP,,2026-05,6.6700,3.8614,72.74,VERMELHO,QUEDA,Nao,Nao
881,ALIMENTO_VAREJO,CEBOLA - AMARELA,SP,,2026-05,3.9400,0.9414,318.53,VERMELHO,ALTA,Nao,Nao
1126,LEGUMES,Tomate Italiano - Pizzadoro,SP,,2026-07,54.3700,97.5000,-44.24,VERDE,ALTA,Nao,Nao
971,LEGUMES,Tomate Caqui,SP,,2026-07,51.2716,94.1199,-45.53,VERDE,ALTA,Nao,Nao
751,PROTEINAS,OVOS DE GALINHA - GRANDE BRANCO,SP,,2026-05,0.4200,0.5286,-20.54,VERDE,QUEDA,Nao,Nao
1032,FRUTAS,Mamão Havaí,SP,,2026-07,9.8067,11.9136,-17.68,VERDE,ALTA,Nao,Nao
1018,FRUTAS,Mamão Formosa,SP,,2026-07,9.9843,11.9960,-16.77,VERDE,ALTA,Nao,Nao
1195,FRUTAS,Maça Gala Importada,SP,,2026-07,56.6950,105.5100,-46.27,VERDE,ESTAVEL,Nao,Nao
1132,FRUTAS,Maçã Gala,SP,,2026-07,40.4215,77.4167,-47.79,VERDE,ALTA,Nao,Nao
1025,FRUTAS,Maçã Fuji,SP,,2026-07,57.0475,73.5000,-22.38,VERDE,ALTA,Nao,Nao
835,FRUTAS,LARANJA - INDÚSTRIA PERA,SP,,2026-05,0.7400,1.1243,-34.18,VERDE,QUEDA,Nao,Nao
1118,ALIMENTO_VAREJO,Cebola Roxa,SP,,2026-07,40.6660,94.3750,-56.91,VERDE,ALTA,Nao,Nao
932,ALIMENTO_VAREJO,Batata Lavada,SP,,2026-07,17.1717,22.0944,-22.28,VERDE,ALTA,Nao,Nao
1079,LEGUMES,Batata Doce Roxa,SP,,2026-07,2.5833,94.3750,-97.26,VERDE,ALTA,Nao,Nao
1152,LEGUMES,Batata Doce Amarela,SP,,2026-07,40.0195,55.1353,-27.42,VERDE,ALTA,Nao,Nao
976,FRUTAS,Banana Prata SP,SP,,2026-07,4.1900,23.0220,-81.80,VERDE,ESTAVEL,Nao,Nao
1002,FRUTAS,Banana Prata MG,SP,,2026-07,21.9878,36.2800,-39.39,VERDE,ALTA,Nao,Nao
866,FRUTAS,BANANA - PRATA,SP,,2026-05,0.9000,2.3000,-60.87,VERDE,QUEDA,Nao,Nao
944,FRUTAS,Abacaxi Havai,SP,,2026-07,6.0440,10.0827,-40.06,VERDE,ESTAVEL,Nao,Nao
885,CEREAIS_GRAOS,"TRIGO - MELHORADOR, PH 78, T",SP,,2026-05,1.1200,1.2057,-7.11,AMARELO,QUEDA,Nao,Nao
837,CEREAIS_GRAOS,SOJA - EM GRÃOS,SP,,2026-05,1.9100,2.0586,-7.22,AMARELO,ESTAVEL,Nao,Nao
1059,VERDURAS,Salsa,SP,,2026-07,61.3422,71.9444,-14.74,AMARELO,QUEDA,Nao,Nao
864,ALIMENTO_VAREJO,PAO - FRANCÊS,SP,SÃO PAULO-SP,2026-05,19.7800,17.5486,12.72,AMARELO,ALTA,Nao,Nao
864,ALIMENTO_VAREJO,PAO - FRANCÊS,SP,,2026-05,19.7800,17.5486,12.72,AMARELO,ALTA,Nao,Nao
792,ALIMENTO_VAREJO,OLEO DE SOJA - REFINADO,SP,SÃO PAULO-SP,2026-05,8.9700,8.7800,2.16,AMARELO,ALTA,Nao,Nao
792,ALIMENTO_VAREJO,OLEO DE SOJA - REFINADO,SP,,2026-05,8.9700,8.7571,2.43,AMARELO,ALTA,Nao,Nao
865,PROTEINAS,LEITE DE VACA - IN NATURA,SP,,2026-05,2.4100,2.3457,2.74,AMARELO,QUEDA,Nao,Nao
912,PROTEINAS,FRANGO - VIVO,SP,,2026-05,5.3300,5.8514,-8.91,AMARELO,ESTAVEL,Nao,Nao
840,CEREAIS_GRAOS,FARINHA DE MANDIOCA - TORRADA,SP,,2026-05,2.7000,2.6957,0.16,AMARELO,ALTA,Nao,Nao
817,CEREAIS_GRAOS,FARINHA DE MANDIOCA - CRUA FINA,SP,,2026-05,2.3800,2.4529,-2.97,AMARELO,ALTA,Nao,Nao
769,ALIMENTO_VAREJO,CAFE - MOÍDO E TORRADO,SP,,2026-05,62.6800,65.9171,-4.91,AMARELO,ESTAVEL,Nao,Nao
769,ALIMENTO_VAREJO,CAFE - MOÍDO E TORRADO,SP,SÃO PAULO-SP,2026-05,62.6800,64.5886,-2.96,AMARELO,ALTA,Nao,Nao
1140,ALIMENTO_VAREJO,Batata Asterix,SP,,2026-07,3.8983,4.0000,-2.54,AMARELO,ALTA,Nao,Nao
845,LEGUMES,BATATA-DOCE - NÃO INFORMADO,SP,,2026-05,0.2800,0.2786,0.50,AMARELO,ALTA,Nao,Nao
902,CEREAIS_GRAOS,ARROZ - LONGO FINO TIPO 1 BE,SP,SÃO PAULO-SP,2026-05,4.4600,4.2414,5.15,AMARELO,ESTAVEL,Nao,Nao
902,CEREAIS_GRAOS,ARROZ - LONGO FINO TIPO 1 BE,SP,,2026-05,4.4600,4.4229,0.84,AMARELO,ESTAVEL,Nao,Nao
786,PROTEINAS,LEITE DE VACA - LONGA VIDA INTEGRAL,SP,,2026-05,7.1000,5.5343,28.29,VERMELHO,QUEDA,Nao,Nao
787,CEREAIS_GRAOS,ARROZ - LONGO FINO TIPO 1 58,SP,,2026-05,1.3300,1.2943,2.76,AMARELO,QUEDA,Nao,Nao
786,PROTEINAS,LEITE DE VACA - LONGA VIDA INTEGRAL,SP,SÃO PAULO-SP,2026-05,7.1000,6.0529,17.30,VERMELHO,QUEDA,Nao,Nao
1109,FRUTAS,Manga Tommy,SP,,2026-07,7.2486,5.8500,23.91,VERMELHO,QUEDA,Nao,Nao
1095,ALIMENTO_VAREJO,Ovo Vermelho,SP,,2026-07,201.7100,90.0000,124.12,VERMELHO,QUEDA,Nao,Nao
759,LEGUMES,TOMATE - NÃO INFORMADO,SP,,2026-05,13.5500,3.4671,290.82,VERMELHO,QUEDA,Nao,Nao
